audit_id,item_id,model,bench,material,steps,crops,verdict,selected,phase
F00001,mme_realworld_19526,GLM,mme_realworld,text,4,3,KEEP,True,V2
F00002,mme_realworld_18953,Grok,mme_realworld,text,3,2,WEAK,False,V2
F00003,mme_realworld_12887,Luna,mme_realworld,natural,4,3,KEEP,True,V2
F00004,mme_realworld_14512,Grok,mme_realworld,text,4,3,KEEP,True,V2
F00005,mme_realworld_20821,Grok,mme_realworld,natural,3,2,WEAK,False,V2
F00006,worldbench_0572,GLM,worldbench,natural,3,2,WEAK,False,V2
F00007,worldbench_0957,GLM,worldbench,count,5,4,WEAK,False,V2
F00008,mmmu_pro_std_test_History_124,GLM,mmmu_pro,academic,3,2,WEAK,False,V2
F00009,mme_realworld_15294,Sol 5.6,mme_realworld,text,3,2,KEEP,True,V2
F00010,visreason_c10_138,GLM,visreason,visual_puzzle,5,4,WEAK,False,V2
F00011,mme_realworld_20855,Grok,mme_realworld,natural,3,2,KEEP,True,V2
F00012,mme_realworld_21827,Sol 5.6,mme_realworld,count,3,2,KEEP,True,V2
F00013,mmmu_pro_std_test_Psychology_233,Grok,mmmu_pro,academic,3,2,KEEP,True,V2
F00014,worldbench_1261,Grok,worldbench,natural,3,2,KEEP,True,V2
F00015,mme_realworld_08361,Grok,mme_realworld,chart_table,3,2,KEEP,True,V2
F00016,worldbench_1539,GLM,worldbench,count,4,3,WEAK,False,V2
F00017,mme_realworld_20790,Gemini,mme_realworld,natural,3,2,KEEP,True,V2
F00018,mme_realworld_05172,Luna,mme_realworld,chart_table,3,2,KEEP,True,V2
F00019,mmmu_pro_std_validation_Music_6,Grok,mmmu_pro,academic,3,2,KEEP,True,V2
F00020,mme_realworld_13154,GLM,mme_realworld,natural,9,8,UNRESOLVED,False,V2
F00021,worldbench_0537,GLM,worldbench,natural,3,2,KEEP,True,V2
F00022,visreason_c10_26,Grok,visreason,visual_puzzle,3,2,WEAK,False,V2
F00023,mme_realworld_11185,Sol 5.6,mme_realworld,natural,4,3,KEEP,True,V2
F00024,mme_realworld_21166,Sol 5.6,mme_realworld,count,5,4,KEEP,True,V2
F00025,mme_realworld_07578,Grok,mme_realworld,chart_table,3,2,KEEP,True,V2
F00026,worldbench_0282,Sol 5.6,worldbench,natural,3,2,UNRESOLVED,False,V2
F00027,mme_realworld_20432,Grok,mme_realworld,natural,3,2,WEAK,False,V2
F00028,mme_realworld_04049,Sol 5.6,mme_realworld,natural,4,3,KEEP,True,V2
F00029,mme_realworld_05415,Grok,mme_realworld,chart_table,4,3,KEEP,True,V2
F00030,mme_realworld_19974,Grok,mme_realworld,natural,3,2,KEEP,True,V2
F00031,mme_realworld_20866,Grok,mme_realworld,natural,3,2,WEAK,False,V2
F00032,worldbench_0077,Gemini,worldbench,natural,3,2,KEEP,True,V2
F00033,mme_realworld_22330,Grok,mme_realworld,count,3,2,WEAK,False,V2
F00034,mmmu_pro_std_test_Pharmacy_211,Grok,mmmu_pro,academic,3,2,WEAK,False,V2
F00035,mme_realworld_17722,GLM,mme_realworld,text,3,2,WEAK,False,V2
F00036,mme_realworld_21958,Sol 5.6,mme_realworld,count,3,2,WEAK,False,V2
F00037,mme_realworld_20845,Grok,mme_realworld,natural,7,6,KEEP,True,V2
F00038,worldbench_1071,GLM,worldbench,natural,3,2,KEEP,True,V2
F00039,worldbench_0649,Grok,worldbench,natural,4,3,KEEP,True,V2
F00040,worldbench_0488,Grok,worldbench,natural,3,2,KEEP,True,V2
F00041,mme_realworld_16129,Grok,mme_realworld,text,3,2,KEEP,True,V2
F00042,mme_realworld_21458,Sol 5.6,mme_realworld,count,5,4,WEAK,False,V2
F00043,mme_realworld_10077,Grok,mme_realworld,chart_table,3,2,KEEP,True,V2
F00044,worldbench_0995,Grok,worldbench,natural,6,5,WEAK,False,V2
F00045,mme_realworld_06024,Grok,mme_realworld,chart_table,3,2,KEEP,True,V2
F00046,visreason_c9_8_13,GLM,visreason,visual_puzzle,4,3,KEEP,True,V2
F00047,mme_realworld_05793,Grok,mme_realworld,chart_table,3,2,KEEP,True,V2
F00048,worldbench_1524,GLM,worldbench,count,7,6,WEAK,False,V2
F00049,worldbench_0573,GLM,worldbench,natural,6,5,UNRESOLVED,False,V2
F00050,mme_realworld_14903,Grok,mme_realworld,text,3,2,WEAK,False,V2
F00051,mmmu_pro_std_validation_Clinical_Medicine_5,Sol 5.6,mmmu_pro,academic,3,2,KEEP,True,V2
F00052,mme_realworld_20911,Grok,mme_realworld,natural,4,3,WEAK,False,V2
F00053,mme_realworld_21028,Gemini,mme_realworld,natural,3,2,KEEP,True,V2
F00054,mme_realworld_06123,Grok,mme_realworld,chart_table,3,2,KEEP,True,V2
F00055,mme_realworld_00999,GLM,mme_realworld,natural,7,6,WEAK,False,V2
F00056,mmmu_pro_std_validation_Pharmacy_30,Grok,mmmu_pro,academic,3,2,KEEP,True,V2
F00057,visreason_c10_61,Grok,visreason,visual_puzzle,5,4,WEAK,False,V2
F00058,mme_realworld_06406,Grok,mme_realworld,chart_table,3,2,KEEP,True,V2
F00059,mme_realworld_11508,GLM,mme_realworld,natural,5,4,KEEP,True,V2
F00060,mme_realworld_20851,Grok,mme_realworld,natural,3,2,KEEP,True,V2
F00061,mme_realworld_03038,Sol 5.6,mme_realworld,count,3,2,WEAK,False,V2
F00062,mme_realworld_02578,GLM,mme_realworld,count,4,3,KEEP,True,V2
F00063,mme_realworld_00362,Grok,mme_realworld,natural,3,2,KEEP,True,V2
F00064,worldbench_0582,GLM,worldbench,count,3,2,WEAK,False,V2
F00065,worldbench_1983,Grok,worldbench,natural,3,2,WEAK,False,V2
F00066,mme_realworld_22203,Gemini,mme_realworld,count,3,2,WEAK,False,V2
F00067,mme_realworld_12784,Grok,mme_realworld,natural,3,2,KEEP,True,V2
F00068,mme_realworld_14981,Grok,mme_realworld,text,3,2,KEEP,True,V2
F00069,worldbench_1101,GLM,worldbench,natural,3,2,KEEP,True,V2
F00070,mme_realworld_11150,Grok,mme_realworld,natural,3,2,KEEP,True,V2
F00071,worldbench_0138,Sol 5.6,worldbench,natural,4,3,KEEP,True,V2
F00072,worldbench_0545,GLM,worldbench,natural,6,5,UNRESOLVED,False,V2
F00073,visreason_c1_3_5,Grok,visreason,visual_puzzle,7,6,WEAK,False,V2
F00074,mme_realworld_22138,Sol 5.6,mme_realworld,count,4,3,KEEP,True,V2
F00075,worldbench_1133,Sol 5.6,worldbench,natural,3,2,KEEP,True,V2
F00076,mme_realworld_09785,Luna,mme_realworld,chart_table,5,4,WEAK,False,V2
F00077,visreason_c4_33,GLM,visreason,visual_puzzle,3,2,BAD,False,V2
F00078,mme_realworld_02953,GLM,mme_realworld,count,4,3,UNRESOLVED,False,V2
F00079,mmmu_pro_std_test_Electronics_188,Grok,mmmu_pro,academic,3,2,KEEP,True,V2
F00080,mme_realworld_21943,Luna,mme_realworld,count,3,2,KEEP,True,V2
F00081,worldbench_1925,Grok,worldbench,natural,4,3,KEEP,True,V2
F00082,visreason_c10_356,GLM,visreason,visual_puzzle,3,2,KEEP,True,V2
F00083,visreason_c10_10_8,GLM,visreason,visual_puzzle,6,5,UNRESOLVED,False,V2
F00084,mme_realworld_19899,GLM,mme_realworld,natural,3,2,KEEP,True,V2
F00085,mme_realworld_lite_22249,Grok,mme_realworld,count,9,8,WEAK,False,V2
F00086,mme_realworld_04164,Sol 5.6,mme_realworld,natural,3,2,KEEP,True,V2
F00087,mme_realworld_lite_14140,Grok,mme_realworld,text,3,2,KEEP,True,V2
F00088,mme_realworld_10698,Grok,mme_realworld,chart_table,3,2,KEEP,True,V2
F00089,mme_realworld_12488,Grok,mme_realworld,natural,4,3,WEAK,False,V2
F00090,mme_realworld_19478,Grok,mme_realworld,text,3,2,KEEP,True,V2
F00091,mme_realworld_05717,Grok,mme_realworld,chart_table,3,2,KEEP,True,V2
F00092,mme_realworld_00054,GLM,mme_realworld,natural,4,3,KEEP,True,V2
F00093,mme_realworld_09631,GLM,mme_realworld,chart_table,3,2,KEEP,True,V2
F00094,worldbench_0287,Grok,worldbench,natural,3,2,KEEP,True,V2
F00095,mme_realworld_18877,Grok,mme_realworld,text,3,2,KEEP,True,V2
F00096,mme_realworld_23376,Sol 5.6,mme_realworld,natural,3,2,KEEP,True,V2
F00097,mme_realworld_09945,Luna,mme_realworld,chart_table,3,2,KEEP,True,V2
F00098,mme_realworld_10206,GLM,mme_realworld,chart_table,3,2,KEEP,True,V2
F00099,mmmu_pro_std_test_Agriculture_169,Grok,mmmu_pro,academic,3,2,WEAK,False,V2
F00100,mme_realworld_20779,Sol 5.6,mme_realworld,natural,3,2,KEEP,True,V2
F00101,mme_realworld_18594,GLM,mme_realworld,text,3,2,KEEP,True,V2
F00102,worldbench_0059,Grok,worldbench,natural,4,3,KEEP,True,V2
F00103,mme_realworld_23530,Sol 5.6,mme_realworld,natural,3,2,KEEP,True,V2
F00104,worldbench_1402,Grok,worldbench,natural,3,2,KEEP,True,V2
F00105,mme_realworld_09317,Luna,mme_realworld,chart_table,3,2,KEEP,True,V2
F00106,mme_realworld_20946,Grok,mme_realworld,natural,3,2,KEEP,True,V2
F00107,mme_realworld_16094,Grok,mme_realworld,text,3,2,KEEP,True,V2
F00108,mme_realworld_07026,GLM,mme_realworld,chart_table,3,2,KEEP,True,V2
F00109,mme_realworld_19744,GLM,mme_realworld,text,4,3,WEAK,False,V2
F00110,mme_realworld_05718,GLM,mme_realworld,chart_table,3,2,KEEP,True,V2
F00111,mme_realworld_20964,Sol 5.6,mme_realworld,natural,3,2,KEEP,True,V2
F00112,worldbench_0419,Grok,worldbench,natural,3,2,KEEP,True,V2
F00113,mme_realworld_20515,Grok,mme_realworld,natural,3,2,KEEP,True,V2
F00114,worldbench_0740,Grok,worldbench,natural,5,4,WEAK,False,V2
F00115,visreason_c4_110,Sol 5.6,visreason,visual_puzzle,3,2,KEEP,True,V2
F00116,vs_142,Grok,vstar,natural,6,5,WEAK,False,V2
F00117,visreason_c8_75,Gemini,visreason,visual_puzzle,3,2,WEAK,False,V2
F00118,mme_realworld_07934,Luna,mme_realworld,chart_table,3,2,WEAK,False,V2
F00119,mmmu_pro_std_test_Diagnostics_and_Laboratory_Medicine_5,Grok,mmmu_pro,academic,3,2,UNRESOLVED,False,V2
F00120,mme_realworld_01936,GLM,mme_realworld,natural,4,3,WEAK,False,V2
F00121,mme_realworld_20409,Gemini,mme_realworld,natural,3,2,KEEP,True,V2
F00122,mme_realworld_11046,GLM,mme_realworld,natural,5,4,UNRESOLVED,False,V2
F00123,worldbench_0321,Grok,worldbench,natural,3,2,KEEP,True,V2
F00124,mme_realworld_17863,Grok,mme_realworld,text,3,2,KEEP,True,V2
F00125,mme_realworld_02840,Luna,mme_realworld,count,4,3,KEEP,True,V2
F00126,mme_realworld_19887,Luna,mme_realworld,natural,3,2,WEAK,False,V2
F00127,mme_realworld_08093,Grok,mme_realworld,chart_table,4,3,KEEP,True,V2
F00128,visreason_c9_277,GLM,visreason,visual_puzzle,5,4,WEAK,False,V2
F00129,mme_realworld_03364,GLM,mme_realworld,natural,4,3,KEEP,True,V2
F00130,visreason_c9_6_1,Sol 5.6,visreason,visual_puzzle,3,2,KEEP,True,V2
F00131,worldbench_0881,Grok,worldbench,natural,3,2,KEEP,True,V2
F00132,mme_realworld_16558,Grok,mme_realworld,count,3,2,KEEP,True,V2
F00133,vs_184,Grok,vstar,natural,3,2,KEEP,True,V2
F00134,worldbench_0299,GLM,worldbench,natural,3,2,KEEP,True,V2
F00135,mme_realworld_09556,GLM,mme_realworld,chart_table,3,2,KEEP,True,V2
F00136,mme_realworld_14369,Grok,mme_realworld,text,3,2,KEEP,True,V2
F00137,mme_realworld_09716,Grok,mme_realworld,chart_table,3,2,KEEP,True,V2
F00138,mme_realworld_15832,Grok,mme_realworld,text,3,2,WEAK,False,V2
F00139,mme_realworld_20762,Grok,mme_realworld,natural,3,2,KEEP,True,V2
F00140,mme_realworld_08195,Grok,mme_realworld,chart_table,3,2,WEAK,False,V2
F00141,mme_realworld_lite_21891,Sol 5.6,mme_realworld,count,3,2,KEEP,True,V2
F00142,mme_realworld_13592,Grok,mme_realworld,natural,3,2,WEAK,False,V2
F00143,mme_realworld_16805,GLM,mme_realworld,text,3,2,WEAK,False,V2
F00144,mme_realworld_12556,Grok,mme_realworld,natural,4,3,KEEP,True,V2
F00145,mme_realworld_19926,Grok,mme_realworld,natural,3,2,KEEP,True,V2
F00146,worldbench_1398,Luna,worldbench,count,3,2,KEEP,True,V2
F00147,mme_realworld_22001,Sol 5.6,mme_realworld,count,3,2,KEEP,True,V2
F00148,visreason_c10_10_18,GLM,visreason,visual_puzzle,6,5,KEEP,True,V2
F00149,mme_realworld_23151,GLM,mme_realworld,natural,3,2,KEEP,True,V2
F00150,mme_realworld_19804,Grok,mme_realworld,count,5,4,KEEP,True,V2
F00151,mme_realworld_22232,Sol 5.6,mme_realworld,count,3,2,WEAK,False,V2
F00152,visreason_c10_353,Sol 5.6,visreason,visual_puzzle,3,2,KEEP,True,V2
F00153,mme_realworld_17606,Luna,mme_realworld,text,3,2,KEEP,True,V2
F00154,worldbench_0158,Grok,worldbench,count,4,3,KEEP,True,V2
F00155,mmmu_pro_std_validation_Materials_20,GLM,mmmu_pro,academic,3,2,KEEP,True,V2
F00156,mme_realworld_21149,Sol 5.6,mme_realworld,count,3,2,WEAK,False,V2
F00157,mme_realworld_21293,Sol 5.6,mme_realworld,count,3,2,KEEP,True,V2
F00158,mme_realworld_21922,Grok,mme_realworld,count,3,2,KEEP,True,V2
F00159,mme_realworld_16747,Grok,mme_realworld,text,3,2,KEEP,True,V2
F00160,mme_realworld_05982,Grok,mme_realworld,chart_table,3,2,KEEP,True,V2
F00161,mme_realworld_16850,GLM,mme_realworld,text,3,2,KEEP,True,V2
F00162,mme_realworld_04067,Sol 5.6,mme_realworld,natural,3,2,KEEP,True,V2
F00163,mme_realworld_19628,Grok,mme_realworld,count,3,2,KEEP,True,V2
F00164,mme_realworld_01958,GLM,mme_realworld,natural,4,3,UNRESOLVED,False,V2
F00165,mme_realworld_08183,Grok,mme_realworld,chart_table,3,2,KEEP,True,V2
F00166,visreason_c1_3_10,Grok,visreason,visual_puzzle,8,7,WEAK,False,V2
F00167,mme_realworld_05670,GLM,mme_realworld,chart_table,3,2,KEEP,True,V2
F00168,mme_realworld_05151,Grok,mme_realworld,chart_table,3,2,KEEP,True,V2
F00169,mme_realworld_14058,Sol 5.6,mme_realworld,text,3,2,UNRESOLVED,False,V2
F00170,mme_realworld_05110,Grok,mme_realworld,chart_table,4,3,KEEP,True,V2
F00171,mme_realworld_00964,Grok,mme_realworld,natural,4,3,WEAK,False,V2
F00172,worldbench_1758,Grok,worldbench,count,3,2,KEEP,True,V2
F00173,worldbench_0387,Gemini,worldbench,natural,3,2,KEEP,True,V2
F00174,mme_realworld_20912,Grok,mme_realworld,natural,3,2,KEEP,True,V2
F00175,worldbench_0201,Grok,worldbench,natural,3,2,KEEP,True,V2
F00176,mme_realworld_20660,GLM,mme_realworld,natural,3,2,KEEP,True,V2
F00177,worldbench_0665,Grok,worldbench,natural,3,2,KEEP,True,V2
F00178,mme_realworld_13467,Grok,mme_realworld,natural,4,3,UNRESOLVED,False,V2
F00179,worldbench_0081,Grok,worldbench,natural,3,2,KEEP,True,V2
F00180,mme_realworld_13348,Luna,mme_realworld,natural,3,2,BAD,False,V2
F00181,mme_realworld_11239,Sol 5.6,mme_realworld,natural,4,3,UNRESOLVED,False,V2
F00182,vs_044,Sol 5.6,vstar,natural,5,4,KEEP,True,V2
F00183,mme_realworld_11280,Grok,mme_realworld,natural,3,2,KEEP,True,V2
F00184,mme_realworld_13875,Luna,mme_realworld,text,3,2,WEAK,False,V2
F00185,mme_realworld_13217,Luna,mme_realworld,natural,3,2,KEEP,True,V2
F00186,mme_realworld_16952,GLM,mme_realworld,text,4,3,WEAK,False,V2
F00187,mme_realworld_02698,Luna,mme_realworld,count,3,2,UNRESOLVED,False,V2
F00188,mmmu_pro_std_validation_History_7,GLM,mmmu_pro,academic,3,2,KEEP,True,V2
F00189,worldbench_1021,GLM,worldbench,natural,3,2,KEEP,True,V2
F00190,visreason_c10_326,Sol 5.6,visreason,visual_puzzle,3,2,KEEP,True,V2
F00191,mme_realworld_13317,Grok,mme_realworld,natural,5,4,KEEP,True,V2
F00192,worldbench_0671,GLM,worldbench,count,4,3,WEAK,False,V2
F00193,mme_realworld_07262,Luna,mme_realworld,chart_table,3,2,KEEP,True,V2
F00194,mme_realworld_12393,Grok,mme_realworld,natural,7,6,WEAK,False,V2
F00195,mme_realworld_15026,Grok,mme_realworld,text,3,2,KEEP,True,V2
F00196,mme_realworld_21417,Sol 5.6,mme_realworld,count,3,2,KEEP,True,V2
F00197,worldbench_0514,Grok,worldbench,natural,4,3,WEAK,False,V2
F00198,mme_realworld_21844,Luna,mme_realworld,count,3,2,KEEP,True,V2
F00199,mme_realworld_10696,Grok,mme_realworld,chart_table,4,3,WEAK,False,V2
F00200,worldbench_1547,GLM,worldbench,count,3,2,KEEP,True,V2
F00201,worldbench_0684,GLM,worldbench,count,6,5,WEAK,False,V2
F00202,mme_realworld_18417,Grok,mme_realworld,text,3,2,WEAK,False,V2
F00203,mme_realworld_09892,Luna,mme_realworld,chart_table,3,2,KEEP,True,V2
F00204,mme_realworld_05750,Grok,mme_realworld,chart_table,3,2,KEEP,True,V2
F00205,worldbench_0259,Astra,worldbench,natural,3,2,KEEP,True,V2
F00206,mme_realworld_03308,Grok,mme_realworld,natural,4,3,KEEP,True,V2
F00207,worldbench_1651,Grok,worldbench,chart_table,3,2,WEAK,False,V2
F00208,mme_realworld_07725,Grok,mme_realworld,chart_table,3,2,KEEP,True,V2
F00209,worldbench_0212,Luna,worldbench,count,3,2,KEEP,True,V2
F00210,worldbench_1968,Grok,worldbench,count,5,4,KEEP,True,V2
F00211,mme_realworld_15129,Luna,mme_realworld,text,3,2,KEEP,True,V2
F00212,worldbench_1125,GLM,worldbench,natural,8,7,WEAK,False,V2
F00213,mme_realworld_15855,Grok,mme_realworld,text,3,2,WEAK,False,V2
F00214,mme_realworld_08548,Grok,mme_realworld,chart_table,3,2,KEEP,True,V2
F00215,mmmu_pro_std_validation_Physics_28,Grok,mmmu_pro,academic,3,2,WEAK,False,V2
F00216,mme_realworld_11637,Grok,mme_realworld,natural,4,3,WEAK,False,V2
F00217,worldbench_0184,Grok,worldbench,natural,5,4,UNRESOLVED,False,V2
F00218,mme_realworld_20598,Grok,mme_realworld,natural,3,2,WEAK,False,V2
F00219,mmmu_pro_std_validation_Biology_27,Grok,mmmu_pro,academic,4,3,KEEP,True,V2
F00220,visreason_c9_116,GLM,visreason,visual_puzzle,3,2,UNRESOLVED,False,V2
F00221,mme_realworld_21594,Sol 5.6,mme_realworld,count,4,3,KEEP,True,V2
F00222,mme_realworld_01336,GLM,mme_realworld,natural,3,2,KEEP,True,V2
F00223,vs_161,Grok,vstar,natural,3,2,KEEP,True,V2
F00224,vs_160,Grok,vstar,natural,3,2,KEEP,True,V2
F00225,mme_realworld_13662,Luna,mme_realworld,text,3,2,KEEP,True,V2
F00226,mme_realworld_12964,Grok,mme_realworld,natural,3,2,WEAK,False,V2
F00227,worldbench_0303,GLM,worldbench,natural,3,2,KEEP,True,V2
F00228,mme_realworld_17489,Luna,mme_realworld,text,3,2,WEAK,False,V2
F00229,mme_realworld_05319,Grok,mme_realworld,chart_table,3,2,KEEP,True,V2
F00230,mme_realworld_20836,Grok,mme_realworld,natural,3,2,KEEP,True,V2
F00231,mme_realworld_00908,Grok,mme_realworld,natural,4,3,KEEP,True,V2
F00232,worldbench_0134,GLM,worldbench,natural,3,2,WEAK,False,V2
F00233,mme_realworld_12971,Grok,mme_realworld,natural,3,2,KEEP,True,V2
F00234,worldbench_0579,Gemini,worldbench,count,3,2,KEEP,True,V2
F00235,worldbench_1252,GLM,worldbench,natural,4,3,WEAK,False,V2
F00236,worldbench_0203,GLM,worldbench,natural,4,3,KEEP,True,V2
F00237,mme_realworld_02985,Sol 5.6,mme_realworld,count,3,2,KEEP,True,V2
F00238,mme_realworld_11148,Grok,mme_realworld,natural,3,2,KEEP,True,V2
F00239,mme_realworld_09394,GLM,mme_realworld,chart_table,3,2,KEEP,True,V2
F00240,mme_realworld_17442,GLM,mme_realworld,text,3,2,KEEP,True,V2
F00241,mme_realworld_12489,Grok,mme_realworld,natural,3,2,KEEP,True,V2
F00242,vs_099,Luna,vstar,natural,3,2,WEAK,False,V2
F00243,mme_realworld_21985,Sol 5.6,mme_realworld,count,3,2,KEEP,True,V2
F00244,mme_realworld_04700,Gemini,mme_realworld,natural,3,2,KEEP,True,V2
F00245,mme_realworld_08293,Grok,mme_realworld,chart_table,3,2,KEEP,True,V2
F00246,mme_realworld_16449,Grok,mme_realworld,text,3,2,KEEP,True,V2
F00247,mme_realworld_lite_22193,Sol 5.6,mme_realworld,count,3,2,KEEP,True,V2
F00248,mme_realworld_20959,Grok,mme_realworld,natural,3,2,WEAK,False,V2
F00249,mme_realworld_07353,Grok,mme_realworld,chart_table,3,2,KEEP,True,V2
F00250,mme_realworld_02975,Gemini,mme_realworld,count,4,3,WEAK,False,V2
F00251,worldbench_1760,Grok,worldbench,count,3,2,KEEP,True,V2
F00252,mme_realworld_09757,Sol 5.6,mme_realworld,chart_table,3,2,KEEP,True,V2
F00253,mme_realworld_16459,Grok,mme_realworld,text,3,2,KEEP,True,V2
F00254,mme_realworld_11689,Grok,mme_realworld,natural,7,6,WEAK,False,V2
F00255,mme_realworld_09940,Grok,mme_realworld,chart_table,3,2,KEEP,True,V2
F00256,mme_realworld_02377,GLM,mme_realworld,natural,3,2,KEEP,True,V2
F00257,worldbench_0204,Grok,worldbench,natural,4,3,UNRESOLVED,False,V2
F00258,mme_realworld_21021,Grok,mme_realworld,natural,3,2,KEEP,True,V2
F00259,mme_realworld_13553,GLM,mme_realworld,natural,3,2,KEEP,True,V2
F00260,mme_realworld_07443,Grok,mme_realworld,chart_table,3,2,KEEP,True,V2
F00261,mme_realworld_21322,Gemini,mme_realworld,count,3,2,KEEP,True,V2
F00262,worldbench_0228,GLM,worldbench,count,3,2,KEEP,True,V2
F00263,visreason_c9_149,Sol 5.6,visreason,visual_puzzle,3,2,KEEP,True,V2
F00264,mme_realworld_02704,Gemini,mme_realworld,count,3,2,KEEP,True,V2
F00265,vs_036,Luna,vstar,natural,3,2,WEAK,False,V2
F00266,worldbench_1266,Grok,worldbench,natural,3,2,KEEP,True,V2
F00267,worldbench_0153,Sol 5.6,worldbench,natural,3,2,KEEP,True,V2
F00268,worldbench_0916,Gemini,worldbench,count,3,2,KEEP,True,V2
F00269,worldbench_0952,Grok,worldbench,natural,4,3,KEEP,True,V2
F00270,mme_realworld_10543,Grok,mme_realworld,chart_table,4,3,KEEP,True,V2
F00271,mme_realworld_20368,GLM,mme_realworld,natural,3,2,KEEP,True,V2
F00272,mme_realworld_09628,Grok,mme_realworld,chart_table,3,2,KEEP,True,V2
F00273,worldbench_0953,Grok,worldbench,count,5,4,WEAK,False,V2
F00274,mme_realworld_20887,Grok,mme_realworld,natural,3,2,KEEP,True,V2
F00275,worldbench_0879,Grok,worldbench,count,4,3,KEEP,True,V2
F00276,visreason_c9_289,Grok,visreason,visual_puzzle,4,3,WEAK,False,V2
F00277,mme_realworld_13324,Sol 5.6,mme_realworld,natural,5,4,KEEP,True,V2
F00278,mme_realworld_20527,Luna,mme_realworld,natural,3,2,WEAK,False,V2
F00279,worldbench_1396,Grok,worldbench,count,3,2,KEEP,True,V2
F00280,mme_realworld_02962,Gemini,mme_realworld,count,3,2,KEEP,True,V2
F00281,worldbench_1780,Grok,worldbench,academic,3,2,WEAK,False,V2
F00282,visreason_c9_159,GLM,visreason,visual_puzzle,5,4,KEEP,True,V2
F00283,mme_realworld_03086,Astra,mme_realworld,count,3,2,KEEP,True,V2
F00284,worldbench_1604,Sol 5.6,worldbench,count,4,3,KEEP,True,V2
F00285,mme_realworld_22188,Luna,mme_realworld,count,3,2,KEEP,True,V2
F00286,mme_realworld_20310,GLM,mme_realworld,natural,3,2,KEEP,True,V2
F00287,mme_realworld_18806,Grok,mme_realworld,text,4,3,WEAK,False,V2
F00288,mme_realworld_00257,GLM,mme_realworld,natural,3,2,UNRESOLVED,False,V2
F00289,mme_realworld_05350,Grok,mme_realworld,chart_table,3,2,KEEP,True,V2
F00290,mme_realworld_02153,Luna,mme_realworld,natural,3,2,WEAK,False,V2
F00291,mme_realworld_19843,Grok,mme_realworld,count,3,2,WEAK,False,V2
F00292,mme_realworld_20281,Grok,mme_realworld,natural,3,2,KEEP,True,V2
F00293,mmmu_pro_std_test_Electronics_235,Grok,mmmu_pro,academic,3,2,KEEP,True,V2
F00294,mme_realworld_09246,Grok,mme_realworld,chart_table,3,2,WEAK,False,V2
F00295,mme_realworld_09773,Grok,mme_realworld,chart_table,3,2,KEEP,True,V2
F00296,mme_realworld_09919,Grok,mme_realworld,chart_table,4,3,KEEP,True,V2
F00297,mme_realworld_11603,Grok,mme_realworld,natural,3,2,KEEP,True,V2
F00298,worldbench_0397,Sol 5.6,worldbench,count,3,2,WEAK,False,V2
F00299,mmmu_pro_std_test_Basic_Medical_Science_216,Grok,mmmu_pro,academic,3,2,UNRESOLVED,False,V2
F00300,worldbench_1253,Grok,worldbench,natural,3,2,KEEP,True,V2
F00301,worldbench_1827,Sol 5.6,worldbench,count,3,2,KEEP,True,V2
F00302,mme_realworld_05880,Grok,mme_realworld,chart_table,3,2,WEAK,False,V2
F00303,mme_realworld_19724,Grok,mme_realworld,count,3,2,KEEP,True,V2
F00304,visreason_c10_359,GLM,visreason,visual_puzzle,5,4,KEEP,True,V2
F00305,mme_realworld_14437,GLM,mme_realworld,text,3,2,KEEP,True,V2
F00306,mme_realworld_08162,Grok,mme_realworld,chart_table,3,2,KEEP,True,V2
F00307,mme_realworld_09910,GLM,mme_realworld,chart_table,3,2,KEEP,True,V2
F00308,worldbench_1440,Luna,worldbench,count,3,2,KEEP,True,V2
F00309,mme_realworld_09961,Sol 5.6,mme_realworld,chart_table,3,2,KEEP,True,V2
F00310,mme_realworld_08469,Grok,mme_realworld,chart_table,4,3,KEEP,True,V2
F00311,mme_realworld_11553,Grok,mme_realworld,natural,3,2,WEAK,False,V2
F00312,mme_realworld_21567,Gemini,mme_realworld,count,3,2,KEEP,True,V2
F00313,worldbench_1175,Grok,worldbench,natural,3,2,WEAK,False,V2
F00314,visreason_c9_273,GLM,visreason,visual_puzzle,3,2,KEEP,True,V2
F00315,worldbench_0097,Luna,worldbench,natural,3,2,KEEP,True,V2
F00316,mme_realworld_03039,Grok,mme_realworld,count,4,3,KEEP,True,V2
F00317,visreason_c9_247,Grok,visreason,visual_puzzle,3,2,WEAK,False,V2
F00318,mme_realworld_02469,Grok,mme_realworld,count,4,3,KEEP,True,V2
F00319,mme_realworld_11288,Sol 5.6,mme_realworld,natural,3,2,KEEP,True,V2
F00320,mme_realworld_07872,GLM,mme_realworld,chart_table,3,2,KEEP,True,V2
F00321,mme_realworld_22308,Grok,mme_realworld,count,8,7,WEAK,False,V2
F00322,worldbench_1025,Grok,worldbench,natural,4,3,KEEP,True,V2
F00323,mme_realworld_15406,Grok,mme_realworld,text,3,2,KEEP,True,V2
F00324,mme_realworld_00275,Sol 5.6,mme_realworld,natural,3,2,UNRESOLVED,False,V2
F00325,vs_084,Luna,vstar,natural,3,2,WEAK,False,V2
F00326,mme_realworld_19529,Grok,mme_realworld,text,4,3,KEEP,True,V2
F00327,mme_realworld_10941,Luna,mme_realworld,natural,4,3,UNRESOLVED,False,V2
F00328,worldbench_1885,Grok,worldbench,count,5,4,UNRESOLVED,False,V2
F00329,worldbench_1188,Grok,worldbench,natural,5,4,WEAK,False,V2
F00330,mme_realworld_14476,Luna,mme_realworld,text,3,2,WEAK,False,V2
F00331,worldbench_1403,Grok,worldbench,count,4,3,WEAK,False,V2
F00332,worldbench_1290,GLM,worldbench,natural,5,4,WEAK,False,V2
F00333,mme_realworld_11182,Luna,mme_realworld,natural,3,2,KEEP,True,V2
F00334,mme_realworld_02161,Grok,mme_realworld,natural,3,2,WEAK,False,V2
F00335,mme_realworld_lite_20125,Luna,mme_realworld,natural,3,2,KEEP,True,V2
F00336,mme_realworld_07385,Grok,mme_realworld,chart_table,3,2,WEAK,False,V2
F00337,mme_realworld_10268,Grok,mme_realworld,chart_table,3,2,KEEP,True,V2
F00338,mme_realworld_16931,Luna,mme_realworld,text,3,2,WEAK,False,V2
F00339,visreason_c9_343,Sol 5.6,visreason,visual_puzzle,3,2,KEEP,True,V2
F00340,mme_realworld_15027,GLM,mme_realworld,text,3,2,KEEP,True,V2
F00341,mme_realworld_06915,GLM,mme_realworld,chart_table,3,2,KEEP,True,V2
F00342,worldbench_1030,GLM,worldbench,natural,3,2,KEEP,True,V2
F00343,mme_realworld_16509,Grok,mme_realworld,text,3,2,WEAK,False,V2
F00344,mme_realworld_17952,GLM,mme_realworld,text,3,2,WEAK,False,V2
F00345,mme_realworld_17063,Luna,mme_realworld,text,3,2,WEAK,False,V2
F00346,mme_realworld_20431,GLM,mme_realworld,natural,3,2,WEAK,False,V2
F00347,mme_realworld_02110,Luna,mme_realworld,natural,3,2,KEEP,True,V2
F00348,mme_realworld_17069,Grok,mme_realworld,text,3,2,WEAK,False,V2
F00349,mme_realworld_21894,Grok,mme_realworld,count,3,2,WEAK,False,V2
F00350,worldbench_0157,GLM,worldbench,count,3,2,KEEP,True,V2
F00351,mme_realworld_20438,GLM,mme_realworld,natural,3,2,KEEP,True,V2
F00352,mme_realworld_20381,Luna,mme_realworld,natural,3,2,WEAK,False,V2
F00353,mme_realworld_05104,Grok,mme_realworld,chart_table,3,2,KEEP,True,V2
F00354,worldbench_0148,Grok,worldbench,natural,3,2,WEAK,False,V2
F00355,mmmu_pro_std_validation_Mechanical_Engineering_17,Sol 5.6,mmmu_pro,academic,4,3,WEAK,False,V2
F00356,mme_realworld_02365,Luna,mme_realworld,natural,4,3,KEEP,True,V2
F00357,worldbench_1097,Grok,worldbench,count,4,3,KEEP,True,V2
F00358,mme_realworld_14179,Luna,mme_realworld,text,3,2,KEEP,True,V2
F00359,worldbench_0305,Grok,worldbench,count,7,6,WEAK,False,V2
F00360,mme_realworld_17212,Sol 5.6,mme_realworld,text,4,3,WEAK,False,V2
F00361,worldbench_0453,Grok,worldbench,natural,3,2,UNRESOLVED,False,V2
F00362,visreason_c4_76,GLM,visreason,visual_puzzle,4,3,WEAK,False,V2
F00363,mme_realworld_15474,GLM,mme_realworld,text,3,2,BAD,False,V2
F00364,mme_realworld_10516,Luna,mme_realworld,chart_table,3,2,WEAK,False,V2
F00365,mme_realworld_12920,Luna,mme_realworld,natural,3,2,WEAK,False,V2
F00366,mme_realworld_02574,Gemini,mme_realworld,count,4,3,KEEP,True,V2
F00367,mme_realworld_lite_22329,Sol 5.6,mme_realworld,count,4,3,KEEP,True,V2
F00368,worldbench_0004,GLM,worldbench,natural,4,3,WEAK,False,V2
F00369,mme_realworld_02648,Gemini,mme_realworld,count,3,2,KEEP,True,V2
F00370,mme_realworld_19477,Grok,mme_realworld,text,3,2,WEAK,False,V2
F00371,mme_realworld_11146,Grok,mme_realworld,natural,6,5,BAD,False,V2
F00372,mme_realworld_20406,Grok,mme_realworld,natural,3,2,KEEP,True,V2
F00373,visreason_c10_10_11,GLM,visreason,visual_puzzle,5,4,UNRESOLVED,False,V2
F00374,mme_realworld_19640,Grok,mme_realworld,count,3,2,KEEP,True,V2
F00375,mme_realworld_02957,Luna,mme_realworld,count,5,4,KEEP,True,V2
F00376,mme_realworld_08077,Grok,mme_realworld,chart_table,3,2,KEEP,True,V2
F00377,worldbench_1167,Grok,worldbench,natural,5,4,WEAK,False,V2
F00378,mme_realworld_21609,GLM,mme_realworld,count,4,3,KEEP,True,V2
F00379,mme_realworld_08912,Grok,mme_realworld,chart_table,3,2,KEEP,True,V2
F00380,mme_realworld_16207,Grok,mme_realworld,text,3,2,KEEP,True,V2
F00381,mme_realworld_13744,Luna,mme_realworld,text,3,2,WEAK,False,V2
F00382,mme_realworld_21295,Sol 5.6,mme_realworld,count,5,4,UNRESOLVED,False,V2
F00383,mme_realworld_20751,Grok,mme_realworld,natural,3,2,WEAK,False,V2
F00384,mme_realworld_08972,Grok,mme_realworld,chart_table,3,2,KEEP,True,V2
F00385,mme_realworld_19691,GLM,mme_realworld,count,3,2,WEAK,False,V2
F00386,vs_049,Sol 5.6,vstar,natural,3,2,KEEP,True,V2
F00387,mme_realworld_09998,Grok,mme_realworld,chart_table,3,2,KEEP,True,V2
F00388,mme_realworld_00585,Grok,mme_realworld,natural,4,3,UNRESOLVED,False,V2
F00389,mme_realworld_22141,Grok,mme_realworld,count,4,3,KEEP,True,V2
F00390,mme_realworld_02969,GLM,mme_realworld,count,4,3,WEAK,False,V2
F00391,mme_realworld_22765,Sol 5.6,mme_realworld,natural,3,2,KEEP,True,V2
F00392,worldbench_0800,GLM,worldbench,natural,6,5,KEEP,True,V2
F00393,mme_realworld_08713,Grok,mme_realworld,chart_table,4,3,WEAK,False,V2
F00394,mme_realworld_12319,Grok,mme_realworld,natural,7,6,WEAK,False,V2
F00395,mme_realworld_19357,Grok,mme_realworld,text,3,2,WEAK,False,V2
F00396,mme_realworld_15801,GLM,mme_realworld,text,3,2,KEEP,True,V2
F00397,mme_realworld_00520,Sol 5.6,mme_realworld,natural,3,2,KEEP,True,V2
F00398,mme_realworld_11015,GLM,mme_realworld,natural,3,2,KEEP,True,V2
F00399,mme_realworld_22154,Grok,mme_realworld,count,5,4,KEEP,True,V2
F00400,mme_realworld_17789,Grok,mme_realworld,text,3,2,UNRESOLVED,False,V2
F00401,mme_realworld_07110,Grok,mme_realworld,chart_table,4,3,KEEP,True,V2
F00402,worldbench_1438,Gemini,worldbench,count,3,2,KEEP,True,V2
F00403,mme_realworld_09416,GLM,mme_realworld,chart_table,3,2,KEEP,True,V2
F00404,mme_realworld_09653,GLM,mme_realworld,chart_table,3,2,KEEP,True,V2
F00405,mme_realworld_02145,Grok,mme_realworld,natural,3,2,KEEP,True,V2
F00406,mme_realworld_21726,Grok,mme_realworld,count,4,3,KEEP,True,V2
F00407,mme_realworld_00852,GLM,mme_realworld,natural,6,5,KEEP,True,V2
F00408,mme_realworld_08760,Grok,mme_realworld,chart_table,3,2,KEEP,True,V2
F00409,worldbench_1981,GLM,worldbench,natural,3,2,WEAK,False,V2
F00410,mme_realworld_09816,Luna,mme_realworld,chart_table,3,2,KEEP,True,V2
F00411,mme_realworld_22317,Gemini,mme_realworld,count,3,2,KEEP,True,V2
F00412,mme_realworld_09573,Luna,mme_realworld,chart_table,3,2,KEEP,True,V2
F00413,visreason_c4_108,Grok,visreason,visual_puzzle,6,5,WEAK,False,V2
F00414,mmmu_pro_std_validation_Pharmacy_10,Grok,mmmu_pro,academic,3,2,KEEP,True,V2
F00415,mme_realworld_20682,Grok,mme_realworld,natural,3,2,KEEP,True,V2
F00416,mme_realworld_20426,GLM,mme_realworld,natural,3,2,KEEP,True,V2
F00417,mme_realworld_20656,Grok,mme_realworld,natural,3,2,KEEP,True,V2
F00418,visreason_c9_9_14,GLM,visreason,visual_puzzle,8,7,UNRESOLVED,False,V2
F00419,mmmu_pro_std_validation_Chemistry_16,Grok,mmmu_pro,academic,4,3,WEAK,False,V2
F00420,mme_realworld_19045,Sol 5.6,mme_realworld,text,3,2,KEEP,True,V2
F00421,mme_realworld_19373,GLM,mme_realworld,text,4,3,WEAK,False,V2
F00422,mme_realworld_20247,Grok,mme_realworld,natural,3,2,KEEP,True,V2
F00423,mme_realworld_19061,GLM,mme_realworld,text,3,2,WEAK,False,V2
F00424,mme_realworld_22688,Grok,mme_realworld,natural,3,2,KEEP,True,V2
F00425,mme_realworld_14208,Luna,mme_realworld,text,3,2,UNRESOLVED,False,V2
F00426,mme_realworld_01014,Sol 5.6,mme_realworld,natural,3,2,KEEP,True,V2
F00427,mme_realworld_20689,Sol 5.6,mme_realworld,natural,3,2,KEEP,True,V2
F00428,mme_realworld_16507,Grok,mme_realworld,text,3,2,KEEP,True,V2
F00429,mme_realworld_21987,Sol 5.6,mme_realworld,count,3,2,KEEP,True,V2
F00430,mme_realworld_07166,Grok,mme_realworld,chart_table,3,2,KEEP,True,V2
F00431,worldbench_0833,Luna,worldbench,count,3,2,UNRESOLVED,False,V2
F00432,mme_realworld_06697,Grok,mme_realworld,chart_table,3,2,KEEP,True,V2
F00433,visreason_c1_3_11,Grok,visreason,visual_puzzle,9,8,WEAK,False,V2
F00434,mme_realworld_22200,Grok,mme_realworld,count,7,6,KEEP,True,V2
F00435,mme_realworld_08339,Grok,mme_realworld,chart_table,3,2,KEEP,True,V2
F00436,visreason_c10_313,Grok,visreason,visual_puzzle,4,3,WEAK,False,V2
F00437,mme_realworld_02463,Sol 5.6,mme_realworld,count,4,3,UNRESOLVED,False,V2
F00438,mme_realworld_10766,GLM,mme_realworld,chart_table,3,2,KEEP,True,V2
F00439,mme_realworld_17671,Gemini,mme_realworld,text,3,2,KEEP,True,V2
F00440,mme_realworld_04241,Grok,mme_realworld,natural,3,2,WEAK,False,V2
F00441,mmmu_pro_std_validation_Materials_4,Sol 5.6,mmmu_pro,academic,4,3,KEEP,True,V2
F00442,mme_realworld_02206,GLM,mme_realworld,natural,3,2,KEEP,True,V2
F00443,worldbench_0163,GLM,worldbench,natural,3,2,WEAK,False,V2
F00444,mme_realworld_19920,Luna,mme_realworld,natural,3,2,WEAK,False,V2
F00445,worldbench_0114,GLM,worldbench,count,3,2,KEEP,True,V2
F00446,mme_realworld_11493,Grok,mme_realworld,natural,4,3,KEEP,True,V2
F00447,mme_realworld_07954,Grok,mme_realworld,chart_table,3,2,KEEP,True,V2
F00448,mme_realworld_14375,Grok,mme_realworld,text,3,2,WEAK,False,V2
F00449,mme_realworld_02607,Sol 5.6,mme_realworld,count,3,2,KEEP,True,V2
F00450,worldbench_1250,GLM,worldbench,natural,9,8,BAD,False,V2
F00451,worldbench_1370,Grok,worldbench,natural,3,2,WEAK,False,V2
F00452,mme_realworld_17435,Grok,mme_realworld,text,4,3,KEEP,True,V2
F00453,mme_realworld_20993,GLM,mme_realworld,natural,3,2,WEAK,False,V2
F00454,visreason_c9_119,GLM,visreason,visual_puzzle,3,2,KEEP,True,V2
F00455,worldbench_1433,Astra,worldbench,natural,3,2,KEEP,True,V2
F00456,mme_realworld_20503,Sol 5.6,mme_realworld,natural,3,2,KEEP,True,V2
F00457,mme_realworld_06794,GLM,mme_realworld,chart_table,4,3,WEAK,False,V2
F00458,mme_realworld_07502,Grok,mme_realworld,chart_table,3,2,KEEP,True,V2
F00459,mme_realworld_02873,Gemini,mme_realworld,count,3,2,KEEP,True,V2
F00460,mme_realworld_06319,Grok,mme_realworld,chart_table,3,2,WEAK,False,V2
F00461,mme_realworld_17409,GLM,mme_realworld,text,3,2,KEEP,True,V2
F00462,mme_realworld_lite_18769,Luna,mme_realworld,text,3,2,KEEP,True,V2
F00463,mme_realworld_04294,Luna,mme_realworld,natural,3,2,WEAK,False,V2
F00464,mme_realworld_06681,Grok,mme_realworld,chart_table,3,2,KEEP,True,V2
F00465,mme_realworld_16707,Luna,mme_realworld,text,3,2,WEAK,False,V2
F00466,mme_realworld_03991,Luna,mme_realworld,natural,3,2,UNRESOLVED,False,V2
F00467,worldbench_1254,Grok,worldbench,count,9,8,KEEP,True,V2
F00468,mme_realworld_10657,GLM,mme_realworld,chart_table,3,2,KEEP,True,V2
F00469,mme_realworld_22220,Grok,mme_realworld,count,4,3,KEEP,True,V2
F00470,mme_realworld_22751,Sol 5.6,mme_realworld,natural,3,2,KEEP,True,V2
F00471,mme_realworld_09912,Grok,mme_realworld,chart_table,3,2,KEEP,True,V2
F00472,vs_037,Gemini,vstar,natural,3,2,KEEP,True,V2
F00473,mme_realworld_21795,Gemini,mme_realworld,count,4,3,KEEP,True,V2
F00474,mme_realworld_22483,Grok,mme_realworld,natural,3,2,WEAK,False,V2
F00475,mme_realworld_02671,Sol 5.6,mme_realworld,count,4,3,KEEP,True,V2
F00476,mme_realworld_15133,Luna,mme_realworld,text,3,2,WEAK,False,V2
F00477,mme_realworld_17460,Grok,mme_realworld,text,3,2,KEEP,True,V2
F00478,mme_realworld_14258,GLM,mme_realworld,text,5,4,WEAK,False,V2
F00479,vs_025,GLM,vstar,natural,3,2,KEEP,True,V2
F00480,mme_realworld_14261,GLM,mme_realworld,text,3,2,WEAK,False,V2
F00481,worldbench_0505,Grok,worldbench,natural,3,2,UNRESOLVED,False,V2
F00482,mmmu_pro_std_test_Art_111,Grok,mmmu_pro,academic,4,3,UNRESOLVED,False,V2
F00483,worldbench_1455,Sol 5.6,worldbench,natural,3,2,KEEP,True,V2
F00484,worldbench_0608,GLM,worldbench,natural,5,4,WEAK,False,V2
F00485,worldbench_1880,Grok,worldbench,academic,4,3,WEAK,False,V2
F00486,worldbench_1245,Luna,worldbench,count,3,2,KEEP,True,V2
F00487,mme_realworld_18456,Grok,mme_realworld,text,3,2,WEAK,False,V2
F00488,mme_realworld_12780,Sol 5.6,mme_realworld,natural,3,2,WEAK,False,V2
F00489,mme_realworld_12046,Grok,mme_realworld,natural,3,2,WEAK,False,V2
F00490,worldbench_0215,GLM,worldbench,count,4,3,UNRESOLVED,False,V2
F00491,mme_realworld_15827,Grok,mme_realworld,text,3,2,WEAK,False,V2
F00492,mme_realworld_02433,Grok,mme_realworld,natural,3,2,KEEP,True,V2
F00493,mme_realworld_00137,Grok,mme_realworld,natural,3,2,KEEP,True,V2
F00494,mme_realworld_11492,Grok,mme_realworld,natural,6,5,KEEP,True,V2
F00495,mme_realworld_21918,Sol 5.6,mme_realworld,count,3,2,WEAK,False,V2
F00496,mme_realworld_09988,Grok,mme_realworld,chart_table,4,3,KEEP,True,V2
F00497,mme_realworld_18511,GLM,mme_realworld,text,3,2,WEAK,False,V2
F00498,mmmu_pro_std_test_Clinical_Medicine_165,GLM,mmmu_pro,academic,4,3,UNRESOLVED,False,V2
F00499,mme_realworld_04348,Grok,mme_realworld,natural,3,2,WEAK,False,V2
F00500,mme_realworld_21742,Gemini,mme_realworld,count,3,2,WEAK,False,V2
F00501,worldbench_1234,Grok,worldbench,natural,3,2,WEAK,False,V2
F00502,worldbench_0390,GLM,worldbench,natural,3,2,WEAK,False,V2
F00503,visreason_c8_72,Sol 5.6,visreason,visual_puzzle,3,2,BAD,False,V2
F00504,mme_realworld_00448,GLM,mme_realworld,natural,4,3,KEEP,True,V2
F00505,mme_realworld_20838,Grok,mme_realworld,natural,3,2,WEAK,False,V2
F00506,mme_realworld_21268,GLM,mme_realworld,count,9,8,WEAK,False,V2
F00507,mme_realworld_11071,Grok,mme_realworld,natural,7,6,KEEP,True,V2
F00508,mme_realworld_07943,Grok,mme_realworld,chart_table,3,2,KEEP,True,V2
F00509,mme_realworld_21723,Sol 5.6,mme_realworld,count,4,3,KEEP,True,V2
F00510,worldbench_1371,Grok,worldbench,natural,4,3,KEEP,True,V2
F00511,mme_realworld_01864,Grok,mme_realworld,natural,3,2,KEEP,True,V2
F00512,mme_realworld_10919,Grok,mme_realworld,chart_table,3,2,KEEP,True,V2
F00513,mme_realworld_21521,Sol 5.6,mme_realworld,count,3,2,KEEP,True,V2
F00514,mme_realworld_02266,Grok,mme_realworld,natural,3,2,WEAK,False,V2
F00515,mme_realworld_21160,Sol 5.6,mme_realworld,count,3,2,UNRESOLVED,False,V2
F00516,mme_realworld_05451,Grok,mme_realworld,chart_table,3,2,KEEP,True,V2
F00517,mme_realworld_05113,GLM,mme_realworld,chart_table,3,2,KEEP,True,V2
F00518,mme_realworld_15540,Grok,mme_realworld,text,3,2,KEEP,True,V2
F00519,mme_realworld_11114,Gemini,mme_realworld,natural,4,3,UNRESOLVED,False,V2
F00520,mme_realworld_20091,Sol 5.6,mme_realworld,natural,3,2,KEEP,True,V2
F00521,mme_realworld_02669,Astra,mme_realworld,count,3,2,UNRESOLVED,False,V2
F00522,mme_realworld_06190,Luna,mme_realworld,chart_table,3,2,WEAK,False,V2
F00523,mme_realworld_02309,Sol 5.6,mme_realworld,natural,3,2,KEEP,True,V2
F00524,mme_realworld_16875,Luna,mme_realworld,text,3,2,WEAK,False,V2
F00525,mme_realworld_22654,Sol 5.6,mme_realworld,natural,3,2,KEEP,True,V2
F00526,mme_realworld_08932,GLM,mme_realworld,chart_table,3,2,KEEP,True,V2
F00527,mme_realworld_17944,GLM,mme_realworld,text,3,2,KEEP,True,V2
F00528,worldbench_0171,Sol 5.6,worldbench,natural,3,2,KEEP,True,V2
F00529,mme_realworld_21087,Grok,mme_realworld,natural,3,2,KEEP,True,V2
F00530,mme_realworld_06721,Grok,mme_realworld,chart_table,3,2,WEAK,False,V2
F00531,mme_realworld_09593,GLM,mme_realworld,chart_table,3,2,KEEP,True,V2
F00532,mme_realworld_01488,Grok,mme_realworld,natural,3,2,KEEP,True,V2
F00533,mme_realworld_19960,Sol 5.6,mme_realworld,natural,3,2,KEEP,True,V2
F00534,visreason_c8_166,Grok,visreason,visual_puzzle,5,4,WEAK,False,V2
F00535,mme_realworld_05401,GLM,mme_realworld,chart_table,3,2,KEEP,True,V2
F00536,worldbench_1108,GLM,worldbench,natural,3,2,KEEP,True,V2
F00537,mme_realworld_20510,Grok,mme_realworld,natural,3,2,KEEP,True,V2
F00538,mme_realworld_03382,Sol 5.6,mme_realworld,natural,6,5,WEAK,False,V2
F00539,mme_realworld_21756,Luna,mme_realworld,count,3,2,UNRESOLVED,False,V2
F00540,mme_realworld_10876,Grok,mme_realworld,chart_table,3,2,KEEP,True,V2
F00541,mme_realworld_10706,Grok,mme_realworld,chart_table,5,4,KEEP,True,V2
F00542,worldbench_1740,Sol 5.6,worldbench,academic,3,2,KEEP,True,V2
F00543,mme_realworld_13357,Luna,mme_realworld,natural,4,3,WEAK,False,V2
F00544,mme_realworld_20794,Sol 5.6,mme_realworld,natural,4,3,KEEP,True,V2
F00545,mme_realworld_10966,Sol 5.6,mme_realworld,natural,4,3,UNRESOLVED,False,V2
F00546,mme_realworld_20330,Sol 5.6,mme_realworld,natural,3,2,WEAK,False,V2
F00547,mme_realworld_02637,Gemini,mme_realworld,count,3,2,KEEP,True,V2
F00548,worldbench_0947,Sol 5.6,worldbench,count,3,2,KEEP,True,V2
F00549,mme_realworld_20686,Grok,mme_realworld,natural,3,2,WEAK,False,V2
F00550,worldbench_0811,Sol 5.6,worldbench,natural,3,2,KEEP,True,V2
F00551,mme_realworld_10852,Grok,mme_realworld,chart_table,3,2,KEEP,True,V2
F00552,mme_realworld_21692,Sol 5.6,mme_realworld,count,5,4,WEAK,False,V2
F00553,mme_realworld_10822,GLM,mme_realworld,chart_table,3,2,KEEP,True,V2
F00554,worldbench_1655,GLM,worldbench,chart_table,3,2,WEAK,False,V2
F00555,mme_realworld_19653,GLM,mme_realworld,text,3,2,KEEP,True,V2
F00556,mme_realworld_22303,Sol 5.6,mme_realworld,count,4,3,UNRESOLVED,False,V2
F00557,mmmu_pro_std_test_Chemistry_61,GLM,mmmu_pro,academic,4,3,KEEP,True,V2
F00558,mme_realworld_20529,Sol 5.6,mme_realworld,natural,3,2,WEAK,False,V2
F00559,mme_realworld_02129,Gemini,mme_realworld,natural,3,2,KEEP,True,V2
F00560,mme_realworld_00628,Grok,mme_realworld,natural,3,2,WEAK,False,V2
F00561,mme_realworld_09627,Luna,mme_realworld,chart_table,3,2,KEEP,True,V2
F00562,mme_realworld_21373,Luna,mme_realworld,count,5,4,UNRESOLVED,False,V2
F00563,vs_051,GLM,vstar,natural,3,2,WEAK,False,V2
F00564,mme_realworld_06525,Luna,mme_realworld,chart_table,3,2,KEEP,True,V2
F00565,mme_realworld_lite_17877,Luna,mme_realworld,text,3,2,WEAK,False,V2
F00566,mme_realworld_09576,Grok,mme_realworld,chart_table,3,2,KEEP,True,V2
F00567,visreason_c1_3_15,Gemini,visreason,visual_puzzle,3,2,KEEP,True,V2
F00568,worldbench_0846,Grok,worldbench,natural,5,4,WEAK,False,V2
F00569,mme_realworld_10529,Grok,mme_realworld,chart_table,3,2,KEEP,True,V2
F00570,mme_realworld_21667,Luna,mme_realworld,count,3,2,WEAK,False,V2
F00571,mme_realworld_20546,Grok,mme_realworld,natural,3,2,WEAK,False,V2
F00572,visreason_c10_98,GLM,visreason,visual_puzzle,4,3,KEEP,True,V2
F00573,worldbench_0404,GLM,worldbench,natural,7,6,UNRESOLVED,False,V2
F00574,mme_realworld_05331,Grok,mme_realworld,chart_table,3,2,KEEP,True,V2
F00575,worldbench_0137,GLM,worldbench,count,3,2,KEEP,True,V2
F00576,mme_realworld_11307,Grok,mme_realworld,natural,5,4,KEEP,True,V2
F00577,mme_realworld_21973,Sol 5.6,mme_realworld,count,6,5,KEEP,True,V2
F00578,mme_realworld_10147,Grok,mme_realworld,chart_table,3,2,KEEP,True,V2
F00579,mme_realworld_11075,GLM,mme_realworld,natural,3,2,UNRESOLVED,False,V2
F00580,mme_realworld_03569,GLM,mme_realworld,natural,3,2,KEEP,True,V2
F00581,visreason_c9_6_7,GLM,visreason,visual_puzzle,3,2,UNRESOLVED,False,V2
F00582,mme_realworld_01285,Grok,mme_realworld,natural,7,6,KEEP,True,V2
F00583,visreason_c5_58,Sol 5.6,visreason,visual_puzzle,4,3,UNRESOLVED,False,V2
F00584,worldbench_0786,Grok,worldbench,natural,4,3,KEEP,True,V2
F00585,worldbench_0727,Sol 5.6,worldbench,natural,3,2,KEEP,True,V2
F00586,mme_realworld_21871,Sol 5.6,mme_realworld,count,3,2,WEAK,False,V2
F00587,mme_realworld_16312,Grok,mme_realworld,text,3,2,KEEP,True,V2
F00588,mme_realworld_05644,Grok,mme_realworld,chart_table,4,3,KEEP,True,V2
F00589,worldbench_1761,Grok,worldbench,count,5,4,WEAK,False,V2
F00590,mmmu_pro_std_test_Music_11,GLM,mmmu_pro,academic,6,5,WEAK,False,V2
F00591,mme_realworld_20003,Grok,mme_realworld,natural,3,2,WEAK,False,V2
F00592,mme_realworld_lite_19912,Sol 5.6,mme_realworld,natural,3,2,WEAK,False,V2
F00593,mme_realworld_21412,Gemini,mme_realworld,count,6,5,KEEP,True,V2
F00594,mme_realworld_06033,Grok,mme_realworld,chart_table,3,2,KEEP,True,V2
F00595,mme_realworld_17587,GLM,mme_realworld,text,3,2,KEEP,True,V2
F00596,mme_realworld_15544,Luna,mme_realworld,text,3,2,KEEP,True,V2
F00597,mme_realworld_18572,Grok,mme_realworld,text,3,2,WEAK,False,V2
F00598,worldbench_0333,GLM,worldbench,natural,3,2,KEEP,True,V2
F00599,mme_realworld_14456,GLM,mme_realworld,text,3,2,WEAK,False,V2
F00600,mme_realworld_08654,Grok,mme_realworld,chart_table,3,2,WEAK,False,V2
F00601,worldbench_0795,GLM,worldbench,natural,3,2,WEAK,False,V2
F00602,visreason_c9_8_5,Sol 5.6,visreason,visual_puzzle,3,2,WEAK,False,V2
F00603,mme_realworld_15623,Grok,mme_realworld,text,4,3,WEAK,False,V2
F00604,mmmu_pro_std_test_Clinical_Medicine_133,GLM,mmmu_pro,academic,3,2,KEEP,True,V2
F00605,mme_realworld_06000,Grok,mme_realworld,chart_table,4,3,KEEP,True,V2
F00606,mme_realworld_10664,Luna,mme_realworld,chart_table,3,2,KEEP,True,V2
F00607,mme_realworld_17664,GLM,mme_realworld,text,3,2,WEAK,False,V2
F00608,worldbench_0423,GLM,worldbench,natural,3,2,KEEP,True,V2
F00609,mme_realworld_09555,Luna,mme_realworld,chart_table,3,2,KEEP,True,V2
F00610,mme_realworld_20885,Grok,mme_realworld,natural,3,2,WEAK,False,V2
F00611,mme_realworld_21525,Grok,mme_realworld,count,8,7,WEAK,False,V2
F00612,mme_realworld_04015,GLM,mme_realworld,natural,3,2,WEAK,False,V2
F00613,mme_realworld_05148,Grok,mme_realworld,chart_table,3,2,KEEP,True,V2
F00614,mme_realworld_20089,Grok,mme_realworld,natural,3,2,WEAK,False,V2
F00615,mme_realworld_07539,Grok,mme_realworld,chart_table,3,2,KEEP,True,V2
F00616,worldbench_0083,GLM,worldbench,natural,5,4,KEEP,True,V2
F00617,worldbench_0183,Grok,worldbench,natural,5,4,WEAK,False,V2
F00618,worldbench_1129,Grok,worldbench,natural,4,3,UNRESOLVED,False,V2
F00619,mme_realworld_20122,Grok,mme_realworld,natural,3,2,KEEP,True,V2
F00620,mme_realworld_20627,Sol 5.6,mme_realworld,natural,4,3,KEEP,True,V2
F00621,mme_realworld_08231,Grok,mme_realworld,chart_table,3,2,KEEP,True,V2
F00622,worldbench_0576,Grok,worldbench,natural,6,5,WEAK,False,V2
F00623,worldbench_1247,Astra,worldbench,count,6,5,KEEP,True,V2
F00624,mme_realworld_15152,Luna,mme_realworld,text,3,2,WEAK,False,V2
F00625,mme_realworld_21265,Sol 5.6,mme_realworld,count,3,2,WEAK,False,V2
F00626,worldbench_0026,Grok,worldbench,count,3,2,WEAK,False,V2
F00627,mme_realworld_08872,Grok,mme_realworld,chart_table,3,2,KEEP,True,V2
F00628,mme_realworld_14024,Sol 5.6,mme_realworld,text,3,2,WEAK,False,V2
F00629,mme_realworld_00107,Grok,mme_realworld,natural,3,2,KEEP,True,V2
F00630,mme_realworld_10815,GLM,mme_realworld,chart_table,3,2,KEEP,True,V2
F00631,mme_realworld_07592,Luna,mme_realworld,chart_table,3,2,KEEP,True,V2
F00632,mme_realworld_11293,Grok,mme_realworld,natural,8,7,WEAK,False,V2
F00633,mme_realworld_02849,Sol 5.6,mme_realworld,count,4,3,KEEP,True,V2
F00634,mme_realworld_09668,Grok,mme_realworld,chart_table,4,3,KEEP,True,V2
F00635,mme_realworld_lite_15840,Grok,mme_realworld,text,3,2,WEAK,False,V2
F00636,vs_060,Luna,vstar,natural,3,2,WEAK,False,V2
F00637,mme_realworld_15503,Sol 5.6,mme_realworld,text,3,2,WEAK,False,V2
F00638,worldbench_0365,Grok,worldbench,count,6,5,WEAK,False,V2
F00639,mme_realworld_16865,GLM,mme_realworld,text,3,2,WEAK,False,V2
F00640,worldbench_0496,Grok,worldbench,count,4,3,BAD,False,V2
F00641,mme_realworld_18649,GLM,mme_realworld,text,3,2,KEEP,True,V2
F00642,mme_realworld_21814,Sol 5.6,mme_realworld,count,3,2,UNRESOLVED,False,V2
F00643,mme_realworld_10336,Grok,mme_realworld,chart_table,3,2,KEEP,True,V2
F00644,worldbench_0935,Grok,worldbench,count,4,3,KEEP,True,V2
F00645,mme_realworld_06172,Grok,mme_realworld,chart_table,3,2,WEAK,False,V2
F00646,worldbench_0533,Grok,worldbench,natural,3,2,KEEP,True,V2
F00647,mme_realworld_02413,Grok,mme_realworld,natural,6,5,WEAK,False,V2
F00648,mme_realworld_17728,GLM,mme_realworld,text,3,2,WEAK,False,V2
F00649,mme_realworld_20019,Grok,mme_realworld,natural,3,2,KEEP,True,V2
F00650,visreason_c9_310,Grok,visreason,visual_puzzle,5,4,KEEP,True,V2
F00651,worldbench_0263,Grok,worldbench,natural,3,2,KEEP,True,V2
F00652,mme_realworld_04424,Grok,mme_realworld,natural,3,2,UNRESOLVED,False,V2
F00653,mme_realworld_21357,Grok,mme_realworld,count,4,3,KEEP,True,V2
F00654,mme_realworld_07697,Grok,mme_realworld,chart_table,4,3,KEEP,True,V2
F00655,mme_realworld_lite_20597,Grok,mme_realworld,natural,3,2,KEEP,True,V2
F00656,mmmu_pro_std_validation_Music_14,GLM,mmmu_pro,academic,4,3,WEAK,False,V2
F00657,mme_realworld_05014,Grok,mme_realworld,chart_table,3,2,KEEP,True,V2
F00658,mme_realworld_06289,Grok,mme_realworld,chart_table,3,2,KEEP,True,V2
F00659,mmmu_pro_std_test_Agriculture_15,Grok,mmmu_pro,academic,3,2,WEAK,False,V2
F00660,worldbench_1293,GLM,worldbench,natural,4,3,BAD,False,V2
F00661,mme_realworld_17523,Sol 5.6,mme_realworld,text,3,2,KEEP,True,V2
F00662,visreason_c4_83,Astra,visreason,visual_puzzle,3,2,KEEP,True,V2
F00663,mme_realworld_13132,Sol 5.6,mme_realworld,natural,3,2,KEEP,True,V2
F00664,visreason_c9_322,GLM,visreason,visual_puzzle,3,2,KEEP,True,V2
F00665,mme_realworld_18927,Grok,mme_realworld,text,3,2,KEEP,True,V2
F00666,mme_realworld_14246,Luna,mme_realworld,text,3,2,WEAK,False,V2
F00667,mme_realworld_01094,Sol 5.6,mme_realworld,natural,3,2,WEAK,False,V2
F00668,mme_realworld_16163,Grok,mme_realworld,text,3,2,KEEP,True,V2
F00669,mme_realworld_10163,GLM,mme_realworld,chart_table,3,2,KEEP,True,V2
F00670,mme_realworld_02445,Luna,mme_realworld,natural,3,2,KEEP,True,V2
F00671,mme_realworld_02560,Grok,mme_realworld,count,4,3,KEEP,True,V2
F00672,mmmu_pro_std_test_Mechanical_Engineering_409,Grok,mmmu_pro,academic,3,2,KEEP,True,V2
F00673,mme_realworld_05542,Grok,mme_realworld,chart_table,4,3,KEEP,True,V2
F00674,mmmu_pro_std_test_Music_103,Sol 5.6,mmmu_pro,academic,3,2,WEAK,False,V2
F00675,worldbench_0655,GLM,worldbench,natural,3,2,WEAK,False,V2
F00676,mme_realworld_06854,Grok,mme_realworld,chart_table,4,3,KEEP,True,V2
F00677,mmmu_pro_std_test_Geography_301,GLM,mmmu_pro,academic,4,3,KEEP,True,V2
F00678,mme_realworld_21591,Astra,mme_realworld,count,4,3,KEEP,True,V2
F00679,mme_realworld_lite_20181,Sol 5.6,mme_realworld,natural,3,2,WEAK,False,V2
F00680,mme_realworld_21136,Grok,mme_realworld,count,6,5,KEEP,True,V2
F00681,vs_046,Grok,vstar,natural,5,4,WEAK,False,V2
F00682,mme_realworld_21152,Gemini,mme_realworld,count,3,2,KEEP,True,V2
F00683,mme_realworld_21530,Sol 5.6,mme_realworld,count,3,2,KEEP,True,V2
F00684,mme_realworld_15224,Grok,mme_realworld,text,3,2,KEEP,True,V2
F00685,mme_realworld_14025,Gemini,mme_realworld,text,3,2,KEEP,True,V2
F00686,mme_realworld_10552,Grok,mme_realworld,chart_table,3,2,KEEP,True,V2
F00687,mme_realworld_02440,Grok,mme_realworld,natural,3,2,KEEP,True,V2
F00688,mme_realworld_19263,GLM,mme_realworld,text,4,3,WEAK,False,V2
F00689,worldbench_0733,Grok,worldbench,natural,4,3,UNRESOLVED,False,V2
F00690,mme_realworld_07823,Grok,mme_realworld,chart_table,4,3,KEEP,True,V2
F00691,mme_realworld_15078,GLM,mme_realworld,text,3,2,WEAK,False,V2
F00692,visreason_c4_115,Sol 5.6,visreason,visual_puzzle,4,3,KEEP,True,V2
F00693,mme_realworld_02976,Sol 5.6,mme_realworld,count,3,2,KEEP,True,V2
F00694,worldbench_1641,Sol 5.6,worldbench,count,3,2,WEAK,False,V2
F00695,mme_realworld_09769,Grok,mme_realworld,chart_table,3,2,KEEP,True,V2
F00696,worldbench_1444,GLM,worldbench,natural,5,4,KEEP,True,V2
F00697,mme_realworld_20293,Sol 5.6,mme_realworld,natural,3,2,KEEP,True,V2
F00698,mme_realworld_18278,Grok,mme_realworld,text,3,2,KEEP,True,V2
F00699,mme_realworld_21883,Grok,mme_realworld,count,4,3,KEEP,True,V2
F00700,worldbench_0182,Grok,worldbench,natural,3,2,WEAK,False,V2
F00701,mme_realworld_02905,Luna,mme_realworld,count,3,2,KEEP,True,V2
F00702,worldbench_0882,Grok,worldbench,natural,3,2,KEEP,True,V2
F00703,mme_realworld_14576,Sol 5.6,mme_realworld,text,3,2,UNRESOLVED,False,V2
F00704,mme_realworld_16813,Luna,mme_realworld,text,3,2,WEAK,False,V2
F00705,worldbench_0902,Grok,worldbench,natural,5,4,KEEP,True,V2
F00706,mme_realworld_21407,Gemini,mme_realworld,count,4,3,KEEP,True,V2
F00707,worldbench_1703,Grok,worldbench,chart_table,5,4,KEEP,True,V2
F00708,worldbench_0374,Grok,worldbench,natural,7,6,KEEP,True,V2
F00709,mme_realworld_lite_21984,Sol 5.6,mme_realworld,count,3,2,WEAK,False,V2
F00710,mme_realworld_02149,GLM,mme_realworld,natural,4,3,KEEP,True,V2
F00711,mme_realworld_10396,Grok,mme_realworld,chart_table,3,2,KEEP,True,V2
F00712,mme_realworld_04395,GLM,mme_realworld,natural,3,2,WEAK,False,V2
F00713,worldbench_0012,Grok,worldbench,natural,4,3,WEAK,False,V2
F00714,mme_realworld_02444,Sol 5.6,mme_realworld,natural,3,2,WEAK,False,V2
F00715,mme_realworld_05045,GLM,mme_realworld,chart_table,3,2,KEEP,True,V2
F00716,mme_realworld_02627,Grok,mme_realworld,count,5,4,WEAK,False,V2
F00717,mme_realworld_22347,Gemini,mme_realworld,count,3,2,KEEP,True,V2
F00718,mme_realworld_02729,Sol 5.6,mme_realworld,count,3,2,KEEP,True,V2
F00719,mme_realworld_05170,GLM,mme_realworld,chart_table,3,2,KEEP,True,V2
F00720,mme_realworld_08558,Gemini,mme_realworld,chart_table,3,2,KEEP,True,V2
F00721,worldbench_1738,GLM,worldbench,academic,5,4,KEEP,True,V2
F00722,mme_realworld_17928,Grok,mme_realworld,text,3,2,WEAK,False,V2
F00723,mme_realworld_00903,GLM,mme_realworld,natural,4,3,WEAK,False,V2
F00724,mme_realworld_20725,Sol 5.6,mme_realworld,natural,3,2,WEAK,False,V2
F00725,mme_realworld_05728,Grok,mme_realworld,chart_table,3,2,WEAK,False,V2
F00726,mme_realworld_00290,Sol 5.6,mme_realworld,natural,3,2,WEAK,False,V2
F00727,mme_realworld_04604,Grok,mme_realworld,natural,3,2,WEAK,False,V2
F00728,mmmu_pro_std_test_Art_24,Grok,mmmu_pro,academic,3,2,KEEP,True,V2
F00729,mme_realworld_19693,Grok,mme_realworld,count,4,3,WEAK,False,V2
F00730,mmmu_pro_std_test_Pharmacy_427,GLM,mmmu_pro,academic,4,3,KEEP,True,V2
F00731,mmmu_pro_std_test_Electronics_149,Grok,mmmu_pro,academic,3,2,WEAK,False,V2
F00732,mme_realworld_09421,Grok,mme_realworld,chart_table,4,3,KEEP,True,V2
F00733,mme_realworld_02508,Grok,mme_realworld,count,4,3,WEAK,False,V2
F00734,mme_realworld_07173,Grok,mme_realworld,chart_table,3,2,KEEP,True,V2
F00735,mme_realworld_01455,Grok,mme_realworld,natural,3,2,KEEP,True,V2
F00736,mme_realworld_16235,Grok,mme_realworld,text,3,2,KEEP,True,V2
F00737,worldbench_1899,Grok,worldbench,count,3,2,KEEP,True,V2
F00738,visreason_c10_114,GLM,visreason,visual_puzzle,5,4,UNRESOLVED,False,V2
F00739,mme_realworld_21898,Sol 5.6,mme_realworld,count,4,3,WEAK,False,V2
F00740,mme_realworld_20194,Grok,mme_realworld,natural,3,2,WEAK,False,V2
F00741,mme_realworld_19946,GLM,mme_realworld,natural,3,2,WEAK,False,V2
F00742,mme_realworld_22029,Grok,mme_realworld,count,8,7,KEEP,True,V2
F00743,vs_064,Luna,vstar,natural,3,2,WEAK,False,V2
F00744,vs_070,Luna,vstar,natural,4,3,WEAK,False,V2
F00745,mme_realworld_17165,GLM,mme_realworld,text,3,2,KEEP,True,V2
F00746,mmmu_pro_std_validation_Diagnostics_and_Laboratory_Medicine_5,Grok,mmmu_pro,academic,3,2,WEAK,False,V2
F00747,mme_realworld_20889,GLM,mme_realworld,natural,3,2,KEEP,True,V2
F00748,mme_realworld_05322,Grok,mme_realworld,chart_table,3,2,WEAK,False,V2
F00749,mmmu_pro_std_validation_Music_25,GLM,mmmu_pro,academic,3,2,WEAK,False,V2
F00750,worldbench_0364,Sol 5.6,worldbench,natural,3,2,UNRESOLVED,False,V2
F00751,mme_realworld_21857,Grok,mme_realworld,count,5,4,KEEP,True,V2
F00752,mme_realworld_00702,Grok,mme_realworld,natural,5,4,KEEP,True,V2
F00753,mme_realworld_03077,Gemini,mme_realworld,count,3,2,KEEP,True,V2
F00754,visreason_c9_8_15,Sol 5.6,visreason,visual_puzzle,3,2,UNRESOLVED,False,V2
F00755,mme_realworld_21556,Sol 5.6,mme_realworld,count,3,2,WEAK,False,V2
F00756,worldbench_1732,Luna,worldbench,count,4,3,WEAK,False,V2
F00757,mme_realworld_20298,Sol 5.6,mme_realworld,natural,3,2,WEAK,False,V2
F00758,worldbench_0731,Grok,worldbench,natural,3,2,KEEP,True,V2
F00759,worldbench_1335,Sol 5.6,worldbench,natural,3,2,KEEP,True,V2
F00760,mmmu_pro_std_validation_Materials_17,Sol 5.6,mmmu_pro,academic,3,2,KEEP,True,V2
F00761,mme_realworld_15907,Grok,mme_realworld,text,3,2,KEEP,True,V2
F00762,worldbench_0340,Astra,worldbench,count,6,5,UNRESOLVED,False,V2
F00763,worldbench_0958,GLM,worldbench,natural,4,3,KEEP,True,V2
F00764,mme_realworld_05239,Grok,mme_realworld,chart_table,3,2,KEEP,True,V2
F00765,mme_realworld_21737,Sol 5.6,mme_realworld,count,4,3,KEEP,True,V2
F00766,vs_020,Grok,vstar,natural,3,2,WEAK,False,V2
F00767,mme_realworld_00801,Grok,mme_realworld,natural,4,3,BAD,False,V2
F00768,worldbench_1139,Grok,worldbench,count,4,3,BAD,False,V2
F00769,mme_realworld_21164,GLM,mme_realworld,count,5,4,WEAK,False,V2
F00770,mme_realworld_lite_20352,Grok,mme_realworld,natural,4,3,KEEP,True,V2
F00771,mme_realworld_11361,Gemini,mme_realworld,natural,4,3,UNRESOLVED,False,V2
F00772,mme_realworld_16904,Luna,mme_realworld,text,3,2,WEAK,False,V2
F00773,mmmu_pro_std_validation_Music_4,GLM,mmmu_pro,academic,4,3,KEEP,True,V2
F00774,mme_realworld_21666,Sol 5.6,mme_realworld,count,3,2,WEAK,False,V2
F00775,mme_realworld_07073,Grok,mme_realworld,chart_table,3,2,KEEP,True,V2
F00776,mme_realworld_22285,Sol 5.6,mme_realworld,count,3,2,WEAK,False,V2
F00777,mme_realworld_05053,Grok,mme_realworld,chart_table,3,2,WEAK,False,V2
F00778,mme_realworld_16639,GLM,mme_realworld,text,3,2,KEEP,True,V2
F00779,worldbench_1395,Grok,worldbench,natural,3,2,KEEP,True,V2
F00780,mme_realworld_20158,Grok,mme_realworld,natural,3,2,WEAK,False,V2
F00781,mme_realworld_lite_22136,Sol 5.6,mme_realworld,count,3,2,WEAK,False,V2
F00782,worldbench_0218,GLM,worldbench,count,5,4,KEEP,True,V2
F00783,worldbench_0486,Grok,worldbench,count,3,2,KEEP,True,V2
F00784,mme_realworld_19958,Luna,mme_realworld,natural,3,2,WEAK,False,V2
F00785,mme_realworld_02654,Sol 5.6,mme_realworld,count,3,2,KEEP,True,V2
F00786,worldbench_1267,Grok,worldbench,count,5,4,WEAK,False,V2
F00787,mme_realworld_06449,Grok,mme_realworld,chart_table,3,2,KEEP,True,V2
F00788,worldbench_0779,Grok,worldbench,natural,4,3,KEEP,True,V2
F00789,mme_realworld_02676,Grok,mme_realworld,count,3,2,WEAK,False,V2
F00790,mme_realworld_02918,Gemini,mme_realworld,count,4,3,UNRESOLVED,False,V2
F00791,mme_realworld_16366,Grok,mme_realworld,text,3,2,WEAK,False,V2
F00792,mme_realworld_21606,Sol 5.6,mme_realworld,count,3,2,UNRESOLVED,False,V2
F00793,mme_realworld_14395,GLM,mme_realworld,text,3,2,KEEP,True,V2
F00794,vs_175,Gemini,vstar,natural,3,2,KEEP,True,V2
F00795,mme_realworld_16779,Luna,mme_realworld,text,3,2,KEEP,True,V2
F00796,mme_realworld_13699,GLM,mme_realworld,text,3,2,KEEP,True,V2
F00797,worldbench_0119,Grok,worldbench,natural,3,2,WEAK,False,V2
F00798,worldbench_0327,Grok,worldbench,natural,3,2,UNRESOLVED,False,V2
F00799,mme_realworld_03062,Grok,mme_realworld,count,5,4,WEAK,False,V2
F00800,mme_realworld_17800,Luna,mme_realworld,text,3,2,WEAK,False,V2
F00801,mme_realworld_21983,Sol 5.6,mme_realworld,count,3,2,WEAK,False,V2
F00802,mmmu_pro_std_validation_Clinical_Medicine_25,Grok,mmmu_pro,academic,3,2,UNRESOLVED,False,V2
F00803,mme_realworld_09510,Grok,mme_realworld,chart_table,3,2,KEEP,True,V2
F00804,worldbench_0767,Luna,worldbench,count,3,2,KEEP,True,V2
F00805,mme_realworld_16791,GLM,mme_realworld,text,3,2,WEAK,False,V2
F00806,visreason_c10_380,Sol 5.6,visreason,visual_puzzle,3,2,KEEP,True,V2
F00807,mme_realworld_17796,GLM,mme_realworld,text,3,2,KEEP,True,V2
F00808,mme_realworld_06803,GLM,mme_realworld,chart_table,3,2,KEEP,True,V2
F00809,mmmu_pro_std_validation_Biology_11,Grok,mmmu_pro,academic,3,2,WEAK,False,V2
F00810,mme_realworld_10369,Grok,mme_realworld,chart_table,3,2,KEEP,True,V2
F00811,visreason_c10_199,K3,visreason,visual_puzzle,4,3,KEEP,True,V2
F00812,mme_realworld_23305,Grok,mme_realworld,natural,3,2,KEEP,True,V2
F00813,mme_realworld_20011,Grok,mme_realworld,natural,3,2,WEAK,False,V2
F00814,worldbench_0450,Gemini,worldbench,natural,5,4,KEEP,True,V2
F00815,worldbench_1888,GLM,worldbench,academic,3,2,KEEP,True,V2
F00816,worldbench_0174,Sol 5.6,worldbench,natural,3,2,KEEP,True,V2
F00817,worldbench_1418,GLM,worldbench,count,3,2,WEAK,False,V2
F00818,visreason_c9_308,Grok,visreason,visual_puzzle,3,2,WEAK,False,V2
F00819,visreason_c10_217,Grok,visreason,visual_puzzle,7,6,BAD,False,V2
F00820,mme_realworld_07298,Luna,mme_realworld,chart_table,3,2,KEEP,True,V2
F00821,worldbench_0849,Grok,worldbench,natural,3,2,WEAK,False,V2
F00822,mme_realworld_18392,GLM,mme_realworld,text,3,2,KEEP,True,V2
F00823,mme_realworld_17996,Luna,mme_realworld,text,3,2,WEAK,False,V2
F00824,visreason_c9_291,Grok,visreason,visual_puzzle,4,3,WEAK,False,V2
F00825,worldbench_0251,GLM,worldbench,natural,3,2,WEAK,False,V2
F00826,mme_realworld_18047,Sol 5.6,mme_realworld,text,3,2,WEAK,False,V2
F00827,mme_realworld_12236,Sol 5.6,mme_realworld,natural,3,2,UNRESOLVED,False,V2
F00828,worldbench_1091,Grok,worldbench,natural,4,3,KEEP,True,V2
F00829,visreason_c3_5_3,GLM,visreason,visual_puzzle,3,2,WEAK,False,V2
F00830,mme_realworld_08030,Grok,mme_realworld,chart_table,3,2,KEEP,True,V2
F00831,mme_realworld_07973,Grok,mme_realworld,chart_table,3,2,WEAK,False,V2
F00832,worldbench_0820,GLM,worldbench,count,3,2,WEAK,False,V2
F00833,mme_realworld_17215,GLM,mme_realworld,text,3,2,KEEP,True,V2
F00834,worldbench_1801,Grok,worldbench,chart_table,3,2,WEAK,False,V2
F00835,mme_realworld_02828,GLM,mme_realworld,count,5,4,WEAK,False,V2
F00836,mme_realworld_02313,Sol 5.6,mme_realworld,natural,3,2,WEAK,False,V2
F00837,mme_realworld_12711,Luna,mme_realworld,natural,3,2,KEEP,True,V2
F00838,worldbench_1117,Grok,worldbench,natural,4,3,WEAK,False,V2
F00839,mme_realworld_11133,Luna,mme_realworld,natural,4,3,KEEP,True,V2
F00840,mme_realworld_09966,Grok,mme_realworld,chart_table,3,2,KEEP,True,V2
F00841,mme_realworld_09654,Luna,mme_realworld,chart_table,3,2,KEEP,True,V2
F00842,mme_realworld_lite_20837,Luna,mme_realworld,natural,3,2,KEEP,True,V2
F00843,mme_realworld_21142,Gemini,mme_realworld,count,3,2,KEEP,True,V2
F00844,worldbench_0715,GLM,worldbench,natural,3,2,WEAK,False,V2
F00845,mme_realworld_18689,Luna,mme_realworld,text,3,2,KEEP,True,V2
F00846,mme_realworld_02833,Astra,mme_realworld,count,3,2,UNRESOLVED,False,V2
F00847,mme_realworld_08199,Grok,mme_realworld,chart_table,3,2,KEEP,True,V2
F00848,mme_realworld_09764,Grok,mme_realworld,chart_table,4,3,KEEP,True,V2
F00849,mme_realworld_lite_20802,Luna,mme_realworld,natural,3,2,WEAK,False,V2
F00850,mme_realworld_21023,GLM,mme_realworld,natural,3,2,WEAK,False,V2
F00851,mme_realworld_20110,Grok,mme_realworld,natural,3,2,WEAK,False,V2
F00852,mme_realworld_13641,Grok,mme_realworld,text,3,2,KEEP,True,V2
F00853,vs_093,Luna,vstar,natural,3,2,WEAK,False,V2
F00854,mme_realworld_11474,Grok,mme_realworld,natural,3,2,KEEP,True,V2
F00855,mme_realworld_02750,Sol 5.6,mme_realworld,count,4,3,WEAK,False,V2
F00856,visreason_c5_37,Sol 5.6,visreason,visual_puzzle,3,2,UNRESOLVED,False,V2
F00857,mme_realworld_15002,GLM,mme_realworld,text,3,2,WEAK,False,V2
F00858,mme_realworld_21190,Gemini,mme_realworld,count,3,2,KEEP,True,V2
F00859,worldbench_0707,Sol 5.6,worldbench,count,5,4,WEAK,False,V2
F00860,visreason_c10_106,Grok,visreason,visual_puzzle,4,3,WEAK,False,V2
F00861,worldbench_0527,Gemini,worldbench,natural,3,2,WEAK,False,V2
F00862,mme_realworld_16940,GLM,mme_realworld,text,3,2,WEAK,False,V2
F00863,worldbench_0814,Luna,worldbench,natural,3,2,WEAK,False,V2
F00864,mme_realworld_03002,Gemini,mme_realworld,count,3,2,UNRESOLVED,False,V2
F00865,vs_034,Grok,vstar,natural,3,2,WEAK,False,V2
F00866,mme_realworld_03100,Sol 5.6,mme_realworld,count,3,2,KEEP,True,V2
F00867,mme_realworld_01002,GLM,mme_realworld,natural,3,2,KEEP,True,V2
F00868,worldbench_1757,Grok,worldbench,academic,3,2,WEAK,False,V2
F00869,worldbench_1357,Grok,worldbench,natural,3,2,KEEP,True,V2
F00870,mme_realworld_21513,Grok,mme_realworld,count,3,2,KEEP,True,V2
F00871,mme_realworld_16690,Grok,mme_realworld,text,3,2,WEAK,False,V2
F00872,mme_realworld_19458,GLM,mme_realworld,text,3,2,WEAK,False,V2
F00873,worldbench_1111,GLM,worldbench,natural,5,4,WEAK,False,V2
F00874,mme_realworld_17101,Grok,mme_realworld,text,3,2,KEEP,True,V2
F00875,mme_realworld_02448,Gemini,mme_realworld,count,3,2,KEEP,True,V2
F00876,mme_realworld_08329,Grok,mme_realworld,chart_table,3,2,WEAK,False,V2
F00877,mme_realworld_02340,Grok,mme_realworld,natural,3,2,KEEP,True,V2
F00878,mmmu_pro_std_validation_Manage_8,Grok,mmmu_pro,academic,3,2,WEAK,False,V2
F00879,mme_realworld_04837,GLM,mme_realworld,natural,8,7,WEAK,False,V2
F00880,worldbench_1378,GLM,worldbench,natural,3,2,WEAK,False,V2
F00881,mme_realworld_16983,GLM,mme_realworld,text,3,2,WEAK,False,V2
F00882,mme_realworld_05102,GLM,mme_realworld,chart_table,3,2,KEEP,True,V2
F00883,mme_realworld_09523,GLM,mme_realworld,chart_table,3,2,WEAK,False,V2
F00884,mme_realworld_20684,Grok,mme_realworld,natural,3,2,WEAK,False,V2
F00885,worldbench_1100,Grok,worldbench,natural,4,3,WEAK,False,V2
F00886,mme_realworld_19904,Luna,mme_realworld,natural,3,2,KEEP,True,V2
F00887,mmmu_pro_std_test_Clinical_Medicine_33,GLM,mmmu_pro,academic,4,3,WEAK,False,V2
F00888,mmmu_pro_std_test_Manage_22,Grok,mmmu_pro,academic,4,3,UNRESOLVED,False,V2
F00889,worldbench_0445,Grok,worldbench,count,3,2,WEAK,False,V2
F00890,mme_realworld_16883,Grok,mme_realworld,text,3,2,KEEP,True,V2
F00891,worldbench_0620,Grok,worldbench,natural,3,2,KEEP,True,V2
F00892,mme_realworld_21821,Luna,mme_realworld,count,5,4,WEAK,False,V2
F00893,worldbench_0783,Sol 5.6,worldbench,natural,3,2,KEEP,True,V2
F00894,mme_realworld_19797,Grok,mme_realworld,text,3,2,KEEP,True,V2
F00895,mme_realworld_19953,Grok,mme_realworld,natural,3,2,WEAK,False,V2
F00896,mme_realworld_21689,Gemini,mme_realworld,count,4,3,KEEP,True,V2
F00897,mme_realworld_21058,Sol 5.6,mme_realworld,natural,3,2,KEEP,True,V2
F00898,mme_realworld_20288,GLM,mme_realworld,natural,3,2,WEAK,False,V2
F00899,mme_realworld_19413,GLM,mme_realworld,text,3,2,KEEP,True,V2
F00900,visreason_c9_411,GLM,visreason,visual_puzzle,4,3,WEAK,False,V2
F00901,visreason_c9_224,GLM,visreason,visual_puzzle,3,2,WEAK,False,V2
F00902,mme_realworld_14173,Grok,mme_realworld,text,5,4,WEAK,False,V2
F00903,mme_realworld_22017,Grok,mme_realworld,count,3,2,KEEP,True,V2
F00904,mme_realworld_lite_17677,Grok,mme_realworld,text,3,2,KEEP,True,V2
F00905,worldbench_1472,Grok,worldbench,natural,3,2,WEAK,False,V2
F00906,mme_realworld_17795,Luna,mme_realworld,text,3,2,KEEP,True,V2
F00907,mme_realworld_lite_21555,Astra,mme_realworld,count,4,3,KEEP,True,V2
F00908,visreason_c9_129,GLM,visreason,visual_puzzle,5,4,KEEP,True,V2
F00909,mme_realworld_12856,Gemini,mme_realworld,natural,3,2,KEEP,True,V2
F00910,mme_realworld_21245,Grok,mme_realworld,count,4,3,KEEP,True,V2
F00911,mme_realworld_00461,Grok,mme_realworld,natural,4,3,KEEP,True,V2
F00912,mme_realworld_14612,GLM,mme_realworld,text,3,2,WEAK,False,V2
F00913,mme_realworld_16854,Grok,mme_realworld,text,3,2,WEAK,False,V2
F00914,mme_realworld_12837,GLM,mme_realworld,natural,3,2,KEEP,True,V2
F00915,visreason_c10_64,GLM,visreason,visual_puzzle,3,2,WEAK,False,V2
F00916,worldbench_1559,GLM,worldbench,chart_table,6,5,WEAK,False,V2
F00917,mme_realworld_13059,Luna,mme_realworld,natural,3,2,WEAK,False,V2
F00918,mme_realworld_19251,Grok,mme_realworld,text,3,2,WEAK,False,V2
F00919,mme_realworld_20612,Grok,mme_realworld,natural,3,2,WEAK,False,V2
F00920,visreason_c10_7_15,GLM,visreason,visual_puzzle,4,3,UNRESOLVED,False,V2
F00921,mme_realworld_08358,Grok,mme_realworld,chart_table,3,2,WEAK,False,V2
F00922,mme_realworld_10826,GLM,mme_realworld,chart_table,3,2,KEEP,True,V2
F00923,mme_realworld_16022,Grok,mme_realworld,text,3,2,KEEP,True,V2
F00924,mme_realworld_21156,Grok,mme_realworld,count,4,3,BAD,False,V2
F00925,mme_realworld_02697,Astra,mme_realworld,count,3,2,UNRESOLVED,False,V2
F00926,mme_realworld_21382,Grok,mme_realworld,count,4,3,WEAK,False,V2
F00927,mmmu_pro_std_validation_Public_Health_24,Grok,mmmu_pro,academic,5,4,WEAK,False,V2
F00928,mme_realworld_00002,GLM,mme_realworld,natural,4,3,KEEP,True,V2
F00929,mme_realworld_14163,GLM,mme_realworld,text,3,2,KEEP,True,V2
F00930,mme_realworld_19979,GLM,mme_realworld,natural,3,2,WEAK,False,V2
F00931,mme_realworld_06211,Grok,mme_realworld,chart_table,3,2,WEAK,False,V2
F00932,visreason_c9_8_12,GLM,visreason,visual_puzzle,4,3,UNRESOLVED,False,V2
F00933,mme_realworld_16927,Luna,mme_realworld,text,3,2,WEAK,False,V2
F00934,worldbench_1223,Grok,worldbench,natural,3,2,KEEP,True,V2
F00935,mme_realworld_10577,Grok,mme_realworld,chart_table,3,2,KEEP,True,V2
F00936,mme_realworld_16928,Grok,mme_realworld,text,3,2,WEAK,False,V2
F00937,worldbench_1978,Gemini,worldbench,count,3,2,KEEP,True,V2
F00938,mme_realworld_21284,Sol 5.6,mme_realworld,count,5,4,WEAK,False,V2
F00939,mme_realworld_16817,Luna,mme_realworld,text,3,2,WEAK,False,V2
F00940,mme_realworld_08054,Grok,mme_realworld,chart_table,3,2,WEAK,False,V2
F00941,mme_realworld_10031,Grok,mme_realworld,chart_table,4,3,KEEP,True,V2
F00942,mme_realworld_06066,Grok,mme_realworld,chart_table,3,2,KEEP,True,V2
F00943,worldbench_0054,Grok,worldbench,natural,3,2,WEAK,False,V2
F00944,mme_realworld_19898,Sol 5.6,mme_realworld,natural,3,2,KEEP,True,V2
F00945,mme_realworld_20397,Grok,mme_realworld,natural,3,2,WEAK,False,V2
F00946,mme_realworld_14810,GLM,mme_realworld,text,3,2,UNRESOLVED,False,V2
F00947,worldbench_1179,Grok,worldbench,natural,3,2,KEEP,True,V2
F00948,mme_realworld_20560,Grok,mme_realworld,natural,3,2,WEAK,False,V2
F00949,mme_realworld_10773,GLM,mme_realworld,chart_table,3,2,KEEP,True,V2
F00950,mme_realworld_10002,Grok,mme_realworld,chart_table,3,2,KEEP,True,V2
F00951,worldbench_0089,Grok,worldbench,natural,4,3,WEAK,False,V2
F00952,worldbench_1186,Sol 5.6,worldbench,count,3,2,WEAK,False,V2
F00953,mme_realworld_16516,GLM,mme_realworld,text,3,2,WEAK,False,V2
F00954,mme_realworld_12963,GLM,mme_realworld,natural,3,2,KEEP,True,V2
F00955,mme_realworld_18955,GLM,mme_realworld,text,3,2,WEAK,False,V2
F00956,mme_realworld_20648,Sol 5.6,mme_realworld,natural,3,2,KEEP,True,V2
F00957,mme_realworld_15144,GLM,mme_realworld,text,3,2,WEAK,False,V2
F00958,mme_realworld_22959,Luna,mme_realworld,natural,3,2,WEAK,False,V2
F00959,mme_realworld_03377,Grok,mme_realworld,natural,3,2,KEEP,True,V2
F00960,mme_realworld_08348,Grok,mme_realworld,chart_table,3,2,KEEP,True,V2
F00961,mme_realworld_20320,Grok,mme_realworld,natural,3,2,WEAK,False,V2
F00962,worldbench_1002,Grok,worldbench,natural,3,2,WEAK,False,V2
F00963,mme_realworld_21995,Grok,mme_realworld,count,3,2,WEAK,False,V2
F00964,worldbench_0591,GLM,worldbench,natural,5,4,BAD,False,V2
F00965,mme_realworld_20799,Grok,mme_realworld,natural,3,2,WEAK,False,V2
F00966,mmmu_pro_std_test_Manage_75,Grok,mmmu_pro,academic,3,2,KEEP,True,V2
F00967,mme_realworld_23360,Sol 5.6,mme_realworld,natural,3,2,KEEP,True,V2
F00968,visreason_c4_48,Sol 5.6,visreason,visual_puzzle,3,2,KEEP,True,V2
F00969,mme_realworld_06975,Grok,mme_realworld,chart_table,3,2,WEAK,False,V2
F00970,mme_realworld_22067,Grok,mme_realworld,count,3,2,KEEP,True,V2
F00971,mme_realworld_02089,Luna,mme_realworld,natural,3,2,WEAK,False,V2
F00972,mme_realworld_02814,Sol 5.6,mme_realworld,count,3,2,KEEP,True,V2
F00973,mmmu_pro_std_test_Physics_210,GLM,mmmu_pro,academic,3,2,WEAK,False,V2
F00974,mmmu_pro_std_test_Energy_and_Power_276,Grok,mmmu_pro,academic,3,2,WEAK,False,V2
F00975,mme_realworld_09643,Grok,mme_realworld,chart_table,3,2,KEEP,True,V2
F00976,mmmu_pro_std_test_Marketing_130,GLM,mmmu_pro,academic,3,2,BAD,False,V2
F00977,worldbench_0166,GLM,worldbench,natural,3,2,KEEP,True,V2
F00978,visreason_c4_100,Grok,visreason,visual_puzzle,5,4,KEEP,True,V2
F00979,mme_realworld_01031,GLM,mme_realworld,natural,6,5,WEAK,False,V2
F00980,mme_realworld_20859,Sol 5.6,mme_realworld,natural,3,2,WEAK,False,V2
F00981,mme_realworld_16874,Luna,mme_realworld,text,3,2,KEEP,True,V2
F00982,worldbench_0830,Astra,worldbench,natural,3,2,KEEP,True,V2
F00983,mme_realworld_21658,Sol 5.6,mme_realworld,count,3,2,UNRESOLVED,False,V2
F00984,mmmu_pro_std_test_Music_327,Grok,mmmu_pro,academic,3,2,WEAK,False,V2
F00985,mme_realworld_22004,Gemini,mme_realworld,count,3,2,KEEP,True,V2
F00986,mme_realworld_lite_19387,Grok,mme_realworld,text,3,2,WEAK,False,V2
F00987,mme_realworld_07221,Grok,mme_realworld,chart_table,3,2,KEEP,True,V2
F00988,mme_realworld_22276,Sol 5.6,mme_realworld,count,6,5,KEEP,True,V2
F00989,worldbench_1928,GLM,worldbench,natural,4,3,KEEP,True,V2
F00990,mme_realworld_02438,Sol 5.6,mme_realworld,natural,3,2,KEEP,True,V2
F00991,mme_realworld_19058,Grok,mme_realworld,text,3,2,WEAK,False,V2
F00992,visreason_c4_9,Sol 5.6,visreason,visual_puzzle,3,2,WEAK,False,V2
F00993,mme_realworld_02246,Luna,mme_realworld,natural,3,2,KEEP,True,V2
F00994,mme_realworld_21337,Luna,mme_realworld,count,3,2,WEAK,False,V2
F00995,worldbench_0866,Grok,worldbench,natural,3,2,WEAK,False,V2
F00996,worldbench_1733,Gemini,worldbench,count,3,2,KEEP,True,V2
F00997,worldbench_0472,Grok,worldbench,natural,4,3,KEEP,True,V2
F00998,mme_realworld_07696,Grok,mme_realworld,chart_table,3,2,KEEP,True,V2
F00999,mmmu_pro_std_test_Economics_210,Grok,mmmu_pro,academic,3,2,WEAK,False,V2
F01000,mme_realworld_04642,Gemini,mme_realworld,natural,3,2,WEAK,False,V2
F01001,worldbench_1838,Grok,worldbench,academic,5,4,WEAK,False,V2
F01002,mme_realworld_lite_15327,Grok,mme_realworld,text,3,2,KEEP,True,V2
F01003,mme_realworld_03093,Gemini,mme_realworld,count,3,2,KEEP,True,V2
F01004,mme_realworld_08541,Grok,mme_realworld,chart_table,3,2,KEEP,True,V2
F01005,mme_realworld_20518,Grok,mme_realworld,natural,4,3,WEAK,False,V2
F01006,visreason_c10_7_11,Grok,visreason,visual_puzzle,3,2,UNRESOLVED,False,V2
F01007,mme_realworld_11362,Luna,mme_realworld,natural,5,4,KEEP,True,V2
F01008,mme_realworld_16017,Grok,mme_realworld,text,3,2,WEAK,False,V2
F01009,mme_realworld_10675,Sol 5.6,mme_realworld,chart_table,3,2,KEEP,True,V2
F01010,mme_realworld_10463,Grok,mme_realworld,chart_table,3,2,WEAK,False,V2
F01011,worldbench_1353,Grok,worldbench,natural,3,2,WEAK,False,V2
F01012,mme_realworld_21945,Sol 5.6,mme_realworld,count,4,3,KEEP,True,V2
F01013,mme_realworld_17584,Grok,mme_realworld,text,4,3,KEEP,True,V2
F01014,mme_realworld_05064,Grok,mme_realworld,chart_table,4,3,KEEP,True,V2
F01015,mme_realworld_17378,Grok,mme_realworld,text,3,2,KEEP,True,V2
F01016,mme_realworld_14358,Grok,mme_realworld,text,3,2,KEEP,True,V2
F01017,mme_realworld_20416,Grok,mme_realworld,natural,3,2,WEAK,False,V2
F01018,worldbench_1043,Grok,worldbench,natural,3,2,WEAK,False,V2
F01019,mme_realworld_20734,Grok,mme_realworld,natural,3,2,KEEP,True,V2
F01020,mme_realworld_20825,Gemini,mme_realworld,natural,3,2,WEAK,False,V2
F01021,mme_realworld_01293,GLM,mme_realworld,natural,4,3,WEAK,False,V2
F01022,mme_realworld_05160,Grok,mme_realworld,chart_table,3,2,KEEP,True,V2
F01023,mme_realworld_04841,Grok,mme_realworld,natural,5,4,UNRESOLVED,False,V2
F01024,mme_realworld_12966,Sol 5.6,mme_realworld,natural,4,3,KEEP,True,V2
F01025,worldbench_0473,Sol 5.6,worldbench,natural,3,2,KEEP,True,V2
F01026,mme_realworld_01064,Grok,mme_realworld,natural,4,3,WEAK,False,V2
F01027,visreason_c10_7_3,Grok,visreason,visual_puzzle,5,4,WEAK,False,V2
F01028,worldbench_0469,Sol 5.6,worldbench,natural,3,2,KEEP,True,V2
F01029,vs_011,GLM,vstar,natural,3,2,WEAK,False,V2
F01030,mme_realworld_21367,Sol 5.6,mme_realworld,count,3,2,KEEP,True,V2
F01031,mme_realworld_02666,GLM,mme_realworld,count,9,8,UNRESOLVED,False,V2
F01032,worldbench_1056,Sol 5.6,worldbench,natural,3,2,WEAK,False,V2
F01033,worldbench_0834,Gemini,worldbench,count,3,2,WEAK,False,V2
F01034,vs_097,Luna,vstar,natural,3,2,KEEP,True,V2
F01035,worldbench_0564,Grok,worldbench,natural,3,2,KEEP,True,V2
F01036,mme_realworld_05216,Luna,mme_realworld,chart_table,3,2,KEEP,True,V2
F01037,mme_realworld_21682,Sol 5.6,mme_realworld,count,3,2,KEEP,True,V2
F01038,visreason_c9_317,GLM,visreason,visual_puzzle,6,5,WEAK,False,V2
F01039,mme_realworld_05402,Grok,mme_realworld,chart_table,3,2,KEEP,True,V2
F01040,visreason_c5_57,Grok,visreason,visual_puzzle,3,2,WEAK,False,V2
F01041,mme_realworld_22089,Grok,mme_realworld,count,3,2,KEEP,True,V2
F01042,mme_realworld_17998,GLM,mme_realworld,text,3,2,KEEP,True,V2
F01043,worldbench_0412,GLM,worldbench,natural,3,2,KEEP,True,V2
F01044,mme_realworld_17783,Grok,mme_realworld,text,4,3,WEAK,False,V2
F01045,mme_realworld_21752,GLM,mme_realworld,count,3,2,WEAK,False,V2
F01046,mme_realworld_21892,Grok,mme_realworld,count,3,2,WEAK,False,V2
F01047,mme_realworld_13340,Luna,mme_realworld,natural,3,2,KEEP,True,V2
F01048,mme_realworld_19303,Grok,mme_realworld,text,3,2,WEAK,False,V2
F01049,mme_realworld_22061,GLM,mme_realworld,count,5,4,UNRESOLVED,False,V2
F01050,mme_realworld_21492,Sol 5.6,mme_realworld,count,5,4,KEEP,True,V2
F01051,visreason_c10_92,GLM,visreason,visual_puzzle,4,3,WEAK,False,V2
F01052,mme_realworld_05890,Grok,mme_realworld,chart_table,3,2,KEEP,True,V2
F01053,mme_realworld_18912,Grok,mme_realworld,text,3,2,KEEP,True,V2
F01054,mme_realworld_21386,Grok,mme_realworld,count,5,4,WEAK,False,V2
F01055,mme_realworld_11222,Grok,mme_realworld,natural,4,3,KEEP,True,V2
F01056,worldbench_0920,Grok,worldbench,count,3,2,WEAK,False,V2
F01057,worldbench_1525,GLM,worldbench,chart_table,3,2,KEEP,True,V2
F01058,worldbench_0756,Gemini,worldbench,count,3,2,KEEP,True,V2
F01059,mme_realworld_20312,Grok,mme_realworld,natural,3,2,WEAK,False,V2
F01060,mmmu_pro_std_test_Computer_Science_363,GLM,mmmu_pro,academic,4,3,KEEP,True,V2
F01061,mme_realworld_05083,Grok,mme_realworld,chart_table,3,2,WEAK,False,V2
F01062,mme_realworld_16193,GLM,mme_realworld,text,3,2,WEAK,False,V2
F01063,mme_realworld_11294,Grok,mme_realworld,natural,3,2,KEEP,True,V2
F01064,mme_realworld_01078,Sol 5.6,mme_realworld,natural,4,3,UNRESOLVED,False,V2
F01065,mme_realworld_01599,Grok,mme_realworld,natural,5,4,WEAK,False,V2
F01066,mme_realworld_15669,Grok,mme_realworld,text,3,2,KEEP,True,V2
F01067,mme_realworld_22295,Sol 5.6,mme_realworld,count,3,2,WEAK,False,V2
F01068,mme_realworld_19889,Grok,mme_realworld,natural,3,2,WEAK,False,V2
F01069,mme_realworld_18961,Luna,mme_realworld,text,3,2,WEAK,False,V2
F01070,mme_realworld_22082,Luna,mme_realworld,count,4,3,KEEP,True,V2
F01071,worldbench_1075,Grok,worldbench,natural,3,2,WEAK,False,V2
F01072,mme_realworld_06876,Luna,mme_realworld,chart_table,3,2,KEEP,True,V2
F01073,worldbench_0102,Luna,worldbench,natural,4,3,KEEP,True,V2
F01074,mme_realworld_00391,Grok,mme_realworld,natural,3,2,WEAK,False,V2
F01075,worldbench_0961,GLM,worldbench,natural,7,6,WEAK,False,V2
F01076,worldbench_0558,Grok,worldbench,natural,3,2,WEAK,False,V2
F01077,worldbench_0784,Sol 5.6,worldbench,count,3,2,KEEP,True,V2
F01078,mme_realworld_11524,Grok,mme_realworld,natural,4,3,KEEP,True,V2
F01079,mme_realworld_20783,Sol 5.6,mme_realworld,natural,3,2,KEEP,True,V2
F01080,mme_realworld_17810,Sol 5.6,mme_realworld,text,3,2,KEEP,True,V2
F01081,mme_realworld_07466,Grok,mme_realworld,chart_table,3,2,WEAK,False,V2
F01082,mme_realworld_00406,GLM,mme_realworld,natural,4,3,KEEP,True,V2
F01083,mmmu_pro_std_test_Biology_285,Sol 5.6,mmmu_pro,academic,3,2,KEEP,True,V2
F01084,worldbench_1380,GLM,worldbench,natural,3,2,WEAK,False,V2
F01085,mme_realworld_22288,Grok,mme_realworld,count,3,2,WEAK,False,V2
F01086,mme_realworld_00946,Luna,mme_realworld,natural,3,2,KEEP,True,V2
F01087,mme_realworld_21155,Sol 5.6,mme_realworld,count,3,2,WEAK,False,V2
F01088,mme_realworld_22248,Astra,mme_realworld,count,3,2,KEEP,True,V2
F01089,mme_realworld_07341,Grok,mme_realworld,chart_table,3,2,KEEP,True,V2
F01090,worldbench_1360,Grok,worldbench,natural,4,3,BAD,False,V2
F01091,mme_realworld_15335,GLM,mme_realworld,text,3,2,WEAK,False,V2
F01092,mme_realworld_10108,Grok,mme_realworld,chart_table,4,3,KEEP,True,V2
F01093,worldbench_1467,GLM,worldbench,natural,3,2,KEEP,True,V2
F01094,mme_realworld_05105,Grok,mme_realworld,chart_table,3,2,KEEP,True,V2
F01095,visreason_c9_6_11,GLM,visreason,visual_puzzle,5,4,UNRESOLVED,False,V2
F01096,mme_realworld_10061,GLM,mme_realworld,chart_table,3,2,WEAK,False,V2
F01097,visreason_c9_423,GLM,visreason,visual_puzzle,4,3,WEAK,False,V2
F01098,mme_realworld_06671,Grok,mme_realworld,chart_table,3,2,WEAK,False,V2
F01099,mme_realworld_07832,Luna,mme_realworld,chart_table,3,2,KEEP,True,V2
F01100,mme_realworld_05453,Grok,mme_realworld,chart_table,3,2,KEEP,True,V2
F01101,mme_realworld_11254,Grok,mme_realworld,natural,5,4,KEEP,True,V2
F01102,mmmu_pro_std_test_Chemistry_400,Grok,mmmu_pro,academic,7,6,WEAK,False,V2
F01103,mme_realworld_20678,Sol 5.6,mme_realworld,natural,3,2,KEEP,True,V2
F01104,mme_realworld_21344,GLM,mme_realworld,count,3,2,KEEP,True,V2
F01105,worldbench_0377,Sol 5.6,worldbench,natural,3,2,KEEP,True,V2
F01106,mme_realworld_19929,Sol 5.6,mme_realworld,natural,3,2,KEEP,True,V2
F01107,visreason_c9_6_16,GLM,visreason,visual_puzzle,9,8,UNRESOLVED,False,V2
F01108,mme_realworld_07470,Grok,mme_realworld,chart_table,3,2,KEEP,True,V2
F01109,mmmu_pro_std_test_Basic_Medical_Science_270,Grok,mmmu_pro,academic,3,2,KEEP,True,V2
F01110,mme_realworld_16564,Grok,mme_realworld,text,3,2,WEAK,False,V2
F01111,mme_realworld_18763,GLM,mme_realworld,text,3,2,UNRESOLVED,False,V2
F01112,mme_realworld_07090,Grok,mme_realworld,chart_table,3,2,KEEP,True,V2
F01113,worldbench_1409,Gemini,worldbench,count,3,2,KEEP,True,V2
F01114,mme_realworld_21138,Grok,mme_realworld,count,3,2,WEAK,False,V2
F01115,mme_realworld_08027,Grok,mme_realworld,chart_table,3,2,WEAK,False,V2
F01116,mme_realworld_11348,GLM,mme_realworld,natural,9,8,WEAK,False,V2
F01117,mme_realworld_19766,GLM,mme_realworld,text,3,2,KEEP,True,V2
F01118,visreason_c4_24,Sol 5.6,visreason,visual_puzzle,3,2,WEAK,False,V2
F01119,mme_realworld_15225,Grok,mme_realworld,text,3,2,WEAK,False,V2
F01120,mme_realworld_lite_21495,GLM,mme_realworld,count,3,2,KEEP,True,V2
F01121,mme_realworld_07544,Grok,mme_realworld,chart_table,3,2,KEEP,True,V2
F01122,worldbench_1992,Grok,worldbench,natural,4,3,KEEP,True,V2
F01123,mme_realworld_16896,Luna,mme_realworld,text,3,2,KEEP,True,V2
F01124,worldbench_0036,Grok,worldbench,count,5,4,WEAK,False,V2
F01125,mme_realworld_16740,Grok,mme_realworld,text,3,2,WEAK,False,V2
F01126,mme_realworld_03013,K3,mme_realworld,count,4,3,KEEP,True,V2
F01127,mmmu_pro_std_test_Chemistry_326,Luna,mmmu_pro,academic,4,3,WEAK,False,V2
F01128,mme_realworld_16124,Grok,mme_realworld,text,3,2,WEAK,False,V2
F01129,mmmu_pro_std_test_Diagnostics_and_Laboratory_Medicine_147,GLM,mmmu_pro,academic,3,2,UNRESOLVED,False,V2
F01130,mme_realworld_10716,Grok,mme_realworld,chart_table,4,3,KEEP,True,V2
F01131,mme_realworld_16589,Luna,mme_realworld,text,3,2,KEEP,True,V2
F01132,worldbench_0648,GLM,worldbench,natural,3,2,KEEP,True,V2
F01133,mme_realworld_18441,Luna,mme_realworld,text,5,4,WEAK,False,V2
F01134,vs_119,Grok,vstar,natural,3,2,WEAK,False,V2
F01135,mme_realworld_lite_22448,Grok,mme_realworld,natural,3,2,WEAK,False,V2
F01136,mme_realworld_06833,Grok,mme_realworld,chart_table,3,2,KEEP,True,V2
F01137,mme_realworld_06165,Grok,mme_realworld,chart_table,4,3,WEAK,False,V2
F01138,visreason_c1_4_8,Grok,visreason,visual_puzzle,8,7,WEAK,False,V2
F01139,mme_realworld_18141,Grok,mme_realworld,text,3,2,KEEP,True,V2
F01140,mme_realworld_21354,Grok,mme_realworld,count,6,5,WEAK,False,V2
F01141,mme_realworld_12792,GLM,mme_realworld,natural,4,3,WEAK,False,V2
F01142,mme_realworld_21663,Grok,mme_realworld,count,5,4,KEEP,True,V2
F01143,mme_realworld_14345,Grok,mme_realworld,text,3,2,WEAK,False,V2
F01144,mme_realworld_07286,Grok,mme_realworld,chart_table,4,3,KEEP,True,V2
F01145,mme_realworld_21071,GLM,mme_realworld,natural,3,2,KEEP,True,V2
F01146,mme_realworld_14504,GLM,mme_realworld,text,3,2,KEEP,True,V2
F01147,mme_realworld_11545,Sol 5.6,mme_realworld,natural,3,2,UNRESOLVED,False,V2
F01148,mme_realworld_06277,Grok,mme_realworld,chart_table,3,2,KEEP,True,V2
F01149,mme_realworld_23399,Grok,mme_realworld,natural,3,2,KEEP,True,V2
F01150,mmmu_pro_std_validation_Materials_30,Grok,mmmu_pro,academic,4,3,WEAK,False,V2
F01151,vs_168,Grok,vstar,natural,3,2,KEEP,True,V2
F01152,vs_177,Grok,vstar,natural,4,3,KEEP,True,V2
F01153,worldbench_1521,Grok,worldbench,chart_table,3,2,KEEP,True,V2
F01154,mme_realworld_21390,Grok,mme_realworld,count,3,2,WEAK,False,V2
F01155,mme_realworld_17831,Luna,mme_realworld,text,3,2,KEEP,True,V2
F01156,mme_realworld_04188,Sol 5.6,mme_realworld,natural,3,2,UNRESOLVED,False,V2
F01157,mme_realworld_14318,Grok,mme_realworld,text,3,2,KEEP,True,V2
F01158,mme_realworld_22134,Grok,mme_realworld,count,3,2,WEAK,False,V2
F01159,mme_realworld_06381,Grok,mme_realworld,chart_table,3,2,WEAK,False,V2
F01160,mme_realworld_08331,Grok,mme_realworld,chart_table,5,4,KEEP,True,V2
F01161,visreason_c9_211,GLM,visreason,visual_puzzle,5,4,KEEP,True,V2
F01162,mme_realworld_21309,Sol 5.6,mme_realworld,count,3,2,WEAK,False,V2
F01163,mme_realworld_21711,Sol 5.6,mme_realworld,count,3,2,KEEP,True,V2
F01164,mme_realworld_09711,Sol 5.6,mme_realworld,chart_table,3,2,KEEP,True,V2
F01165,mme_realworld_21829,Astra,mme_realworld,count,3,2,WEAK,False,V2
F01166,mme_realworld_20588,Grok,mme_realworld,natural,3,2,KEEP,True,V2
F01167,worldbench_1417,Grok,worldbench,natural,3,2,KEEP,True,V2
F01168,worldbench_1858,Gemini,worldbench,academic,3,2,KEEP,True,V2
F01169,mmmu_pro_std_test_Mechanical_Engineering_96,Astra,mmmu_pro,academic,3,2,WEAK,False,V2
F01170,mme_realworld_18380,Grok,mme_realworld,text,3,2,WEAK,False,V2
F01171,mme_realworld_08312,Grok,mme_realworld,chart_table,4,3,WEAK,False,V2
F01172,mme_realworld_22142,Grok,mme_realworld,count,4,3,WEAK,False,V2
F01173,mme_realworld_15412,Grok,mme_realworld,text,3,2,KEEP,True,V2
F01174,mme_realworld_03047,Grok,mme_realworld,count,9,8,WEAK,False,V2
F01175,mme_realworld_15835,Grok,mme_realworld,text,3,2,UNRESOLVED,False,V2
F01176,worldbench_1961,GLM,worldbench,natural,4,3,WEAK,False,V2
F01177,mme_realworld_11654,Grok,mme_realworld,natural,3,2,KEEP,True,V2
F01178,worldbench_0416,Astra,worldbench,count,3,2,KEEP,True,V2
F01179,worldbench_0754,Sol 5.6,worldbench,natural,3,2,KEEP,True,V2
F01180,worldbench_1670,GLM,worldbench,chart_table,5,4,KEEP,True,V2
F01181,mme_realworld_19097,Sol 5.6,mme_realworld,text,3,2,KEEP,True,V2
F01182,mme_realworld_12502,Sol 5.6,mme_realworld,natural,3,2,UNRESOLVED,False,V2
F01183,mme_realworld_17890,Grok,mme_realworld,text,3,2,KEEP,True,V2
F01184,mme_realworld_15555,Grok,mme_realworld,text,3,2,KEEP,True,V2
F01185,mme_realworld_21255,Astra,mme_realworld,count,6,5,UNRESOLVED,False,V2
F01186,mme_realworld_18063,GLM,mme_realworld,text,3,2,WEAK,False,V2
F01187,worldbench_1173,Grok,worldbench,natural,4,3,WEAK,False,V2
F01188,mmmu_pro_std_validation_Electronics_14,Grok,mmmu_pro,academic,3,2,WEAK,False,V2
F01189,worldbench_0058,Luna,worldbench,count,4,3,WEAK,False,V2
F01190,mme_realworld_01353,GLM,mme_realworld,natural,3,2,WEAK,False,V2
F01191,worldbench_1975,Grok,worldbench,natural,3,2,WEAK,False,V2
F01192,mme_realworld_02831,Luna,mme_realworld,count,3,2,KEEP,True,V2
F01193,worldbench_1429,Grok,worldbench,count,6,5,WEAK,False,V2
F01194,mme_realworld_04850,Gemini,mme_realworld,natural,4,3,KEEP,True,V2
F01195,worldbench_0873,Grok,worldbench,natural,5,4,KEEP,True,V2
F01196,mme_realworld_11186,Grok,mme_realworld,natural,4,3,KEEP,True,V2
F01197,mme_realworld_10181,Grok,mme_realworld,chart_table,3,2,KEEP,True,V2
F01198,mme_realworld_22068,Astra,mme_realworld,count,3,2,UNRESOLVED,False,V2
F01199,mme_realworld_14494,Grok,mme_realworld,text,3,2,WEAK,False,V2
F01200,mme_realworld_09662,Grok,mme_realworld,chart_table,5,4,WEAK,False,V2
F01201,mme_realworld_06650,Grok,mme_realworld,chart_table,3,2,KEEP,True,V2
F01202,mme_realworld_00487,Grok,mme_realworld,natural,4,3,KEEP,True,V2
F01203,worldbench_1051,Sol 5.6,worldbench,natural,6,5,KEEP,True,V2
F01204,mme_realworld_02235,Luna,mme_realworld,natural,3,2,KEEP,True,V2
F01205,mme_realworld_17569,Sol 5.6,mme_realworld,text,3,2,UNRESOLVED,False,V2
F01206,mme_realworld_19406,GLM,mme_realworld,text,3,2,WEAK,False,V2
F01207,mme_realworld_21659,Grok,mme_realworld,count,9,8,WEAK,False,V2
F01208,mme_realworld_00669,GLM,mme_realworld,natural,5,4,KEEP,True,V2
F01209,mme_realworld_20969,Luna,mme_realworld,natural,3,2,KEEP,True,V2
F01210,mme_realworld_17904,Luna,mme_realworld,text,3,2,WEAK,False,V2
F01211,mme_realworld_02732,Sol 5.6,mme_realworld,count,4,3,UNRESOLVED,False,V2
F01212,mme_realworld_11631,Grok,mme_realworld,natural,7,6,KEEP,True,V2
F01213,mme_realworld_22241,Sol 5.6,mme_realworld,count,6,5,KEEP,True,V2
F01214,mme_realworld_16756,Luna,mme_realworld,text,3,2,WEAK,False,V2
F01215,mme_realworld_02830,GLM,mme_realworld,count,8,7,WEAK,False,V2
F01216,mme_realworld_21285,Grok,mme_realworld,count,5,4,WEAK,False,V2
F01217,mme_realworld_14254,GLM,mme_realworld,text,3,2,WEAK,False,V2
F01218,mme_realworld_22049,Luna,mme_realworld,count,3,2,KEEP,True,V2
F01219,worldbench_1072,GLM,worldbench,count,3,2,WEAK,False,V2
F01220,mme_realworld_02752,Gemini,mme_realworld,count,3,2,KEEP,True,V2
F01221,mme_realworld_16415,Grok,mme_realworld,text,3,2,WEAK,False,V2
F01222,mme_realworld_10904,Grok,mme_realworld,chart_table,3,2,KEEP,True,V2
F01223,mme_realworld_20452,Grok,mme_realworld,natural,3,2,WEAK,False,V2
F01224,vs_061,Luna,vstar,natural,3,2,WEAK,False,V2
F01225,worldbench_0209,GLM,worldbench,natural,3,2,WEAK,False,V2
F01226,mme_realworld_11168,GLM,mme_realworld,natural,5,4,KEEP,True,V2
F01227,mme_realworld_00226,Grok,mme_realworld,natural,4,3,KEEP,True,V2
F01228,worldbench_0888,Grok,worldbench,natural,3,2,KEEP,True,V2
F01229,mme_realworld_10819,Luna,mme_realworld,chart_table,3,2,KEEP,True,V2
F01230,visreason_c1_3_1,Grok,visreason,visual_puzzle,6,5,WEAK,False,V2
F01231,mme_realworld_17227,Grok,mme_realworld,text,3,2,WEAK,False,V2
F01232,worldbench_1788,Grok,worldbench,count,4,3,WEAK,False,V2
F01233,mme_realworld_20241,GLM,mme_realworld,natural,3,2,WEAK,False,V2
F01234,mme_realworld_02796,Sol 5.6,mme_realworld,count,6,5,KEEP,True,V2
F01235,mme_realworld_13141,Astra,mme_realworld,natural,3,2,KEEP,True,V2
F01236,mme_realworld_lite_19162,Sol 5.6,mme_realworld,text,3,2,WEAK,False,V2
F01237,worldbench_0351,Grok,worldbench,natural,3,2,KEEP,True,V2
F01238,mme_realworld_14030,Grok,mme_realworld,text,3,2,KEEP,True,V2
F01239,mme_realworld_06785,GLM,mme_realworld,chart_table,3,2,KEEP,True,V2
F01240,mme_realworld_02706,Sol 5.6,mme_realworld,count,3,2,UNRESOLVED,False,V2
F01241,mme_realworld_16968,Luna,mme_realworld,text,3,2,KEEP,True,V2
F01242,mme_realworld_22828,Luna,mme_realworld,natural,4,3,KEEP,True,V2
F01243,mme_realworld_lite_21652,Grok,mme_realworld,count,3,2,KEEP,True,V2
F01244,worldbench_0402,Grok,worldbench,natural,6,5,WEAK,False,V2
F01245,mme_realworld_18712,Grok,mme_realworld,text,3,2,WEAK,False,V2
F01246,worldbench_1005,GLM,worldbench,natural,3,2,KEEP,True,V2
F01247,mme_realworld_09411,Grok,mme_realworld,chart_table,3,2,KEEP,True,V2
F01248,mme_realworld_16946,Luna,mme_realworld,text,4,3,KEEP,True,V2
F01249,mme_realworld_16830,Luna,mme_realworld,text,2,1,KEEP,True,V2
F01250,mme_realworld_13564,Luna,mme_realworld,natural,2,1,KEEP,True,V2
F01251,mme_realworld_18479,Sol 5.6,mme_realworld,text,2,1,KEEP,True,V2
F01252,mme_realworld_14878,GLM,mme_realworld,text,2,1,WEAK,False,V2
F01253,visreason_c4_45,Sol 5.6,visreason,visual_puzzle,2,1,UNRESOLVED,False,V2
F01254,mme_realworld_16012,GLM,mme_realworld,text,2,1,WEAK,False,V2
F01255,mme_realworld_23096,Grok,mme_realworld,natural,2,1,KEEP,True,V2
F01256,mme_realworld_06264,Luna,mme_realworld,chart_table,2,1,KEEP,True,V2
F01257,mme_realworld_18424,Grok,mme_realworld,text,2,1,KEEP,True,V2
F01258,mme_realworld_08365,GLM,mme_realworld,chart_table,2,1,KEEP,True,V2
F01259,mme_realworld_18327,GLM,mme_realworld,text,2,1,KEEP,True,V2
F01260,mme_realworld_18146,Grok,mme_realworld,text,2,1,KEEP,True,V2
F01261,mme_realworld_02132,Sol 5.6,mme_realworld,natural,2,1,KEEP,True,V2
F01262,worldbench_1042,Grok,worldbench,natural,2,1,WEAK,False,V2
F01263,mme_realworld_20659,Sol 5.6,mme_realworld,natural,2,1,KEEP,True,V2
F01264,mme_realworld_11897,Grok,mme_realworld,natural,2,1,WEAK,False,V2
F01265,mme_realworld_18830,Grok,mme_realworld,text,2,1,KEEP,True,V2
F01266,mme_realworld_10694,GLM,mme_realworld,chart_table,2,1,KEEP,True,V2
F01267,mme_realworld_15355,Luna,mme_realworld,text,2,1,KEEP,True,V2
F01268,mme_realworld_16995,K3,mme_realworld,text,2,1,KEEP,True,V2
F01269,mme_realworld_18853,Sol 5.6,mme_realworld,text,2,1,KEEP,True,V2
F01270,mme_realworld_18262,Grok,mme_realworld,text,2,1,KEEP,True,V2
F01271,mmmu_pro_std_test_Agriculture_123,Grok,mmmu_pro,academic,2,1,WEAK,False,V2
F01272,mme_realworld_05803,GLM,mme_realworld,chart_table,2,1,WEAK,False,V2
F01273,mme_realworld_06076,Sol 5.6,mme_realworld,chart_table,2,1,KEEP,True,V2
F01274,worldbench_0852,Gemini,worldbench,natural,2,1,KEEP,True,V2
F01275,mme_realworld_16974,Gemini,mme_realworld,text,2,1,KEEP,True,V2
F01276,worldbench_0583,GLM,worldbench,natural,2,1,WEAK,False,V2
F01277,mme_realworld_14828,Grok,mme_realworld,text,2,1,WEAK,False,V2
F01278,worldbench_1782,Sol 5.6,worldbench,academic,2,1,WEAK,False,V2
F01279,worldbench_0053,Sol 5.6,worldbench,natural,2,1,KEEP,True,V2
F01280,mmmu_pro_std_test_Computer_Science_367,GLM,mmmu_pro,academic,2,1,WEAK,False,V2
F01281,mme_realworld_16508,Sol 5.6,mme_realworld,text,2,1,UNRESOLVED,False,V2
F01282,mmmu_pro_std_test_Basic_Medical_Science_27,GLM,mmmu_pro,academic,2,1,WEAK,False,V2
F01283,mme_realworld_09564,Gemini,mme_realworld,chart_table,2,1,KEEP,True,V2
F01284,mme_realworld_00212,Luna,mme_realworld,natural,2,1,KEEP,True,V2
F01285,mme_realworld_08225,Grok,mme_realworld,chart_table,2,1,WEAK,False,V2
F01286,mme_realworld_16262,Sol 5.6,mme_realworld,text,2,1,WEAK,False,V2
F01287,mme_realworld_17011,Sol 5.6,mme_realworld,text,2,1,KEEP,True,V2
F01288,mme_realworld_15644,GLM,mme_realworld,text,2,1,KEEP,True,V2
F01289,mme_realworld_20867,Luna,mme_realworld,natural,2,1,KEEP,True,V2
F01290,mme_realworld_04506,GLM,mme_realworld,natural,2,1,WEAK,False,V2
F01291,worldbench_0590,Sol 5.6,worldbench,count,2,1,KEEP,True,V2
F01292,mme_realworld_19245,GLM,mme_realworld,text,2,1,KEEP,True,V2
F01293,mme_realworld_18269,Grok,mme_realworld,text,2,1,KEEP,True,V2
F01294,visreason_c5_183,GLM,visreason,visual_puzzle,2,1,KEEP,True,V2
F01295,mme_realworld_20543,Luna,mme_realworld,natural,2,1,KEEP,True,V2
F01296,mme_realworld_10900,Grok,mme_realworld,chart_table,2,1,KEEP,True,V2
F01297,mme_realworld_19900,Sol 5.6,mme_realworld,natural,2,1,KEEP,True,V2
F01298,mme_realworld_02431,Gemini,mme_realworld,natural,2,1,KEEP,True,V2
F01299,worldbench_1927,Sol 5.6,worldbench,natural,2,1,KEEP,True,V2
F01300,mme_realworld_09265,Grok,mme_realworld,chart_table,2,1,KEEP,True,V2
F01301,mme_realworld_17696,GLM,mme_realworld,text,2,1,KEEP,True,V2
F01302,mme_realworld_09895,Gemini,mme_realworld,chart_table,2,1,KEEP,True,V2
F01303,mme_realworld_14976,Grok,mme_realworld,text,2,1,KEEP,True,V2
F01304,mme_realworld_lite_17341,GLM,mme_realworld,text,2,1,WEAK,False,V2
F01305,mme_realworld_16835,Luna,mme_realworld,text,2,1,KEEP,True,V2
F01306,worldbench_1666,Grok,worldbench,chart_table,2,1,KEEP,True,V2
F01307,worldbench_0691,GLM,worldbench,natural,2,1,WEAK,False,V2
F01308,mme_realworld_04106,Grok,mme_realworld,natural,2,1,UNRESOLVED,False,V2
F01309,mme_realworld_06170,GLM,mme_realworld,chart_table,2,1,KEEP,True,V2
F01310,mme_realworld_09104,GLM,mme_realworld,chart_table,2,1,KEEP,True,V2
F01311,mme_realworld_07329,Luna,mme_realworld,chart_table,2,1,KEEP,True,V2
F01312,mme_realworld_10563,Grok,mme_realworld,chart_table,2,1,WEAK,False,V2
F01313,mme_realworld_lite_18989,Luna,mme_realworld,text,2,1,KEEP,True,V2
F01314,mme_realworld_02166,Luna,mme_realworld,natural,2,1,WEAK,False,V2
F01315,mme_realworld_08802,Grok,mme_realworld,chart_table,2,1,WEAK,False,V2
F01316,mme_realworld_19142,GLM,mme_realworld,text,2,1,KEEP,True,V2
F01317,mme_realworld_14191,Luna,mme_realworld,text,2,1,KEEP,True,V2
F01318,mme_realworld_17913,GLM,mme_realworld,text,2,1,KEEP,True,V2
F01319,mme_realworld_17780,GLM,mme_realworld,text,2,1,KEEP,True,V2
F01320,mme_realworld_15689,GLM,mme_realworld,text,2,1,WEAK,False,V2
F01321,mme_realworld_05097,Grok,mme_realworld,chart_table,2,1,KEEP,True,V2
F01322,mme_realworld_16905,Luna,mme_realworld,text,2,1,KEEP,True,V2
F01323,mme_realworld_20008,Sol 5.6,mme_realworld,natural,2,1,KEEP,True,V2
F01324,mme_realworld_06522,GLM,mme_realworld,chart_table,2,1,KEEP,True,V2
F01325,visreason_c8_13,Luna,visreason,visual_puzzle,2,1,WEAK,False,V2
F01326,mme_realworld_16786,Luna,mme_realworld,text,2,1,WEAK,False,V2
F01327,mme_realworld_08521,GLM,mme_realworld,chart_table,2,1,WEAK,False,V2
F01328,mme_realworld_16246,GLM,mme_realworld,text,2,1,WEAK,False,V2
F01329,mme_realworld_18535,Grok,mme_realworld,text,2,1,KEEP,True,V2
F01330,worldbench_1654,Grok,worldbench,chart_table,2,1,KEEP,True,V2
F01331,mme_realworld_00781,Luna,mme_realworld,natural,2,1,WEAK,False,V2
F01332,mme_realworld_15673,Grok,mme_realworld,text,2,1,WEAK,False,V2
F01333,mme_realworld_13910,GLM,mme_realworld,text,2,1,WEAK,False,V2
F01334,mme_realworld_15180,GLM,mme_realworld,text,2,1,KEEP,True,V2
F01335,mme_realworld_14597,Grok,mme_realworld,text,2,1,KEEP,True,V2
F01336,mme_realworld_17270,GLM,mme_realworld,text,2,1,KEEP,True,V2
F01337,mme_realworld_22296,Astra,mme_realworld,count,2,1,KEEP,True,V2
F01338,worldbench_1020,Luna,worldbench,count,2,1,KEEP,True,V2
F01339,mme_realworld_17570,Grok,mme_realworld,text,2,1,KEEP,True,V2
F01340,mme_realworld_18404,Sol 5.6,mme_realworld,text,2,1,KEEP,True,V2
F01341,mme_realworld_17911,GLM,mme_realworld,text,2,1,KEEP,True,V2
F01342,mme_realworld_17669,GLM,mme_realworld,text,2,1,KEEP,True,V2
F01343,mme_realworld_14379,GLM,mme_realworld,text,2,1,KEEP,True,V2
F01344,mme_realworld_19262,Luna,mme_realworld,text,2,1,UNRESOLVED,False,V2
F01345,mme_realworld_21516,Sol 5.6,mme_realworld,count,2,1,KEEP,True,V2
F01346,mme_realworld_15730,Grok,mme_realworld,text,2,1,KEEP,True,V2
F01347,worldbench_0482,Sol 5.6,worldbench,natural,2,1,KEEP,True,V2
F01348,worldbench_0520,GLM,worldbench,natural,2,1,UNRESOLVED,False,V2
F01349,mme_realworld_19130,Sol 5.6,mme_realworld,text,2,1,KEEP,True,V2
F01350,mme_realworld_12757,Astra,mme_realworld,natural,2,1,KEEP,True,V2
F01351,mme_realworld_18552,GLM,mme_realworld,text,2,1,KEEP,True,V2
F01352,mme_realworld_23025,Grok,mme_realworld,natural,2,1,KEEP,True,V2
F01353,worldbench_1348,Grok,worldbench,natural,2,1,WEAK,False,V2
F01354,mme_realworld_00568,Luna,mme_realworld,natural,2,1,BAD,False,V2
F01355,worldbench_0560,GLM,worldbench,natural,2,1,UNRESOLVED,False,V2
F01356,mme_realworld_lite_21161,Astra,mme_realworld,count,2,1,KEEP,True,V2
F01357,mme_realworld_06535,GLM,mme_realworld,chart_table,2,1,KEEP,True,V2
F01358,mme_realworld_21523,Astra,mme_realworld,count,2,1,KEEP,True,V2
F01359,mme_realworld_23602,Grok,mme_realworld,natural,2,1,WEAK,False,V2
F01360,mme_realworld_06552,GLM,mme_realworld,chart_table,2,1,WEAK,False,V2
F01361,mme_realworld_09014,Gemini,mme_realworld,chart_table,2,1,KEEP,True,V2
F01362,mme_realworld_14342,Sol 5.6,mme_realworld,text,2,1,KEEP,True,V2
F01363,worldbench_0907,Gemini,worldbench,natural,2,1,WEAK,False,V2
F01364,mme_realworld_21901,Sol 5.6,mme_realworld,count,2,1,KEEP,True,V2
F01365,vs_028,GLM,vstar,natural,2,1,WEAK,False,V2
F01366,mme_realworld_02995,Luna,mme_realworld,count,2,1,KEEP,True,V2
F01367,vs_080,Luna,vstar,natural,2,1,KEEP,True,V2
F01368,mme_realworld_15369,GLM,mme_realworld,text,2,1,KEEP,True,V2
F01369,mme_realworld_16359,GLM,mme_realworld,text,2,1,WEAK,False,V2
F01370,mme_realworld_17037,Luna,mme_realworld,text,2,1,KEEP,True,V2
F01371,mme_realworld_14703,GLM,mme_realworld,text,2,1,WEAK,False,V2
F01372,worldbench_1135,Grok,worldbench,natural,2,1,UNRESOLVED,False,V2
F01373,mme_realworld_09744,Luna,mme_realworld,chart_table,2,1,KEEP,True,V2
F01374,mme_realworld_18569,GLM,mme_realworld,text,2,1,WEAK,False,V2
F01375,mme_realworld_16045,GLM,mme_realworld,text,2,1,WEAK,False,V2
F01376,mme_realworld_07245,GLM,mme_realworld,chart_table,2,1,KEEP,True,V2
F01377,mme_realworld_21157,Luna,mme_realworld,count,2,1,KEEP,True,V2
F01378,worldbench_0656,Gemini,worldbench,count,2,1,KEEP,True,V2
F01379,mme_realworld_19082,Sol 5.6,mme_realworld,text,2,1,KEEP,True,V2
F01380,mme_realworld_10639,GLM,mme_realworld,chart_table,2,1,KEEP,True,V2
F01381,mme_realworld_14750,Luna,mme_realworld,text,2,1,KEEP,True,V2
F01382,mme_realworld_18190,Grok,mme_realworld,text,2,1,KEEP,True,V2
F01383,mme_realworld_14301,Grok,mme_realworld,text,2,1,KEEP,True,V2
F01384,worldbench_1114,GLM,worldbench,natural,2,1,KEEP,True,V2
F01385,mme_realworld_08718,GLM,mme_realworld,chart_table,2,1,WEAK,False,V2
F01386,mmmu_pro_std_validation_Biology_21,Grok,mmmu_pro,academic,2,1,WEAK,False,V2
F01387,mme_realworld_07157,Grok,mme_realworld,chart_table,2,1,KEEP,True,V2
F01388,mme_realworld_02169,Luna,mme_realworld,natural,2,1,KEEP,True,V2
F01389,mme_realworld_16293,Sol 5.6,mme_realworld,text,2,1,KEEP,True,V2
F01390,worldbench_1185,Grok,worldbench,natural,2,1,WEAK,False,V2
F01391,mme_realworld_14385,Grok,mme_realworld,text,2,1,KEEP,True,V2
F01392,mme_realworld_17444,GLM,mme_realworld,text,2,1,KEEP,True,V2
F01393,worldbench_1297,Grok,worldbench,natural,2,1,KEEP,True,V2
F01394,mme_realworld_14126,Grok,mme_realworld,text,2,1,WEAK,False,V2
F01395,mmmu_pro_std_test_Biology_146,GLM,mmmu_pro,academic,2,1,WEAK,False,V2
F01396,mme_realworld_05680,GLM,mme_realworld,chart_table,2,1,KEEP,True,V2
F01397,visreason_c10_147,Sol 5.6,visreason,visual_puzzle,2,1,WEAK,False,V2
F01398,mmmu_pro_std_validation_Physics_4,Grok,mmmu_pro,academic,2,1,WEAK,False,V2
F01399,mme_realworld_20544,Sol 5.6,mme_realworld,natural,2,1,KEEP,True,V2
F01400,worldbench_0680,Gemini,worldbench,count,2,1,KEEP,True,V2
F01401,mme_realworld_14059,Sol 5.6,mme_realworld,text,2,1,KEEP,True,V2
F01402,worldbench_0283,Grok,worldbench,natural,2,1,KEEP,True,V2
F01403,mme_realworld_19300,Sol 5.6,mme_realworld,text,2,1,KEEP,True,V2
F01404,mme_realworld_15824,Grok,mme_realworld,text,2,1,WEAK,False,V2
F01405,mme_realworld_11438,GLM,mme_realworld,natural,2,1,KEEP,True,V2
F01406,mme_realworld_13757,Sol 5.6,mme_realworld,text,2,1,KEEP,True,V2
F01407,worldbench_1461,Grok,worldbench,natural,2,1,WEAK,False,V2
F01408,mme_realworld_15372,GLM,mme_realworld,text,2,1,KEEP,True,V2
F01409,mme_realworld_05516,GLM,mme_realworld,chart_table,2,1,KEEP,True,V2
F01410,mme_realworld_03345,Sol 5.6,mme_realworld,natural,2,1,KEEP,True,V2
F01411,worldbench_0546,Astra,worldbench,natural,2,1,KEEP,True,V2
F01412,mme_realworld_06401,GLM,mme_realworld,chart_table,2,1,KEEP,True,V2
F01413,mme_realworld_07907,GLM,mme_realworld,chart_table,2,1,KEEP,True,V2
F01414,mme_realworld_14457,GLM,mme_realworld,text,2,1,KEEP,True,V2
F01415,mme_realworld_08172,K3,mme_realworld,chart_table,2,1,KEEP,True,V2
F01416,mmmu_pro_std_test_Design_60,Grok,mmmu_pro,academic,2,1,UNRESOLVED,False,V2
F01417,worldbench_1344,Sol 5.6,worldbench,natural,2,1,KEEP,True,V2
F01418,mme_realworld_17745,Grok,mme_realworld,text,2,1,KEEP,True,V2
F01419,mme_realworld_16412,GLM,mme_realworld,text,2,1,KEEP,True,V2
F01420,mme_realworld_19363,GLM,mme_realworld,text,2,1,KEEP,True,V2
F01421,mme_realworld_23465,Grok,mme_realworld,natural,2,1,KEEP,True,V2
F01422,mme_realworld_00975,Grok,mme_realworld,natural,2,1,KEEP,True,V2
F01423,mme_realworld_13821,Sol 5.6,mme_realworld,text,2,1,KEEP,True,V2
F01424,mme_realworld_17526,GLM,mme_realworld,text,2,1,WEAK,False,V2
F01425,worldbench_0408,Gemini,worldbench,natural,2,1,KEEP,True,V2
F01426,mme_realworld_09162,Grok,mme_realworld,chart_table,2,1,KEEP,True,V2
F01427,mme_realworld_17040,Grok,mme_realworld,text,2,1,KEEP,True,V2
F01428,mme_realworld_16866,Luna,mme_realworld,text,2,1,KEEP,True,V2
F01429,vs_083,Luna,vstar,natural,2,1,KEEP,True,V2
F01430,mme_realworld_20375,Astra,mme_realworld,natural,2,1,KEEP,True,V2
F01431,worldbench_1714,GLM,worldbench,academic,2,1,WEAK,False,V2
F01432,mme_realworld_19749,GLM,mme_realworld,count,2,1,WEAK,False,V2
F01433,mme_realworld_18733,Luna,mme_realworld,text,2,1,KEEP,True,V2
F01434,mme_realworld_lite_14611,GLM,mme_realworld,text,2,1,KEEP,True,V2
F01435,mme_realworld_09783,Grok,mme_realworld,chart_table,2,1,KEEP,True,V2
F01436,mme_realworld_03419,Luna,mme_realworld,natural,2,1,WEAK,False,V2
F01437,mme_realworld_12813,GLM,mme_realworld,natural,2,1,KEEP,True,V2
F01438,mme_realworld_15558,GLM,mme_realworld,text,2,1,WEAK,False,V2
F01439,mme_realworld_19200,Grok,mme_realworld,text,2,1,KEEP,True,V2
F01440,mme_realworld_23024,Sol 5.6,mme_realworld,natural,2,1,KEEP,True,V2
F01441,worldbench_0019,GLM,worldbench,natural,2,1,WEAK,False,V2
F01442,mme_realworld_14874,Grok,mme_realworld,text,2,1,WEAK,False,V2
F01443,mme_realworld_15573,GLM,mme_realworld,text,2,1,WEAK,False,V2
F01444,mme_realworld_06660,Grok,mme_realworld,chart_table,2,1,KEEP,True,V2
F01445,worldbench_1625,Sol 5.6,worldbench,chart_table,2,1,KEEP,True,V2
F01446,vs_040,Grok,vstar,natural,2,1,KEEP,True,V2
F01447,worldbench_0672,Sol 5.6,worldbench,natural,2,1,KEEP,True,V2
F01448,mme_realworld_15525,GLM,mme_realworld,text,2,1,WEAK,False,V2
F01449,mme_realworld_06952,GLM,mme_realworld,chart_table,2,1,WEAK,False,V2
F01450,mme_realworld_16611,GLM,mme_realworld,text,2,1,KEEP,True,V2
F01451,mme_realworld_17832,GLM,mme_realworld,text,2,1,KEEP,True,V2
F01452,worldbench_0912,GLM,worldbench,natural,2,1,KEEP,True,V2
F01453,mme_realworld_16669,Luna,mme_realworld,text,2,1,KEEP,True,V2
F01454,mme_realworld_07641,GLM,mme_realworld,chart_table,2,1,WEAK,False,V2
F01455,mme_realworld_17698,Grok,mme_realworld,text,2,1,KEEP,True,V2
F01456,mme_realworld_07152,GLM,mme_realworld,chart_table,2,1,KEEP,True,V2
F01457,mme_realworld_06343,GLM,mme_realworld,chart_table,2,1,KEEP,True,V2
F01458,mme_realworld_07048,GLM,mme_realworld,chart_table,2,1,KEEP,True,V2
F01459,mme_realworld_17886,GLM,mme_realworld,text,2,1,KEEP,True,V2
F01460,mme_realworld_13977,Luna,mme_realworld,text,2,1,WEAK,False,V2
F01461,mme_realworld_16794,Grok,mme_realworld,text,2,1,WEAK,False,V2
F01462,mme_realworld_15940,GLM,mme_realworld,text,2,1,KEEP,True,V2
F01463,mme_realworld_16510,GLM,mme_realworld,text,2,1,WEAK,False,V2
F01464,mme_realworld_22280,Sol 5.6,mme_realworld,count,2,1,KEEP,True,V2
F01465,vs_009,Sol 5.6,vstar,natural,2,1,KEEP,True,V2
F01466,mme_realworld_08568,GLM,mme_realworld,chart_table,2,1,WEAK,False,V2
F01467,mme_realworld_06446,Grok,mme_realworld,chart_table,2,1,WEAK,False,V2
F01468,mme_realworld_05466,GLM,mme_realworld,chart_table,2,1,KEEP,True,V2
F01469,vs_016,Sol 5.6,vstar,natural,2,1,KEEP,True,V2
F01470,mme_realworld_08360,Grok,mme_realworld,chart_table,2,1,KEEP,True,V2
F01471,worldbench_0018,GLM,worldbench,natural,2,1,KEEP,True,V2
F01472,mme_realworld_03595,Sol 5.6,mme_realworld,natural,2,1,KEEP,True,V2
F01473,mme_realworld_13842,Grok,mme_realworld,text,2,1,WEAK,False,V2
F01474,mme_realworld_20417,Grok,mme_realworld,natural,2,1,KEEP,True,V2
F01475,worldbench_0443,Sol 5.6,worldbench,count,2,1,KEEP,True,V2
F01476,mme_realworld_06169,Luna,mme_realworld,chart_table,2,1,KEEP,True,V2
F01477,mme_realworld_14775,GLM,mme_realworld,text,2,1,WEAK,False,V2
F01478,mme_realworld_20361,Sol 5.6,mme_realworld,natural,2,1,KEEP,True,V2
F01479,mmmu_pro_std_test_Energy_and_Power_152,Astra,mmmu_pro,academic,2,1,KEEP,True,V2
F01480,mme_realworld_22898,Luna,mme_realworld,natural,2,1,KEEP,True,V2
F01481,mme_realworld_12538,Gemini,mme_realworld,natural,2,1,KEEP,True,V2
F01482,mme_realworld_13636,Luna,mme_realworld,text,2,1,KEEP,True,V2
F01483,mme_realworld_08133,K3,mme_realworld,chart_table,2,1,KEEP,True,V2
F01484,mmmu_pro_std_test_Accounting_241,Grok,mmmu_pro,academic,2,1,WEAK,False,V2
F01485,mme_realworld_07921,Grok,mme_realworld,chart_table,2,1,KEEP,True,V2
F01486,mme_realworld_18383,Luna,mme_realworld,text,2,1,KEEP,True,V2
F01487,mme_realworld_06731,GLM,mme_realworld,chart_table,2,1,KEEP,True,V2
F01488,mme_realworld_13329,Luna,mme_realworld,natural,2,1,KEEP,True,V2
F01489,visreason_c10_7_9,GLM,visreason,visual_puzzle,2,1,UNRESOLVED,False,V2
F01490,mme_realworld_17864,Sol 5.6,mme_realworld,text,2,1,KEEP,True,V2
F01491,worldbench_1416,GLM,worldbench,natural,2,1,WEAK,False,V2
F01492,mme_realworld_22118,Sol 5.6,mme_realworld,count,2,1,KEEP,True,V2
F01493,mme_realworld_08470,Luna,mme_realworld,chart_table,2,1,KEEP,True,V2
F01494,mme_realworld_20390,Sol 5.6,mme_realworld,natural,2,1,KEEP,True,V2
F01495,vs_114,Luna,vstar,natural,2,1,WEAK,False,V2
F01496,mmmu_pro_std_validation_Psychology_13,Grok,mmmu_pro,academic,2,1,WEAK,False,V2
F01497,mme_realworld_00024,Gemini,mme_realworld,natural,2,1,UNRESOLVED,False,V2
F01498,mme_realworld_08482,GLM,mme_realworld,chart_table,2,1,KEEP,True,V2
F01499,mme_realworld_lite_14615,Luna,mme_realworld,text,2,1,WEAK,False,V2
F01500,mme_realworld_23102,Grok,mme_realworld,natural,2,1,KEEP,True,V2
F01501,mme_realworld_08278,Gemini,mme_realworld,chart_table,2,1,KEEP,True,V2
F01502,visreason_c5_141,Gemini,visreason,visual_puzzle,2,1,KEEP,True,V2
F01503,mmmu_pro_std_test_Design_2,GLM,mmmu_pro,academic,2,1,WEAK,False,V2
F01504,mme_realworld_14660,GLM,mme_realworld,text,2,1,KEEP,True,V2
F01505,mme_realworld_17844,GLM,mme_realworld,text,2,1,KEEP,True,V2
F01506,worldbench_1513,GLM,worldbench,chart_table,2,1,KEEP,True,V2
F01507,mme_realworld_08342,GLM,mme_realworld,chart_table,2,1,KEEP,True,V2
F01508,vs_106,Luna,vstar,natural,2,1,KEEP,True,V2
F01509,worldbench_0584,Grok,worldbench,natural,2,1,WEAK,False,V2
F01510,mme_realworld_15897,Grok,mme_realworld,text,2,1,WEAK,False,V2
F01511,mme_realworld_20824,GLM,mme_realworld,natural,2,1,WEAK,False,V2
F01512,mme_realworld_19782,Grok,mme_realworld,text,2,1,KEEP,True,V2
F01513,mme_realworld_06394,Grok,mme_realworld,chart_table,2,1,WEAK,False,V2
F01514,mmmu_pro_std_test_Accounting_131,Grok,mmmu_pro,academic,2,1,WEAK,False,V2
F01515,mme_realworld_17143,Sol 5.6,mme_realworld,text,2,1,WEAK,False,V2
F01516,mme_realworld_08692,GLM,mme_realworld,chart_table,2,1,KEEP,True,V2
F01517,mme_realworld_17104,GLM,mme_realworld,text,2,1,KEEP,True,V2
F01518,mme_realworld_11367,Luna,mme_realworld,natural,2,1,KEEP,True,V2
F01519,mme_realworld_05032,Grok,mme_realworld,chart_table,2,1,KEEP,True,V2
F01520,mme_realworld_06443,Grok,mme_realworld,chart_table,2,1,WEAK,False,V2
F01521,mmmu_pro_std_test_Public_Health_463,Grok,mmmu_pro,academic,2,1,WEAK,False,V2
F01522,worldbench_0352,GLM,worldbench,natural,2,1,KEEP,True,V2
F01523,mmmu_pro_std_test_Computer_Science_89,GLM,mmmu_pro,academic,2,1,WEAK,False,V2
F01524,mme_realworld_22533,Astra,mme_realworld,natural,2,1,KEEP,True,V2
F01525,mme_realworld_13803,Grok,mme_realworld,text,2,1,KEEP,True,V2
F01526,mme_realworld_22176,Astra,mme_realworld,count,2,1,KEEP,True,V2
F01527,worldbench_1851,GLM,worldbench,count,2,1,WEAK,False,V2
F01528,mme_realworld_16033,Gemini,mme_realworld,text,2,1,KEEP,True,V2
F01529,mme_realworld_18328,Sol 5.6,mme_realworld,text,2,1,KEEP,True,V2
F01530,mme_realworld_18101,Grok,mme_realworld,text,2,1,KEEP,True,V2
F01531,mme_realworld_19963,Sol 5.6,mme_realworld,natural,2,1,KEEP,True,V2
F01532,mme_realworld_22297,Luna,mme_realworld,count,2,1,KEEP,True,V2
F01533,mme_realworld_06091,GLM,mme_realworld,chart_table,2,1,KEEP,True,V2
F01534,mme_realworld_18750,Grok,mme_realworld,text,2,1,KEEP,True,V2
F01535,mmmu_pro_std_test_Diagnostics_and_Laboratory_Medicine_32,Grok,mmmu_pro,academic,2,1,KEEP,True,V2
F01536,vs_164,Sol 5.6,vstar,natural,2,1,KEEP,True,V2
F01537,mme_realworld_14508,GLM,mme_realworld,text,2,1,WEAK,False,V2
F01538,mme_realworld_14956,Sol 5.6,mme_realworld,text,2,1,KEEP,True,V2
F01539,worldbench_0318,Sol 5.6,worldbench,natural,2,1,KEEP,True,V2
F01540,mme_realworld_03054,Gemini,mme_realworld,count,2,1,KEEP,True,V2
F01541,worldbench_1295,Sol 5.6,worldbench,natural,2,1,WEAK,False,V2
F01542,mme_realworld_04616,GLM,mme_realworld,natural,2,1,WEAK,False,V2
F01543,worldbench_0285,Luna,worldbench,natural,2,1,KEEP,True,V2
F01544,worldbench_1798,Grok,worldbench,academic,2,1,WEAK,False,V2
F01545,mme_realworld_14791,Grok,mme_realworld,text,2,1,WEAK,False,V2
F01546,mme_realworld_12787,Sol 5.6,mme_realworld,natural,2,1,KEEP,True,V2
F01547,mme_realworld_15148,Grok,mme_realworld,text,2,1,KEEP,True,V2
F01548,mme_realworld_19284,Sol 5.6,mme_realworld,text,2,1,WEAK,False,V2
F01549,mme_realworld_06197,GLM,mme_realworld,chart_table,2,1,WEAK,False,V2
F01550,mme_realworld_06187,GLM,mme_realworld,chart_table,2,1,KEEP,True,V2
F01551,mme_realworld_14697,GLM,mme_realworld,text,2,1,WEAK,False,V2
F01552,worldbench_0667,Luna,worldbench,natural,2,1,KEEP,True,V2
F01553,worldbench_0805,Grok,worldbench,natural,2,1,KEEP,True,V2
F01554,mme_realworld_20169,Sol 5.6,mme_realworld,natural,2,1,KEEP,True,V2
F01555,mme_realworld_20401,Sol 5.6,mme_realworld,natural,2,1,KEEP,True,V2
F01556,mme_realworld_05108,GLM,mme_realworld,chart_table,2,1,KEEP,True,V2
F01557,mme_realworld_15051,GLM,mme_realworld,text,2,1,WEAK,False,V2
F01558,mmmu_pro_std_validation_Computer_Science_18,Sol 5.6,mmmu_pro,academic,2,1,WEAK,False,V2
F01559,mme_realworld_22403,Sol 5.6,mme_realworld,natural,2,1,KEEP,True,V2
F01560,mme_realworld_13716,GLM,mme_realworld,text,2,1,KEEP,True,V2
F01561,vs_147,Grok,vstar,natural,2,1,KEEP,True,V2
F01562,mme_realworld_14136,Astra,mme_realworld,text,2,1,UNRESOLVED,False,V2
F01563,mme_realworld_06995,GLM,mme_realworld,chart_table,2,1,WEAK,False,V2
F01564,mme_realworld_06373,Grok,mme_realworld,chart_table,2,1,KEEP,True,V2
F01565,worldbench_1473,Sol 5.6,worldbench,natural,2,1,KEEP,True,V2
F01566,mme_realworld_12676,Luna,mme_realworld,natural,2,1,WEAK,False,V2
F01567,mme_realworld_21036,Sol 5.6,mme_realworld,natural,2,1,KEEP,True,V2
F01568,mme_realworld_18069,Grok,mme_realworld,text,2,1,KEEP,True,V2
F01569,mme_realworld_11245,Gemini,mme_realworld,natural,2,1,UNRESOLVED,False,V2
F01570,mme_realworld_09732,Luna,mme_realworld,chart_table,2,1,KEEP,True,V2
F01571,mme_realworld_18484,Luna,mme_realworld,text,2,1,KEEP,True,V2
F01572,mme_realworld_09386,GLM,mme_realworld,chart_table,2,1,KEEP,True,V2
F01573,worldbench_1032,GLM,worldbench,natural,2,1,KEEP,True,V2
F01574,mme_realworld_14086,Luna,mme_realworld,text,2,1,KEEP,True,V2
F01575,mme_realworld_15789,GLM,mme_realworld,text,2,1,WEAK,False,V2
F01576,mme_realworld_18840,GLM,mme_realworld,text,2,1,KEEP,True,V2
F01577,mme_realworld_10307,GLM,mme_realworld,chart_table,2,1,KEEP,True,V2
F01578,mme_realworld_16743,GLM,mme_realworld,text,2,1,KEEP,True,V2
F01579,mme_realworld_08664,GLM,mme_realworld,chart_table,2,1,WEAK,False,V2
F01580,mme_realworld_19773,GLM,mme_realworld,text,2,1,KEEP,True,V2
F01581,mme_realworld_17889,GLM,mme_realworld,text,2,1,WEAK,False,V2
F01582,worldbench_1630,GLM,worldbench,chart_table,2,1,UNRESOLVED,False,V2
F01583,mme_realworld_lite_22819,GLM,mme_realworld,natural,2,1,KEEP,True,V2
F01584,mme_realworld_07884,GLM,mme_realworld,chart_table,2,1,WEAK,False,V2
F01585,mme_realworld_16446,Grok,mme_realworld,text,2,1,KEEP,True,V2
F01586,mme_realworld_17062,GLM,mme_realworld,text,2,1,KEEP,True,V2
F01587,mme_realworld_lite_17127,Luna,mme_realworld,text,2,1,KEEP,True,V2
F01588,mme_realworld_17337,GLM,mme_realworld,text,2,1,KEEP,True,V2
F01589,mme_realworld_10297,Gemini,mme_realworld,chart_table,2,1,KEEP,True,V2
F01590,mme_realworld_09503,Luna,mme_realworld,chart_table,2,1,KEEP,True,V2
F01591,worldbench_0465,Gemini,worldbench,natural,2,1,KEEP,True,V2
F01592,mme_realworld_18342,Sol 5.6,mme_realworld,text,2,1,KEEP,True,V2
F01593,mme_realworld_14966,GLM,mme_realworld,text,2,1,WEAK,False,V2
F01594,mme_realworld_23331,Luna,mme_realworld,natural,2,1,WEAK,False,V2
F01595,worldbench_0570,Sol 5.6,worldbench,count,2,1,WEAK,False,V2
F01596,mme_realworld_18225,Grok,mme_realworld,text,2,1,UNRESOLVED,False,V2
F01597,worldbench_1557,Sol 5.6,worldbench,chart_table,2,1,KEEP,True,V2
F01598,mme_realworld_06129,Luna,mme_realworld,chart_table,2,1,KEEP,True,V2
F01599,worldbench_1359,Sol 5.6,worldbench,natural,2,1,KEEP,True,V2
F01600,mme_realworld_19359,Grok,mme_realworld,text,2,1,UNRESOLVED,False,V2
F01601,mme_realworld_15124,Grok,mme_realworld,text,2,1,WEAK,False,V2
F01602,mme_realworld_19207,Grok,mme_realworld,text,2,1,KEEP,True,V2
F01603,mme_realworld_05904,GLM,mme_realworld,chart_table,2,1,KEEP,True,V2
F01604,mme_realworld_18294,Luna,mme_realworld,text,2,1,WEAK,False,V2
F01605,mme_realworld_19338,Sol 5.6,mme_realworld,text,2,1,UNRESOLVED,False,V2
F01606,mme_realworld_20307,Grok,mme_realworld,natural,2,1,WEAK,False,V2
F01607,mme_realworld_21602,Gemini,mme_realworld,count,2,1,UNRESOLVED,False,V2
F01608,mmmu_pro_std_validation_Energy_and_Power_23,Sol 5.6,mmmu_pro,academic,2,1,WEAK,False,V2
F01609,mme_realworld_17961,GLM,mme_realworld,text,2,1,KEEP,True,V2
F01610,worldbench_0809,Sol 5.6,worldbench,natural,2,1,KEEP,True,V2
F01611,mme_realworld_15790,Grok,mme_realworld,text,2,1,WEAK,False,V2
F01612,mme_realworld_lite_18538,Luna,mme_realworld,text,2,1,KEEP,True,V2
F01613,mme_realworld_14955,Luna,mme_realworld,text,2,1,KEEP,True,V2
F01614,mme_realworld_19240,GLM,mme_realworld,text,2,1,WEAK,False,V2
F01615,mme_realworld_22747,GLM,mme_realworld,natural,2,1,WEAK,False,V2
F01616,mme_realworld_16970,Astra,mme_realworld,text,2,1,KEEP,True,V2
F01617,mme_realworld_20540,Gemini,mme_realworld,natural,2,1,KEEP,True,V2
F01618,worldbench_0017,Grok,worldbench,natural,2,1,UNRESOLVED,False,V2
F01619,mme_realworld_06374,Gemini,mme_realworld,chart_table,2,1,KEEP,True,V2
F01620,worldbench_0706,Astra,worldbench,natural,2,1,KEEP,True,V2
F01621,mme_realworld_02674,Gemini,mme_realworld,count,2,1,KEEP,True,V2
F01622,mme_realworld_14546,Grok,mme_realworld,text,2,1,KEEP,True,V2
F01623,mme_realworld_18628,Sol 5.6,mme_realworld,text,2,1,KEEP,True,V2
F01624,mme_realworld_06822,GLM,mme_realworld,chart_table,2,1,KEEP,True,V2
F01625,worldbench_1358,Grok,worldbench,natural,2,1,WEAK,False,V2
F01626,visreason_c1_4_1,Grok,visreason,visual_puzzle,2,1,WEAK,False,V2
F01627,mme_realworld_13812,Grok,mme_realworld,text,2,1,KEEP,True,V2
F01628,worldbench_0457,Luna,worldbench,natural,2,1,KEEP,True,V2
F01629,mme_realworld_17989,Astra,mme_realworld,text,2,1,KEEP,True,V2
F01630,mme_realworld_18539,Luna,mme_realworld,text,2,1,BAD,False,V2
F01631,mmmu_pro_std_test_Chemistry_11,GLM,mmmu_pro,academic,2,1,WEAK,False,V2
F01632,mme_realworld_08431,GLM,mme_realworld,chart_table,2,1,KEEP,True,V2
F01633,worldbench_1573,Grok,worldbench,chart_table,2,1,KEEP,True,V2
F01634,mme_realworld_20872,GLM,mme_realworld,natural,2,1,KEEP,True,V2
F01635,worldbench_1974,GLM,worldbench,natural,2,1,KEEP,True,V2
F01636,visreason_c10_59,GLM,visreason,visual_puzzle,2,1,WEAK,False,V2
F01637,mme_realworld_09367,GLM,mme_realworld,chart_table,2,1,KEEP,True,V2
F01638,worldbench_1441,Grok,worldbench,natural,2,1,WEAK,False,V2
F01639,worldbench_0380,GLM,worldbench,natural,2,1,WEAK,False,V2
F01640,worldbench_0652,Grok,worldbench,natural,2,1,UNRESOLVED,False,V2
F01641,mme_realworld_17330,GLM,mme_realworld,text,2,1,WEAK,False,V2
F01642,mme_realworld_18797,Sol 5.6,mme_realworld,text,2,1,KEEP,True,V2
F01643,worldbench_1204,Grok,worldbench,natural,2,1,KEEP,True,V2
F01644,mme_realworld_13062,Luna,mme_realworld,natural,2,1,KEEP,True,V2
F01645,mme_realworld_09180,GLM,mme_realworld,chart_table,2,1,WEAK,False,V2
F01646,mmmu_pro_std_test_Accounting_34,Luna,mmmu_pro,academic,2,1,WEAK,False,V2
F01647,mme_realworld_22196,Astra,mme_realworld,count,2,1,UNRESOLVED,False,V2
F01648,mme_realworld_20856,Sol 5.6,mme_realworld,natural,2,1,KEEP,True,V2
F01649,mme_realworld_lite_18497,Luna,mme_realworld,text,2,1,KEEP,True,V2
F01650,mmmu_pro_std_test_Materials_139,GLM,mmmu_pro,academic,2,1,WEAK,False,V2
F01651,mme_realworld_15387,GLM,mme_realworld,text,2,1,WEAK,False,V2
F01652,mme_realworld_18155,GLM,mme_realworld,text,2,1,KEEP,True,V2
F01653,mme_realworld_15076,GLM,mme_realworld,text,2,1,WEAK,False,V2
F01654,vs_043,Luna,vstar,natural,2,1,KEEP,True,V2
F01655,mme_realworld_13916,Luna,mme_realworld,text,2,1,KEEP,True,V2
F01656,mme_realworld_17496,Grok,mme_realworld,text,2,1,KEEP,True,V2
F01657,mmmu_pro_std_test_Electronics_207,Grok,mmmu_pro,academic,2,1,WEAK,False,V2
F01658,mme_realworld_13313,Luna,mme_realworld,natural,2,1,UNRESOLVED,False,V2
F01659,worldbench_1434,Grok,worldbench,natural,2,1,KEEP,True,V2
F01660,mme_realworld_19613,Grok,mme_realworld,text,2,1,WEAK,False,V2
F01661,visreason_c5_97,GLM,visreason,visual_puzzle,2,1,UNRESOLVED,False,V2
F01662,worldbench_1155,Sol 5.6,worldbench,count,2,1,WEAK,False,V2
F01663,mme_realworld_20737,Sol 5.6,mme_realworld,natural,2,1,KEEP,True,V2
F01664,mme_realworld_lite_17781,Astra,mme_realworld,text,2,1,KEEP,True,V2
F01665,visreason_c6_28,Grok,visreason,visual_puzzle,2,1,WEAK,False,V2
F01666,mme_realworld_18122,GLM,mme_realworld,text,2,1,WEAK,False,V2
F01667,mme_realworld_06575,GLM,mme_realworld,chart_table,2,1,KEEP,True,V2
F01668,mme_realworld_15945,Grok,mme_realworld,text,2,1,KEEP,True,V2
F01669,mme_realworld_19083,GLM,mme_realworld,text,2,1,KEEP,True,V2
F01670,mme_realworld_16982,Luna,mme_realworld,text,2,1,KEEP,True,V2
F01671,mme_realworld_14158,Sol 5.6,mme_realworld,text,2,1,KEEP,True,V2
F01672,vs_072,Grok,vstar,natural,2,1,KEEP,True,V2
F01673,mme_realworld_lite_19847,GLM,mme_realworld,text,2,1,KEEP,True,V2
F01674,mme_realworld_21079,Luna,mme_realworld,natural,2,1,KEEP,True,V2
F01675,mme_realworld_16831,Luna,mme_realworld,text,2,1,KEEP,True,V2
F01676,mme_realworld_06861,Sol 5.6,mme_realworld,chart_table,2,1,KEEP,True,V2
F01677,mme_realworld_15600,GLM,mme_realworld,text,2,1,KEEP,True,V2
F01678,mme_realworld_09663,GLM,mme_realworld,chart_table,2,1,KEEP,True,V2
F01679,worldbench_1584,Sol 5.6,worldbench,chart_table,2,1,KEEP,True,V2
F01680,mme_realworld_05831,GLM,mme_realworld,chart_table,2,1,KEEP,True,V2
F01681,mmmu_pro_std_validation_Chemistry_7,Grok,mmmu_pro,academic,2,1,WEAK,False,V2
F01682,worldbench_0266,Grok,worldbench,natural,2,1,KEEP,True,V2
F01683,mme_realworld_lite_17762,Astra,mme_realworld,text,2,1,KEEP,True,V2
F01684,mme_realworld_18068,Luna,mme_realworld,text,2,1,KEEP,True,V2
F01685,mme_realworld_18246,Astra,mme_realworld,text,2,1,KEEP,True,V2
F01686,mme_realworld_13747,Grok,mme_realworld,text,2,1,WEAK,False,V2
F01687,worldbench_1668,Gemini,worldbench,chart_table,2,1,KEEP,True,V2
F01688,mme_realworld_13753,Gemini,mme_realworld,text,2,1,KEEP,True,V2
F01689,mme_realworld_22903,Astra,mme_realworld,natural,2,1,KEEP,True,V2
F01690,vs_136,Grok,vstar,natural,2,1,KEEP,True,V2
F01691,mme_realworld_18936,Grok,mme_realworld,text,2,1,KEEP,True,V2
F01692,mme_realworld_14809,GLM,mme_realworld,text,2,1,WEAK,False,V2
F01693,vs_166,Grok,vstar,natural,2,1,WEAK,False,V2
F01694,mme_realworld_10668,Luna,mme_realworld,chart_table,2,1,KEEP,True,V2
F01695,mme_realworld_06528,Sol 5.6,mme_realworld,chart_table,2,1,KEEP,True,V2
F01696,mme_realworld_06663,GLM,mme_realworld,chart_table,2,1,WEAK,False,V2
F01697,mme_realworld_05433,GLM,mme_realworld,chart_table,2,1,KEEP,True,V2
F01698,mmmu_pro_std_test_Clinical_Medicine_118,Grok,mmmu_pro,academic,2,1,WEAK,False,V2
F01699,mme_realworld_13844,Grok,mme_realworld,text,2,1,KEEP,True,V2
F01700,visreason_c5_49,Gemini,visreason,visual_puzzle,2,1,WEAK,False,V2
F01701,mme_realworld_10081,GLM,mme_realworld,chart_table,2,1,KEEP,True,V2
F01702,worldbench_1904,GLM,worldbench,natural,2,1,WEAK,False,V2
F01703,mme_realworld_20535,Sol 5.6,mme_realworld,natural,2,1,KEEP,True,V2
F01704,mme_realworld_20654,Grok,mme_realworld,natural,2,1,WEAK,False,V2
F01705,worldbench_1460,Grok,worldbench,natural,2,1,KEEP,True,V2
F01706,mme_realworld_16373,Grok,mme_realworld,text,2,1,WEAK,False,V2
F01707,mme_realworld_14497,GLM,mme_realworld,text,2,1,WEAK,False,V2
F01708,mme_realworld_09120,Luna,mme_realworld,chart_table,2,1,KEEP,True,V2
F01709,mme_realworld_10404,GLM,mme_realworld,chart_table,2,1,KEEP,True,V2
F01710,mme_realworld_17176,K3,mme_realworld,text,2,1,WEAK,False,V2
F01711,mme_realworld_20692,Astra,mme_realworld,natural,2,1,KEEP,True,V2
F01712,mme_realworld_22177,Luna,mme_realworld,count,2,1,KEEP,True,V2
F01713,mme_realworld_15547,GLM,mme_realworld,text,2,1,KEEP,True,V2
F01714,mme_realworld_10677,Luna,mme_realworld,chart_table,2,1,KEEP,True,V2
F01715,mme_realworld_18816,Sol 5.6,mme_realworld,text,2,1,KEEP,True,V2
F01716,mme_realworld_08289,GLM,mme_realworld,chart_table,2,1,KEEP,True,V2
F01717,mme_realworld_21180,Astra,mme_realworld,count,2,1,UNRESOLVED,False,V2
F01718,mme_realworld_16143,Grok,mme_realworld,text,2,1,WEAK,False,V2
F01719,mme_realworld_23095,Sol 5.6,mme_realworld,natural,2,1,WEAK,False,V2
F01720,mme_realworld_22935,Gemini,mme_realworld,natural,2,1,KEEP,True,V2
F01721,mme_realworld_10219,Grok,mme_realworld,chart_table,2,1,WEAK,False,V2
F01722,mme_realworld_06273,GLM,mme_realworld,chart_table,2,1,KEEP,True,V2
F01723,mme_realworld_02125,Grok,mme_realworld,natural,2,1,KEEP,True,V2
F01724,worldbench_1748,Sol 5.6,worldbench,academic,2,1,WEAK,False,V2
F01725,mme_realworld_06247,Luna,mme_realworld,chart_table,2,1,WEAK,False,V2
F01726,mme_realworld_16319,Grok,mme_realworld,text,2,1,WEAK,False,V2
F01727,mme_realworld_17022,Sol 5.6,mme_realworld,text,2,1,UNRESOLVED,False,V2
F01728,mme_realworld_16994,Astra,mme_realworld,text,2,1,KEEP,True,V2
F01729,mme_realworld_17160,GLM,mme_realworld,text,2,1,WEAK,False,V2
F01730,mme_realworld_17092,Luna,mme_realworld,text,2,1,KEEP,True,V2
F01731,mme_realworld_18316,Sol 5.6,mme_realworld,text,2,1,KEEP,True,V2
F01732,worldbench_1516,Grok,worldbench,count,2,1,WEAK,False,V2
F01733,mme_realworld_21313,Sol 5.6,mme_realworld,count,2,1,KEEP,True,V2
F01734,mme_realworld_15416,GLM,mme_realworld,text,2,1,KEEP,True,V2
F01735,mme_realworld_15082,Grok,mme_realworld,text,2,1,KEEP,True,V2
F01736,mme_realworld_10471,Grok,mme_realworld,chart_table,2,1,KEEP,True,V2
F01737,worldbench_0159,Grok,worldbench,natural,2,1,UNRESOLVED,False,V2
F01738,visreason_c5_68,Grok,visreason,visual_puzzle,2,1,UNRESOLVED,False,V2
F01739,mme_realworld_21421,Astra,mme_realworld,count,2,1,KEEP,True,V2
F01740,mme_realworld_18564,GLM,mme_realworld,text,2,1,KEEP,True,V2
F01741,mme_realworld_16493,GLM,mme_realworld,text,2,1,KEEP,True,V2
F01742,mme_realworld_02086,Grok,mme_realworld,natural,2,1,KEEP,True,V2
F01743,mme_realworld_20962,Sol 5.6,mme_realworld,natural,2,1,KEEP,True,V2
F01744,mme_realworld_13576,Grok,mme_realworld,natural,2,1,WEAK,False,V2
F01745,mme_realworld_18229,Sol 5.6,mme_realworld,text,2,1,KEEP,True,V2
F01746,mme_realworld_02741,Sol 5.6,mme_realworld,count,2,1,WEAK,False,V2
F01747,mmmu_pro_std_test_Public_Health_248,Sol 5.6,mmmu_pro,academic,2,1,KEEP,True,V2
F01748,mme_realworld_13949,GLM,mme_realworld,text,2,1,KEEP,True,V2
F01749,mme_realworld_14094,Luna,mme_realworld,text,2,1,KEEP,True,V2
F01750,mme_realworld_07836,Grok,mme_realworld,chart_table,2,1,KEEP,True,V2
F01751,mme_realworld_19485,Luna,mme_realworld,text,2,1,KEEP,True,V2
F01752,worldbench_0444,Grok,worldbench,natural,2,1,KEEP,True,V2
F01753,mme_realworld_18563,GLM,mme_realworld,text,2,1,KEEP,True,V2
F01754,mme_realworld_19178,Luna,mme_realworld,text,2,1,KEEP,True,V2
F01755,mme_realworld_03078,Luna,mme_realworld,count,2,1,KEEP,True,V2
F01756,mme_realworld_18944,GLM,mme_realworld,text,2,1,KEEP,True,V2
F01757,mme_realworld_07853,Luna,mme_realworld,chart_table,2,1,WEAK,False,V2
F01758,mme_realworld_17367,Luna,mme_realworld,text,2,1,KEEP,True,V2
F01759,mme_realworld_23333,Grok,mme_realworld,natural,2,1,KEEP,True,V2
F01760,vs_004,Luna,vstar,natural,2,1,KEEP,True,V2
F01761,mme_realworld_06609,GLM,mme_realworld,chart_table,2,1,KEEP,True,V2
F01762,mme_realworld_14542,GLM,mme_realworld,text,2,1,WEAK,False,V2
F01763,worldbench_0074,Gemini,worldbench,natural,2,1,KEEP,True,V2
F01764,mme_realworld_18150,Sol 5.6,mme_realworld,text,2,1,KEEP,True,V2
F01765,mme_realworld_18064,Grok,mme_realworld,text,2,1,KEEP,True,V2
F01766,visreason_c5_163,Sol 5.6,visreason,visual_puzzle,2,1,UNRESOLVED,False,V2
F01767,mme_realworld_lite_21672,Astra,mme_realworld,count,2,1,UNRESOLVED,False,V2
F01768,mme_realworld_12706,Astra,mme_realworld,natural,2,1,KEEP,True,V2
F01769,mme_realworld_15890,GLM,mme_realworld,text,2,1,WEAK,False,V2
F01770,visreason_c9_1_12,GLM,visreason,visual_puzzle,2,1,WEAK,False,V2
F01771,mme_realworld_17322,Grok,mme_realworld,text,2,1,KEEP,True,V2
F01772,mme_realworld_20944,Astra,mme_realworld,natural,2,1,KEEP,True,V2
F01773,visreason_c8_160,Sol 5.6,visreason,visual_puzzle,2,1,WEAK,False,V2
F01774,mme_realworld_lite_17054,Grok,mme_realworld,text,2,1,WEAK,False,V2
F01775,mme_realworld_22673,Grok,mme_realworld,natural,2,1,WEAK,False,V2
F01776,worldbench_0035,Gemini,worldbench,natural,2,1,WEAK,False,V2
F01777,mmmu_pro_std_test_Art_227,GLM,mmmu_pro,academic,2,1,WEAK,False,V2
F01778,worldbench_0023,Sol 5.6,worldbench,natural,2,1,KEEP,True,V2
F01779,mme_realworld_17686,Astra,mme_realworld,text,2,1,KEEP,True,V2
F01780,mme_realworld_15165,GLM,mme_realworld,text,2,1,KEEP,True,V2
F01781,mme_realworld_00120,Luna,mme_realworld,natural,2,1,KEEP,True,V2
F01782,mme_realworld_10137,Grok,mme_realworld,chart_table,2,1,WEAK,False,V2
F01783,mme_realworld_17937,Astra,mme_realworld,text,2,1,KEEP,True,V2
F01784,mme_realworld_12883,Sol 5.6,mme_realworld,natural,2,1,KEEP,True,V2
F01785,worldbench_1069,Grok,worldbench,natural,2,1,UNRESOLVED,False,V2
F01786,mme_realworld_17240,Luna,mme_realworld,text,2,1,WEAK,False,V2
F01787,mme_realworld_09024,Luna,mme_realworld,chart_table,2,1,KEEP,True,V2
F01788,worldbench_1205,Sol 5.6,worldbench,natural,2,1,UNRESOLVED,False,V2
F01789,worldbench_0011,Sol 5.6,worldbench,count,2,1,KEEP,True,V2
F01790,vs_185,Grok,vstar,natural,2,1,KEEP,True,V2
F01791,worldbench_1143,Grok,worldbench,count,2,1,UNRESOLVED,False,V2
F01792,mme_realworld_20419,Grok,mme_realworld,natural,2,1,KEEP,True,V2
F01793,worldbench_1468,Grok,worldbench,natural,2,1,WEAK,False,V2
F01794,mme_realworld_09747,GLM,mme_realworld,chart_table,2,1,KEEP,True,V2
F01795,mme_realworld_23175,Luna,mme_realworld,natural,2,1,KEEP,True,V2
F01796,mme_realworld_13632,Sol 5.6,mme_realworld,text,2,1,KEEP,True,V2
F01797,mme_realworld_06067,GLM,mme_realworld,chart_table,2,1,WEAK,False,V2
F01798,mme_realworld_08327,GLM,mme_realworld,chart_table,2,1,KEEP,True,V2
F01799,mme_realworld_04923,GLM,mme_realworld,natural,2,1,WEAK,False,V2
F01800,mme_realworld_14315,GLM,mme_realworld,text,2,1,KEEP,True,V2
F01801,mme_realworld_21358,Astra,mme_realworld,count,2,1,UNRESOLVED,False,V2
F01802,visreason_c9_156,Sol 5.6,visreason,visual_puzzle,2,1,WEAK,False,V2
F01803,mme_realworld_16049,Gemini,mme_realworld,text,2,1,KEEP,True,V2
F01804,mme_realworld_13077,Sol 5.6,mme_realworld,natural,2,1,KEEP,True,V2
F01805,mme_realworld_16428,GLM,mme_realworld,text,2,1,KEEP,True,V2
F01806,mme_realworld_21038,Astra,mme_realworld,natural,2,1,KEEP,True,V2
F01807,mme_realworld_13490,Sol 5.6,mme_realworld,natural,2,1,KEEP,True,V2
F01808,mme_realworld_15512,GLM,mme_realworld,text,2,1,WEAK,False,V2
F01809,mme_realworld_07528,GLM,mme_realworld,chart_table,2,1,KEEP,True,V2
F01810,worldbench_0003,GLM,worldbench,count,2,1,KEEP,True,V2
F01811,mme_realworld_14515,Luna,mme_realworld,text,2,1,KEEP,True,V2
F01812,mme_realworld_10727,GLM,mme_realworld,chart_table,2,1,UNRESOLVED,False,V2
F01813,vs_074,Sol 5.6,vstar,natural,2,1,KEEP,True,V2
F01814,mme_realworld_16083,Grok,mme_realworld,text,2,1,WEAK,False,V2
F01815,mme_realworld_16992,Luna,mme_realworld,text,2,1,KEEP,True,V2
F01816,mme_realworld_lite_17100,Sol 5.6,mme_realworld,text,2,1,KEEP,True,V2
F01817,mme_realworld_16450,Grok,mme_realworld,text,2,1,WEAK,False,V2
F01818,mme_realworld_15085,Grok,mme_realworld,text,2,1,WEAK,False,V2
F01819,worldbench_0413,Gemini,worldbench,natural,2,1,KEEP,True,V2
F01820,mme_realworld_06755,Sol 5.6,mme_realworld,chart_table,2,1,KEEP,True,V2
F01821,mme_realworld_17071,Sol 5.6,mme_realworld,text,2,1,KEEP,True,V2
F01822,mme_realworld_17916,GLM,mme_realworld,text,2,1,KEEP,True,V2
F01823,mme_realworld_18282,GLM,mme_realworld,text,2,1,WEAK,False,V2
F01824,mme_realworld_18245,GLM,mme_realworld,text,2,1,WEAK,False,V2
F01825,mme_realworld_21764,Grok,mme_realworld,count,2,1,WEAK,False,V2
F01826,mme_realworld_21751,Astra,mme_realworld,count,2,1,KEEP,True,V2
F01827,vs_187,Grok,vstar,natural,2,1,KEEP,True,V2
F01828,mme_realworld_18098,GLM,mme_realworld,text,2,1,KEEP,True,V2
F01829,mme_realworld_15884,GLM,mme_realworld,text,2,1,WEAK,False,V2
F01830,worldbench_0329,Sol 5.6,worldbench,natural,2,1,WEAK,False,V2
F01831,mme_realworld_14761,GLM,mme_realworld,text,2,1,UNRESOLVED,False,V2
F01832,mme_realworld_18906,Luna,mme_realworld,text,2,1,KEEP,True,V2
F01833,mme_realworld_11198,Luna,mme_realworld,natural,2,1,UNRESOLVED,False,V2
F01834,mme_realworld_00716,Gemini,mme_realworld,natural,2,1,UNRESOLVED,False,V2
F01835,mme_realworld_22974,Grok,mme_realworld,natural,2,1,KEEP,True,V2
F01836,mme_realworld_20385,Astra,mme_realworld,natural,2,1,KEEP,True,V2
F01837,mme_realworld_08325,GLM,mme_realworld,chart_table,2,1,KEEP,True,V2
F01838,mme_realworld_12496,Astra,mme_realworld,natural,2,1,KEEP,True,V2
F01839,mme_realworld_15068,Grok,mme_realworld,text,2,1,WEAK,False,V2
F01840,vs_031,Astra,vstar,natural,2,1,KEEP,True,V2
F01841,mme_realworld_13880,Sol 5.6,mme_realworld,text,2,1,KEEP,True,V2
F01842,worldbench_0373,Sol 5.6,worldbench,natural,2,1,KEEP,True,V2
F01843,visreason_c10_10_17,GLM,visreason,visual_puzzle,2,1,UNRESOLVED,False,V2
F01844,mme_realworld_05001,Luna,mme_realworld,natural,2,1,WEAK,False,V2
F01845,mmmu_pro_std_test_Electronics_11,Grok,mmmu_pro,academic,2,1,WEAK,False,V2
F01846,mme_realworld_15247,GLM,mme_realworld,text,2,1,KEEP,True,V2
F01847,worldbench_0150,Grok,worldbench,natural,2,1,KEEP,True,V2
F01848,mme_realworld_20759,Sol 5.6,mme_realworld,natural,2,1,KEEP,True,V2
F01849,mme_realworld_05036,GLM,mme_realworld,chart_table,2,1,WEAK,False,V2
F01850,mme_realworld_06914,GLM,mme_realworld,chart_table,2,1,KEEP,True,V2
F01851,mme_realworld_17707,K3,mme_realworld,text,2,1,KEEP,True,V2
F01852,mme_realworld_19374,GLM,mme_realworld,text,2,1,WEAK,False,V2
F01853,visreason_c4_15,Sol 5.6,visreason,visual_puzzle,2,1,WEAK,False,V2
F01854,worldbench_0449,Astra,worldbench,natural,2,1,KEEP,True,V2
F01855,worldbench_1923,GLM,worldbench,count,2,1,WEAK,False,V2
F01856,mme_realworld_16748,Gemini,mme_realworld,text,2,1,KEEP,True,V2
F01857,mme_realworld_11636,Luna,mme_realworld,natural,2,1,WEAK,False,V2
F01858,visreason_c10_407,Sol 5.6,visreason,visual_puzzle,2,1,KEEP,True,V2
F01859,mme_realworld_07224,GLM,mme_realworld,chart_table,2,1,KEEP,True,V2
F01860,mme_realworld_17685,Grok,mme_realworld,text,2,1,KEEP,True,V2
F01861,mme_realworld_19568,Grok,mme_realworld,text,2,1,KEEP,True,V2
F01862,mme_realworld_07905,GLM,mme_realworld,chart_table,2,1,UNRESOLVED,False,V2
F01863,mme_realworld_02183,Luna,mme_realworld,natural,2,1,KEEP,True,V2
F01864,mme_realworld_05991,GLM,mme_realworld,chart_table,2,1,WEAK,False,V2
F01865,mme_realworld_18623,Grok,mme_realworld,text,2,1,KEEP,True,V2
F01866,mme_realworld_12791,Luna,mme_realworld,natural,2,1,KEEP,True,V2
F01867,worldbench_0349,Grok,worldbench,natural,2,1,KEEP,True,V2
F01868,mme_realworld_18132,Gemini,mme_realworld,text,2,1,KEEP,True,V2
F01869,mme_realworld_15531,GLM,mme_realworld,text,2,1,KEEP,True,V2
F01870,mme_realworld_05436,Gemini,mme_realworld,chart_table,2,1,KEEP,True,V2
F01871,mmmu_pro_std_test_History_37,Grok,mmmu_pro,academic,2,1,WEAK,False,V2
F01872,mme_realworld_18376,Grok,mme_realworld,text,2,1,KEEP,True,V2
F01873,mme_realworld_08451,Grok,mme_realworld,chart_table,2,1,WEAK,False,V2
F01874,vs_116,Grok,vstar,natural,2,1,KEEP,True,V2
F01875,mme_realworld_16930,GLM,mme_realworld,text,2,1,KEEP,True,V2
F01876,mme_realworld_07278,GLM,mme_realworld,chart_table,2,1,KEEP,True,V2
F01877,mme_realworld_18308,Astra,mme_realworld,text,2,1,KEEP,True,V2
F01878,mme_realworld_14930,GLM,mme_realworld,text,2,1,WEAK,False,V2
F01879,mme_realworld_17292,Gemini,mme_realworld,text,2,1,WEAK,False,V2
F01880,vs_145,Luna,vstar,natural,2,1,KEEP,True,V2
F01881,mme_realworld_16346,GLM,mme_realworld,text,2,1,KEEP,True,V2
F01882,mmmu_pro_std_test_Accounting_328,Grok,mmmu_pro,academic,2,1,WEAK,False,V2
F01883,mme_realworld_05163,GLM,mme_realworld,chart_table,2,1,KEEP,True,V2
F01884,mme_realworld_13951,Sol 5.6,mme_realworld,text,2,1,KEEP,True,V2
F01885,worldbench_0101,Grok,worldbench,natural,2,1,WEAK,False,V2
F01886,mme_realworld_lite_20587,Luna,mme_realworld,natural,2,1,KEEP,True,V2
F01887,mmmu_pro_std_test_Computer_Science_151,GLM,mmmu_pro,academic,2,1,UNRESOLVED,False,V2
F01888,mme_realworld_17636,GLM,mme_realworld,text,2,1,KEEP,True,V2
F01889,mme_realworld_09632,GLM,mme_realworld,chart_table,2,1,KEEP,True,V2
F01890,mme_realworld_18471,Sol 5.6,mme_realworld,text,2,1,KEEP,True,V2
F01891,mme_realworld_02232,Luna,mme_realworld,natural,2,1,WEAK,False,V2
F01892,mme_realworld_16217,GLM,mme_realworld,text,2,1,KEEP,True,V2
F01893,mmmu_pro_std_test_Materials_415,Grok,mmmu_pro,academic,2,1,WEAK,False,V2
F01894,worldbench_0181,Sol 5.6,worldbench,natural,2,1,KEEP,True,V2
F01895,mmmu_pro_std_test_Music_310,Astra,mmmu_pro,academic,2,1,KEEP,True,V2
F01896,mme_realworld_05417,GLM,mme_realworld,chart_table,2,1,KEEP,True,V2
F01897,mme_realworld_05876,GLM,mme_realworld,chart_table,2,1,KEEP,True,V2
F01898,mme_realworld_13801,Sol 5.6,mme_realworld,text,2,1,KEEP,True,V2
F01899,mme_realworld_15920,GLM,mme_realworld,text,2,1,KEEP,True,V2
F01900,mme_realworld_09691,GLM,mme_realworld,chart_table,2,1,KEEP,True,V2
F01901,mme_realworld_18421,Luna,mme_realworld,text,2,1,KEEP,True,V2
F01902,worldbench_1447,Grok,worldbench,natural,2,1,WEAK,False,V2
F01903,mme_realworld_lite_20645,Grok,mme_realworld,natural,2,1,WEAK,False,V2
F01904,mme_realworld_07554,Luna,mme_realworld,chart_table,2,1,KEEP,True,V2
F01905,visreason_c4_109,Sol 5.6,visreason,visual_puzzle,2,1,WEAK,False,V2
F01906,mmmu_pro_std_test_Math_65,GLM,mmmu_pro,academic,2,1,WEAK,False,V2
F01907,mme_realworld_06451,GLM,mme_realworld,chart_table,2,1,WEAK,False,V2
F01908,mme_realworld_17823,Gemini,mme_realworld,text,2,1,KEEP,True,V2
F01909,mme_realworld_16206,GLM,mme_realworld,text,2,1,WEAK,False,V2
F01910,worldbench_1509,Grok,worldbench,chart_table,2,1,KEEP,True,V2
F01911,mme_realworld_09575,Luna,mme_realworld,chart_table,2,1,KEEP,True,V2
F01912,mme_realworld_17439,Grok,mme_realworld,text,2,1,KEEP,True,V2
F01913,mme_realworld_14463,GLM,mme_realworld,text,2,1,WEAK,False,V2
F01914,mme_realworld_11144,GLM,mme_realworld,natural,2,1,UNRESOLVED,False,V2
F01915,mmmu_pro_std_test_Geography_160,Sol 5.6,mmmu_pro,academic,2,1,KEEP,True,V2
F01916,mme_realworld_21066,Grok,mme_realworld,natural,2,1,WEAK,False,V2
F01917,mme_realworld_16126,Grok,mme_realworld,text,2,1,WEAK,False,V2
F01918,mme_realworld_04880,Sol 5.6,mme_realworld,natural,2,1,KEEP,True,V2
F01919,worldbench_1934,GLM,worldbench,count,2,1,KEEP,True,V2
F01920,mme_realworld_12696,Astra,mme_realworld,natural,2,1,KEEP,True,V2
F01921,mme_realworld_17826,Sol 5.6,mme_realworld,text,2,1,KEEP,True,V2
F01922,mme_realworld_21911,Sol 5.6,mme_realworld,count,2,1,KEEP,True,V2
F01923,mme_realworld_16965,Luna,mme_realworld,text,2,1,KEEP,True,V2
F01924,mme_realworld_14073,Astra,mme_realworld,text,2,1,KEEP,True,V2
F01925,mme_realworld_23271,Luna,mme_realworld,natural,2,1,KEEP,True,V2
F01926,mme_realworld_19650,Grok,mme_realworld,text,2,1,KEEP,True,V2
F01927,mmmu_pro_std_test_Basic_Medical_Science_24,Sol 5.6,mmmu_pro,academic,2,1,WEAK,False,V2
F01928,mme_realworld_11642,GLM,mme_realworld,natural,2,1,WEAK,False,V2
F01929,mme_realworld_18968,Sol 5.6,mme_realworld,text,2,1,KEEP,True,V2
F01930,worldbench_0898,Grok,worldbench,natural,2,1,WEAK,False,V2
F01931,mme_realworld_20739,Luna,mme_realworld,natural,2,1,KEEP,True,V2
F01932,mme_realworld_09349,GLM,mme_realworld,chart_table,2,1,KEEP,True,V2
F01933,mme_realworld_13766,Luna,mme_realworld,text,2,1,KEEP,True,V2
F01934,mme_realworld_08729,GLM,mme_realworld,chart_table,2,1,WEAK,False,V2
F01935,mme_realworld_19677,Grok,mme_realworld,count,2,1,WEAK,False,V2
F01936,vs_190,GLM,vstar,natural,2,1,KEEP,True,V2
F01937,mme_realworld_21707,Sol 5.6,mme_realworld,count,2,1,KEEP,True,V2
F01938,mme_realworld_18512,GLM,mme_realworld,text,2,1,KEEP,True,V2
F01939,worldbench_0290,Grok,worldbench,natural,2,1,WEAK,False,V2
F01940,mme_realworld_14120,Luna,mme_realworld,text,2,1,KEEP,True,V2
F01941,worldbench_0679,Grok,worldbench,natural,2,1,WEAK,False,V2
F01942,mme_realworld_14783,GLM,mme_realworld,text,2,1,KEEP,True,V2
F01943,vs_054,Sol 5.6,vstar,natural,2,1,KEEP,True,V2
F01944,mme_realworld_17741,GLM,mme_realworld,text,2,1,KEEP,True,V2
F01945,mme_realworld_06017,GLM,mme_realworld,chart_table,2,1,KEEP,True,V2
F01946,visreason_c4_53,Sol 5.6,visreason,visual_puzzle,2,1,WEAK,False,V2
F01947,mme_realworld_16834,Luna,mme_realworld,text,2,1,KEEP,True,V2
F01948,mmmu_pro_std_validation_Mechanical_Engineering_29,Grok,mmmu_pro,academic,2,1,WEAK,False,V2
F01949,mme_realworld_16640,Grok,mme_realworld,text,2,1,KEEP,True,V2
F01950,mme_realworld_17099,Sol 5.6,mme_realworld,text,2,1,KEEP,True,V2
F01951,mme_realworld_14630,Grok,mme_realworld,text,2,1,KEEP,True,V2
F01952,worldbench_1737,GLM,worldbench,academic,2,1,WEAK,False,V2
F01953,mme_realworld_04000,Gemini,mme_realworld,natural,2,1,KEEP,True,V2
F01954,visreason_c10_209,Sol 5.6,visreason,visual_puzzle,2,1,WEAK,False,V2
F01955,mme_realworld_13709,GLM,mme_realworld,text,2,1,KEEP,True,V2
F01956,worldbench_1819,Sol 5.6,worldbench,chart_table,2,1,WEAK,False,V2
F01957,mme_realworld_18825,Sol 5.6,mme_realworld,text,2,1,KEEP,True,V2
F01958,worldbench_0589,Sol 5.6,worldbench,count,2,1,WEAK,False,V2
F01959,mme_realworld_02364,Astra,mme_realworld,natural,2,1,KEEP,True,V2
F01960,mme_realworld_20354,Luna,mme_realworld,natural,2,1,KEEP,True,V2
F01961,worldbench_0144,Grok,worldbench,natural,2,1,KEEP,True,V2
F01962,mme_realworld_18403,Sol 5.6,mme_realworld,text,2,1,KEEP,True,V2
F01963,mme_realworld_14229,Grok,mme_realworld,text,2,1,WEAK,False,V2
F01964,mme_realworld_11849,Astra,mme_realworld,natural,2,1,UNRESOLVED,False,V2
F01965,mme_realworld_08131,GLM,mme_realworld,chart_table,2,1,KEEP,True,V2
F01966,mme_realworld_16583,GLM,mme_realworld,text,2,1,WEAK,False,V2
F01967,worldbench_0717,Grok,worldbench,natural,2,1,KEEP,True,V2
F01968,worldbench_1882,Luna,worldbench,count,2,1,WEAK,False,V2
F01969,mmmu_pro_std_test_Pharmacy_35,K3,mmmu_pro,academic,2,1,WEAK,False,V2
F01970,mmmu_pro_std_test_Design_135,GLM,mmmu_pro,academic,2,1,WEAK,False,V2
F01971,mme_realworld_17395,GLM,mme_realworld,text,2,1,KEEP,True,V2
F01972,mme_realworld_17385,GLM,mme_realworld,text,2,1,KEEP,True,V2
F01973,mme_realworld_23164,GLM,mme_realworld,natural,2,1,KEEP,True,V2
F01974,mme_realworld_08075,Grok,mme_realworld,chart_table,2,1,KEEP,True,V2
F01975,mmmu_pro_std_test_Energy_and_Power_302,Sol 5.6,mmmu_pro,academic,2,1,WEAK,False,V2
F01976,mme_realworld_15768,Grok,mme_realworld,text,2,1,WEAK,False,V2
F01977,mme_realworld_18925,Sol 5.6,mme_realworld,text,2,1,KEEP,True,V2
F01978,mme_realworld_06935,GLM,mme_realworld,chart_table,2,1,KEEP,True,V2
F01979,vs_157,Gemini,vstar,natural,2,1,KEEP,True,V2
F01980,mme_realworld_15259,GLM,mme_realworld,text,2,1,WEAK,False,V2
F01981,mme_realworld_14633,GLM,mme_realworld,text,2,1,WEAK,False,V2
F01982,mme_realworld_22767,Sol 5.6,mme_realworld,natural,2,1,KEEP,True,V2
F01983,mme_realworld_15423,Grok,mme_realworld,text,2,1,KEEP,True,V2
F01984,mme_realworld_08045,Grok,mme_realworld,chart_table,2,1,KEEP,True,V2
F01985,mme_realworld_14390,Astra,mme_realworld,text,2,1,BAD,False,V2
F01986,worldbench_0777,Astra,worldbench,count,2,1,UNRESOLVED,False,V2
F01987,worldbench_0724,Grok,worldbench,natural,2,1,KEEP,True,V2
F01988,mme_realworld_07440,Grok,mme_realworld,chart_table,2,1,WEAK,False,V2
F01989,mme_realworld_14570,Sol 5.6,mme_realworld,text,2,1,KEEP,True,V2
F01990,mme_realworld_06867,GLM,mme_realworld,chart_table,2,1,KEEP,True,V2
F01991,mme_realworld_14982,GLM,mme_realworld,text,2,1,KEEP,True,V2
F01992,mme_realworld_13649,Luna,mme_realworld,text,2,1,KEEP,True,V2
F01993,mme_realworld_15958,GLM,mme_realworld,text,2,1,KEEP,True,V2
F01994,mme_realworld_15246,GLM,mme_realworld,text,2,1,WEAK,False,V2
F01995,mme_realworld_00500,Luna,mme_realworld,natural,2,1,WEAK,False,V2
F01996,mme_realworld_07525,GLM,mme_realworld,chart_table,2,1,KEEP,True,V2
F01997,mme_realworld_21585,Astra,mme_realworld,count,2,1,UNRESOLVED,False,V2
F01998,mme_realworld_22270,Gemini,mme_realworld,count,2,1,KEEP,True,V2
F01999,mme_realworld_21750,Sol 5.6,mme_realworld,count,2,1,KEEP,True,V2
F02000,mme_realworld_18760,Luna,mme_realworld,text,2,1,WEAK,False,V2
F02001,worldbench_0147,Astra,worldbench,natural,2,1,UNRESOLVED,False,V2
F02002,worldbench_1566,Sol 5.6,worldbench,count,2,1,KEEP,True,V2
F02003,worldbench_0142,GLM,worldbench,natural,2,1,KEEP,True,V2
F02004,mme_realworld_18636,Luna,mme_realworld,text,2,1,UNRESOLVED,False,V2
F02005,worldbench_1285,Grok,worldbench,natural,2,1,WEAK,False,V2
F02006,mme_realworld_03206,Astra,mme_realworld,natural,2,1,UNRESOLVED,False,V2
F02007,visreason_c8_99,Sol 5.6,visreason,visual_puzzle,2,1,KEEP,True,V2
F02008,mme_realworld_17600,GLM,mme_realworld,text,2,1,WEAK,False,V2
F02009,worldbench_1449,Luna,worldbench,natural,2,1,KEEP,True,V2
F02010,mme_realworld_12965,Sol 5.6,mme_realworld,natural,2,1,KEEP,True,V2
F02011,mme_realworld_15510,GLM,mme_realworld,text,2,1,WEAK,False,V2
F02012,mme_realworld_07002,GLM,mme_realworld,chart_table,2,1,KEEP,True,V2
F02013,mme_realworld_05530,GLM,mme_realworld,chart_table,2,1,KEEP,True,V2
F02014,mme_realworld_18506,GLM,mme_realworld,text,2,1,KEEP,True,V2
F02015,mmmu_pro_std_test_Geography_555,GLM,mmmu_pro,academic,2,1,UNRESOLVED,False,V2
F02016,mme_realworld_18919,GLM,mme_realworld,text,2,1,KEEP,True,V2
F02017,mme_realworld_19365,GLM,mme_realworld,text,2,1,WEAK,False,V2
F02018,worldbench_1028,GLM,worldbench,natural,2,1,UNRESOLVED,False,V2
F02019,mmmu_pro_std_test_Manage_8,Grok,mmmu_pro,academic,2,1,WEAK,False,V2
F02020,mme_realworld_02799,Gemini,mme_realworld,count,2,1,UNRESOLVED,False,V2
F02021,mme_realworld_16761,Luna,mme_realworld,text,2,1,KEEP,True,V2
F02022,mme_realworld_20963,Grok,mme_realworld,natural,2,1,WEAK,False,V2
F02023,mme_realworld_20039,Grok,mme_realworld,natural,2,1,KEEP,True,V2
F02024,mme_realworld_19938,Sol 5.6,mme_realworld,natural,2,1,KEEP,True,V2
F02025,mme_realworld_15170,GLM,mme_realworld,text,2,1,WEAK,False,V2
F02026,mme_realworld_15765,GLM,mme_realworld,text,2,1,WEAK,False,V2
F02027,mme_realworld_09817,Grok,mme_realworld,chart_table,2,1,KEEP,True,V2
F02028,mme_realworld_21343,Grok,mme_realworld,count,2,1,WEAK,False,V2
F02029,mme_realworld_10041,GLM,mme_realworld,chart_table,2,1,KEEP,True,V2
F02030,mme_realworld_18059,Grok,mme_realworld,text,2,1,KEEP,True,V2
F02031,mme_realworld_02212,Grok,mme_realworld,natural,2,1,WEAK,False,V2
F02032,mmmu_pro_std_test_Architecture_and_Engineering_416,Grok,mmmu_pro,academic,2,1,WEAK,False,V2
F02033,mme_realworld_17714,GLM,mme_realworld,text,2,1,KEEP,True,V2
F02034,mme_realworld_lite_20691,Luna,mme_realworld,natural,2,1,WEAK,False,V2
F02035,mme_realworld_13544,Luna,mme_realworld,natural,2,1,KEEP,True,V2
F02036,mme_realworld_15109,K3,mme_realworld,text,2,1,KEEP,True,V2
F02037,mme_realworld_08395,GLM,mme_realworld,chart_table,2,1,KEEP,True,V2
F02038,mme_realworld_17572,Grok,mme_realworld,text,2,1,WEAK,False,V2
F02039,worldbench_0934,Sol 5.6,worldbench,natural,2,1,KEEP,True,V2
F02040,mme_realworld_16839,Luna,mme_realworld,text,2,1,KEEP,True,V2
F02041,mme_realworld_19306,GLM,mme_realworld,text,2,1,WEAK,False,V2
F02042,visreason_c5_186,Gemini,visreason,visual_puzzle,2,1,KEEP,True,V2
F02043,mme_realworld_07505,GLM,mme_realworld,chart_table,2,1,KEEP,True,V2
F02044,worldbench_0681,Grok,worldbench,natural,2,1,KEEP,True,V2
F02045,mme_realworld_17884,Grok,mme_realworld,text,2,1,KEEP,True,V2
F02046,mme_realworld_lite_18413,Grok,mme_realworld,text,2,1,KEEP,True,V2
F02047,mme_realworld_13640,GLM,mme_realworld,text,2,1,KEEP,True,V2
F02048,mme_realworld_06378,GLM,mme_realworld,chart_table,2,1,KEEP,True,V2
F02049,mme_realworld_14189,Grok,mme_realworld,text,2,1,KEEP,True,V2
F02050,mme_realworld_16759,Luna,mme_realworld,text,2,1,KEEP,True,V2
F02051,mme_realworld_12690,Luna,mme_realworld,natural,2,1,KEEP,True,V2
F02052,mme_realworld_18894,Grok,mme_realworld,text,2,1,KEEP,True,V2
F02053,mmmu_pro_std_validation_Agriculture_3,Sol 5.6,mmmu_pro,academic,2,1,WEAK,False,V2
F02054,visreason_c5_149,Gemini,visreason,visual_puzzle,2,1,KEEP,True,V2
F02055,mme_realworld_13997,Grok,mme_realworld,text,2,1,KEEP,True,V2
F02056,mme_realworld_lite_18343,Luna,mme_realworld,text,2,1,KEEP,True,V2
F02057,mme_realworld_02781,Astra,mme_realworld,count,2,1,KEEP,True,V2
F02058,mmmu_pro_std_test_Economics_17,Grok,mmmu_pro,academic,2,1,WEAK,False,V2
F02059,mme_realworld_08349,GLM,mme_realworld,chart_table,2,1,KEEP,True,V2
F02060,mmmu_pro_std_test_Agriculture_195,GLM,mmmu_pro,academic,2,1,WEAK,False,V2
F02061,mmmu_pro_std_test_Marketing_73,Grok,mmmu_pro,academic,2,1,WEAK,False,V2
F02062,mme_realworld_23605,Grok,mme_realworld,natural,2,1,WEAK,False,V2
F02063,mme_realworld_22964,Luna,mme_realworld,natural,2,1,KEEP,True,V2
F02064,mme_realworld_22647,Luna,mme_realworld,natural,2,1,KEEP,True,V2
F02065,mme_realworld_16443,GLM,mme_realworld,text,2,1,WEAK,False,V2
F02066,worldbench_1343,GLM,worldbench,natural,2,1,UNRESOLVED,False,V2
F02067,mme_realworld_07126,GLM,mme_realworld,chart_table,2,1,WEAK,False,V2
F02068,vs_115,GLM,vstar,natural,2,1,WEAK,False,V2
F02069,mme_realworld_05879,GLM,mme_realworld,chart_table,2,1,WEAK,False,V2
F02070,mme_realworld_lite_22771,Sol 5.6,mme_realworld,natural,2,1,KEEP,True,V2
F02071,worldbench_0273,Sol 5.6,worldbench,natural,2,1,KEEP,True,V2
F02072,mme_realworld_13879,Luna,mme_realworld,text,2,1,KEEP,True,V2
F02073,mme_realworld_14665,GLM,mme_realworld,text,2,1,KEEP,True,V2
F02074,mmmu_pro_std_test_Electronics_68,Grok,mmmu_pro,academic,2,1,WEAK,False,V2
F02075,mme_realworld_09973,Luna,mme_realworld,chart_table,2,1,KEEP,True,V2
F02076,mme_realworld_13495,Luna,mme_realworld,natural,2,1,KEEP,True,V2
F02077,mme_realworld_20493,Grok,mme_realworld,natural,2,1,WEAK,False,V2
F02078,mme_realworld_16838,Luna,mme_realworld,text,2,1,KEEP,True,V2
F02079,mme_realworld_22028,Luna,mme_realworld,count,2,1,KEEP,True,V2
F02080,mme_realworld_04676,GLM,mme_realworld,natural,2,1,KEEP,True,V2
F02081,mme_realworld_13685,GLM,mme_realworld,text,2,1,KEEP,True,V2
F02082,mme_realworld_08466,GLM,mme_realworld,chart_table,2,1,KEEP,True,V2
F02083,mme_realworld_13919,Grok,mme_realworld,text,2,1,KEEP,True,V2
F02084,mme_realworld_08211,GLM,mme_realworld,chart_table,2,1,KEEP,True,V2
F02085,worldbench_0244,Luna,worldbench,natural,2,1,KEEP,True,V2
F02086,mme_realworld_06805,Luna,mme_realworld,chart_table,2,1,KEEP,True,V2
F02087,mme_realworld_21569,Luna,mme_realworld,count,2,1,KEEP,True,V2
F02088,mme_realworld_13697,GLM,mme_realworld,text,2,1,KEEP,True,V2
F02089,visreason_c4_94,GLM,visreason,visual_puzzle,2,1,WEAK,False,V2
F02090,mme_realworld_06542,Grok,mme_realworld,chart_table,2,1,WEAK,False,V2
F02091,mme_realworld_lite_18845,Luna,mme_realworld,text,2,1,KEEP,True,V2
F02092,worldbench_0993,Sol 5.6,worldbench,natural,2,1,KEEP,True,V2
F02093,mme_realworld_22402,Sol 5.6,mme_realworld,natural,2,1,KEEP,True,V2
F02094,mme_realworld_07839,Grok,mme_realworld,chart_table,2,1,KEEP,True,V2
F02095,mme_realworld_11570,Astra,mme_realworld,natural,2,1,KEEP,True,V2
F02096,mme_realworld_05173,GLM,mme_realworld,chart_table,2,1,KEEP,True,V2
F02097,worldbench_1474,Grok,worldbench,count,2,1,WEAK,False,V2
F02098,mme_realworld_16203,GLM,mme_realworld,text,2,1,KEEP,True,V2
F02099,mme_realworld_14242,Luna,mme_realworld,text,2,1,WEAK,False,V2
F02100,mme_realworld_15414,Grok,mme_realworld,text,2,1,WEAK,False,V2
F02101,mme_realworld_10455,GLM,mme_realworld,chart_table,2,1,KEEP,True,V2
F02102,mme_realworld_10408,Grok,mme_realworld,chart_table,2,1,UNRESOLVED,False,V2
F02103,worldbench_1024,Sol 5.6,worldbench,natural,2,1,UNRESOLVED,False,V2
F02104,mme_realworld_09170,Grok,mme_realworld,chart_table,2,1,KEEP,True,V2
F02105,mme_realworld_18918,Luna,mme_realworld,text,2,1,KEEP,True,V2
F02106,worldbench_1657,GLM,worldbench,chart_table,2,1,KEEP,True,V2
F02107,mme_realworld_15760,GLM,mme_realworld,text,2,1,KEEP,True,V2
F02108,mmmu_pro_std_test_Marketing_116,Luna,mmmu_pro,academic,2,1,WEAK,False,V2
F02109,worldbench_0041,Sol 5.6,worldbench,natural,2,1,UNRESOLVED,False,V2
F02110,mme_realworld_15395,GLM,mme_realworld,text,2,1,WEAK,False,V2
F02111,mme_realworld_02590,Astra,mme_realworld,count,2,1,KEEP,True,V2
F02112,worldbench_1076,Sol 5.6,worldbench,natural,2,1,KEEP,True,V2
F02113,mme_realworld_23473,Sol 5.6,mme_realworld,natural,2,1,KEEP,True,V2
F02114,mme_realworld_17156,Sol 5.6,mme_realworld,text,2,1,KEEP,True,V2
F02115,mme_realworld_16855,GLM,mme_realworld,text,2,1,KEEP,True,V2
F02116,mme_realworld_14465,GLM,mme_realworld,text,2,1,KEEP,True,V2
F02117,worldbench_0106,Gemini,worldbench,natural,2,1,KEEP,True,V2
F02118,mme_realworld_06107,GLM,mme_realworld,chart_table,2,1,KEEP,True,V2
F02119,mme_realworld_18372,Grok,mme_realworld,text,2,1,UNRESOLVED,False,V2
F02120,mme_realworld_17881,GLM,mme_realworld,text,2,1,KEEP,True,V2
F02121,worldbench_0213,Luna,worldbench,count,2,1,KEEP,True,V2
F02122,vs_110,Sol 5.6,vstar,natural,2,1,KEEP,True,V2
F02123,worldbench_0372,GLM,worldbench,natural,2,1,UNRESOLVED,False,V2
F02124,mme_realworld_18930,Grok,mme_realworld,text,2,1,KEEP,True,V2
F02125,worldbench_1483,GLM,worldbench,natural,2,1,WEAK,False,V2
F02126,mme_realworld_02931,Astra,mme_realworld,count,2,1,KEEP,True,V2
F02127,mmmu_pro_std_validation_Geography_1,GLM,mmmu_pro,academic,2,1,WEAK,False,V2
F02128,mme_realworld_lite_18030,GLM,mme_realworld,text,2,1,KEEP,True,V2
F02129,mme_realworld_19177,GLM,mme_realworld,text,2,1,WEAK,False,V2
F02130,mme_realworld_19799,GLM,mme_realworld,text,2,1,KEEP,True,V2
F02131,mme_realworld_18290,Sol 5.6,mme_realworld,text,2,1,KEEP,True,V2
F02132,visreason_c4_50,GLM,visreason,visual_puzzle,2,1,WEAK,False,V2
F02133,mme_realworld_06957,GLM,mme_realworld,chart_table,2,1,KEEP,True,V2
F02134,mme_realworld_15879,Astra,mme_realworld,text,2,1,KEEP,True,V2
F02135,mme_realworld_09468,Sol 5.6,mme_realworld,chart_table,2,1,KEEP,True,V2
F02136,mme_realworld_16781,Astra,mme_realworld,text,2,1,KEEP,True,V2
F02137,mme_realworld_17529,GLM,mme_realworld,text,2,1,UNRESOLVED,False,V2
F02138,mme_realworld_08468,Luna,mme_realworld,chart_table,2,1,KEEP,True,V2
F02139,mmmu_pro_std_test_Art_176,GLM,mmmu_pro,academic,2,1,KEEP,True,V2
F02140,mme_realworld_18950,GLM,mme_realworld,text,2,1,KEEP,True,V2
F02141,mme_realworld_15699,Grok,mme_realworld,text,2,1,WEAK,False,V2
F02142,mme_realworld_13693,Grok,mme_realworld,text,2,1,WEAK,False,V2
F02143,mme_realworld_05506,GLM,mme_realworld,chart_table,2,1,KEEP,True,V2
F02144,visreason_c9_235,Sol 5.6,visreason,visual_puzzle,2,1,WEAK,False,V2
F02145,worldbench_0116,GLM,worldbench,natural,2,1,WEAK,False,V2
F02146,mme_realworld_14419,Sol 5.6,mme_realworld,text,2,1,KEEP,True,V2
F02147,mme_realworld_16769,GLM,mme_realworld,text,2,1,KEEP,True,V2
F02148,mme_realworld_16967,Luna,mme_realworld,text,2,1,KEEP,True,V2
F02149,mme_realworld_19248,Sol 5.6,mme_realworld,text,2,1,KEEP,True,V2
F02150,mme_realworld_16576,GLM,mme_realworld,text,2,1,KEEP,True,V2
F02151,mme_realworld_17204,GLM,mme_realworld,text,2,1,WEAK,False,V2
F02152,mme_realworld_21783,Astra,mme_realworld,count,2,1,KEEP,True,V2
F02153,mmmu_pro_std_validation_Physics_26,Grok,mmmu_pro,academic,2,1,WEAK,False,V2
F02154,mme_realworld_23391,Luna,mme_realworld,natural,2,1,KEEP,True,V2
F02155,mme_realworld_23239,Grok,mme_realworld,natural,2,1,WEAK,False,V2
F02156,mme_realworld_19668,Grok,mme_realworld,count,2,1,WEAK,False,V2
F02157,mme_realworld_16364,Astra,mme_realworld,text,2,1,KEEP,True,V2
F02158,worldbench_1799,Grok,worldbench,academic,2,1,WEAK,False,V2
F02159,mme_realworld_18956,Grok,mme_realworld,text,2,1,KEEP,True,V2
F02160,mme_realworld_18589,Sol 5.6,mme_realworld,text,2,1,KEEP,True,V2
F02161,mme_realworld_14115,Grok,mme_realworld,text,2,1,WEAK,False,V2
F02162,mme_realworld_07939,GLM,mme_realworld,chart_table,2,1,KEEP,True,V2
F02163,mme_realworld_18410,Grok,mme_realworld,text,2,1,KEEP,True,V2
F02164,mme_realworld_19329,GLM,mme_realworld,text,2,1,WEAK,False,V2
F02165,mme_realworld_13882,GLM,mme_realworld,text,2,1,KEEP,True,V2
F02166,worldbench_0005,Sol 5.6,worldbench,natural,2,1,WEAK,False,V2
F02167,worldbench_1281,Sol 5.6,worldbench,natural,2,1,KEEP,True,V2
F02168,mme_realworld_19307,Luna,mme_realworld,text,2,1,KEEP,True,V2
F02169,mmmu_pro_std_validation_Biology_4,GLM,mmmu_pro,academic,2,1,WEAK,False,V2
F02170,mme_realworld_18349,Grok,mme_realworld,text,2,1,KEEP,True,V2
F02171,mmmu_pro_std_test_Basic_Medical_Science_179,Grok,mmmu_pro,academic,2,1,WEAK,False,V2
F02172,mme_realworld_20601,Grok,mme_realworld,natural,2,1,WEAK,False,V2
F02173,mme_realworld_19202,GLM,mme_realworld,text,2,1,WEAK,False,V2
F02174,mme_realworld_09944,Luna,mme_realworld,chart_table,2,1,KEEP,True,V2
F02175,visreason_c1_4_20,Grok,visreason,visual_puzzle,2,1,WEAK,False,V2
F02176,mmmu_pro_std_test_Manage_45,Grok,mmmu_pro,academic,2,1,WEAK,False,V2
F02177,mme_realworld_15706,GLM,mme_realworld,text,2,1,WEAK,False,V2
F02178,mme_realworld_21165,GLM,mme_realworld,count,2,1,KEEP,True,V2
F02179,mme_realworld_21589,Gemini,mme_realworld,count,2,1,KEEP,True,V2
F02180,mme_realworld_20248,Luna,mme_realworld,natural,2,1,WEAK,False,V2
F02181,mme_realworld_08102,GLM,mme_realworld,chart_table,2,1,KEEP,True,V2
F02182,mme_realworld_06436,GLM,mme_realworld,chart_table,2,1,KEEP,True,V2
F02183,mme_realworld_07778,GLM,mme_realworld,chart_table,2,1,WEAK,False,V2
F02184,mme_realworld_19211,GLM,mme_realworld,text,2,1,KEEP,True,V2
F02185,mme_realworld_06817,GLM,mme_realworld,chart_table,2,1,KEEP,True,V2
F02186,mme_realworld_14302,Luna,mme_realworld,text,2,1,KEEP,True,V2
F02187,vs_171,Grok,vstar,natural,2,1,KEEP,True,V2
F02188,mme_realworld_06987,GLM,mme_realworld,chart_table,2,1,WEAK,False,V2
F02189,mme_realworld_18861,GLM,mme_realworld,text,2,1,KEEP,True,V2
F02190,vs_105,GLM,vstar,natural,2,1,KEEP,True,V2
F02191,worldbench_0701,GLM,worldbench,natural,2,1,WEAK,False,V2
F02192,visreason_c5_105,Luna,visreason,visual_puzzle,2,1,UNRESOLVED,False,V2
F02193,mme_realworld_17333,Luna,mme_realworld,text,2,1,KEEP,True,V2
F02194,mme_realworld_20494,Sol 5.6,mme_realworld,natural,2,1,KEEP,True,V2
F02195,mme_realworld_06250,Sol 5.6,mme_realworld,chart_table,2,1,KEEP,True,V2
F02196,mme_realworld_17658,Grok,mme_realworld,text,2,1,WEAK,False,V2
F02197,mme_realworld_05958,GLM,mme_realworld,chart_table,2,1,KEEP,True,V2
F02198,mme_realworld_lite_18145,Grok,mme_realworld,text,2,1,WEAK,False,V2
F02199,mme_realworld_lite_19556,Grok,mme_realworld,text,2,1,KEEP,True,V2
F02200,mme_realworld_22025,Astra,mme_realworld,count,2,1,KEEP,True,V2
F02201,worldbench_0463,Sol 5.6,worldbench,natural,2,1,KEEP,True,V2
F02202,mme_realworld_12860,Luna,mme_realworld,natural,2,1,WEAK,False,V2
F02203,mme_realworld_15283,GLM,mme_realworld,text,2,1,KEEP,True,V2
F02204,worldbench_1505,Luna,worldbench,count,2,1,WEAK,False,V2
F02205,mme_realworld_22290,Sol 5.6,mme_realworld,count,2,1,KEEP,True,V2
F02206,mme_realworld_14386,Luna,mme_realworld,text,2,1,KEEP,True,V2
F02207,mme_realworld_02926,Gemini,mme_realworld,count,2,1,KEEP,True,V2
F02208,mme_realworld_14213,GLM,mme_realworld,text,2,1,KEEP,True,V2
F02209,mme_realworld_16737,GLM,mme_realworld,text,2,1,WEAK,False,V2
F02210,mme_realworld_22791,Grok,mme_realworld,natural,2,1,WEAK,False,V2
F02211,worldbench_0643,Sol 5.6,worldbench,natural,2,1,WEAK,False,V2
F02212,mme_realworld_06096,GLM,mme_realworld,chart_table,2,1,KEEP,True,V2
F02213,worldbench_0970,Grok,worldbench,natural,2,1,WEAK,False,V2
F02214,mme_realworld_17116,Grok,mme_realworld,text,2,1,WEAK,False,V2
F02215,mme_realworld_21041,Luna,mme_realworld,natural,2,1,KEEP,True,V2
F02216,mme_realworld_17925,Luna,mme_realworld,text,2,1,KEEP,True,V2
F02217,vs_173,Grok,vstar,natural,2,1,WEAK,False,V2
F02218,mme_realworld_17638,GLM,mme_realworld,text,2,1,WEAK,False,V2
F02219,mme_realworld_07708,Luna,mme_realworld,chart_table,2,1,WEAK,False,V2
F02220,mme_realworld_19236,Grok,mme_realworld,text,2,1,KEEP,True,V2
F02221,mme_realworld_20118,Sol 5.6,mme_realworld,natural,2,1,KEEP,True,V2
F02222,mme_realworld_02707,Astra,mme_realworld,count,2,1,UNRESOLVED,False,V2
F02223,mmmu_pro_std_test_Literature_86,Grok,mmmu_pro,academic,2,1,KEEP,True,V2
F02224,worldbench_1868,Sol 5.6,worldbench,academic,2,1,WEAK,False,V2
F02225,mme_realworld_16884,Luna,mme_realworld,text,2,1,KEEP,True,V2
F02226,mme_realworld_08616,Gemini,mme_realworld,chart_table,2,1,KEEP,True,V2
F02227,mmmu_pro_std_validation_Architecture_and_Engineering_10,GLM,mmmu_pro,academic,2,1,WEAK,False,V2
F02228,mme_realworld_02160,Luna,mme_realworld,natural,2,1,KEEP,True,V2
F02229,mme_realworld_10907,GLM,mme_realworld,chart_table,2,1,KEEP,True,V2
F02230,worldbench_1088,Grok,worldbench,natural,2,1,WEAK,False,V2
F02231,mme_realworld_15043,Sol 5.6,mme_realworld,text,2,1,KEEP,True,V2
F02232,mme_realworld_05513,GLM,mme_realworld,chart_table,2,1,KEEP,True,V2
F02233,mme_realworld_18185,Grok,mme_realworld,text,2,1,KEEP,True,V2
F02234,mme_realworld_07852,GLM,mme_realworld,chart_table,2,1,WEAK,False,V2
F02235,mme_realworld_20667,Grok,mme_realworld,natural,2,1,KEEP,True,V2
F02236,mme_realworld_23101,Grok,mme_realworld,natural,2,1,KEEP,True,V2
F02237,mmmu_pro_std_validation_Diagnostics_and_Laboratory_Medicine_14,Gemini,mmmu_pro,academic,2,1,UNRESOLVED,False,V2
F02238,worldbench_0250,Gemini,worldbench,natural,2,1,KEEP,True,V2
F02239,mme_realworld_05969,GLM,mme_realworld,chart_table,2,1,KEEP,True,V2
F02240,mme_realworld_17801,GLM,mme_realworld,text,2,1,KEEP,True,V2
F02241,worldbench_0872,GLM,worldbench,natural,2,1,WEAK,False,V2
F02242,mme_realworld_17946,GLM,mme_realworld,text,2,1,KEEP,True,V2
F02243,worldbench_0345,Sol 5.6,worldbench,natural,2,1,KEEP,True,V2
F02244,mme_realworld_22415,Luna,mme_realworld,natural,2,1,KEEP,True,V2
F02245,mme_realworld_16966,Luna,mme_realworld,text,2,1,KEEP,True,V2
F02246,mme_realworld_12576,Grok,mme_realworld,natural,2,1,KEEP,True,V2
F02247,mme_realworld_13905,GLM,mme_realworld,text,2,1,WEAK,False,V2
F02248,worldbench_0187,Grok,worldbench,natural,2,1,KEEP,True,V2
F02249,mme_realworld_14592,Grok,mme_realworld,text,2,1,KEEP,True,V2
F02250,mme_realworld_05540,Grok,mme_realworld,chart_table,2,1,KEEP,True,V2
F02251,mme_realworld_21189,Astra,mme_realworld,count,2,1,KEEP,True,V2
F02252,mme_realworld_18892,GLM,mme_realworld,text,2,1,KEEP,True,V2
F02253,mme_realworld_17815,GLM,mme_realworld,text,2,1,WEAK,False,V2
F02254,worldbench_0271,Astra,worldbench,natural,2,1,KEEP,True,V2
F02255,mme_realworld_20829,Sol 5.6,mme_realworld,natural,2,1,KEEP,True,V2
F02256,vs_042,Sol 5.6,vstar,natural,2,1,KEEP,True,V2
F02257,mme_realworld_07797,GLM,mme_realworld,chart_table,2,1,KEEP,True,V2
F02258,mme_realworld_18461,Luna,mme_realworld,text,2,1,WEAK,False,V2
F02259,mme_realworld_05503,GLM,mme_realworld,chart_table,2,1,KEEP,True,V2
F02260,visreason_c8_133,GLM,visreason,visual_puzzle,2,1,KEEP,True,V2
F02261,worldbench_0763,Grok,worldbench,natural,2,1,KEEP,True,V2
F02262,mme_realworld_17764,Sol 5.6,mme_realworld,text,2,1,KEEP,True,V2
F02263,worldbench_1500,Sol 5.6,worldbench,natural,2,1,KEEP,True,V2
F02264,worldbench_0057,GLM,worldbench,natural,2,1,UNRESOLVED,False,V2
F02265,mme_realworld_16702,Grok,mme_realworld,text,2,1,KEEP,True,V2
F02266,mme_realworld_14687,GLM,mme_realworld,text,2,1,WEAK,False,V2
F02267,mme_realworld_23553,Grok,mme_realworld,natural,2,1,WEAK,False,V2
F02268,mme_realworld_19241,Grok,mme_realworld,text,2,1,KEEP,True,V2
F02269,worldbench_0818,Grok,worldbench,natural,2,1,WEAK,False,V2
F02270,mme_realworld_07559,GLM,mme_realworld,chart_table,2,1,WEAK,False,V2
F02271,vs_169,GLM,vstar,natural,2,1,KEEP,True,V2
F02272,mme_realworld_08357,Grok,mme_realworld,chart_table,2,1,KEEP,True,V2
F02273,mme_realworld_17772,Sol 5.6,mme_realworld,text,2,1,KEEP,True,V2
F02274,mme_realworld_23535,Grok,mme_realworld,natural,2,1,WEAK,False,V2
F02275,mme_realworld_13677,Grok,mme_realworld,text,2,1,KEEP,True,V2
F02276,mme_realworld_18033,GLM,mme_realworld,text,2,1,KEEP,True,V2
F02277,mme_realworld_18777,GLM,mme_realworld,text,2,1,KEEP,True,V2
F02278,mme_realworld_08685,GLM,mme_realworld,chart_table,2,1,KEEP,True,V2
F02279,mmmu_pro_std_validation_Diagnostics_and_Laboratory_Medicine_15,GLM,mmmu_pro,academic,2,1,UNRESOLVED,False,V2
F02280,mme_realworld_09501,GLM,mme_realworld,chart_table,2,1,KEEP,True,V2
F02281,mme_realworld_14922,Luna,mme_realworld,text,2,1,KEEP,True,V2
F02282,mme_realworld_15461,Grok,mme_realworld,text,2,1,WEAK,False,V2
F02283,mme_realworld_20796,Luna,mme_realworld,natural,2,1,KEEP,True,V2
F02284,worldbench_0988,Grok,worldbench,natural,2,1,KEEP,True,V2
F02285,mme_realworld_17986,GLM,mme_realworld,text,2,1,KEEP,True,V2
F02286,mme_realworld_lite_23100,Luna,mme_realworld,natural,2,1,WEAK,False,V2
F02287,mme_realworld_16212,GLM,mme_realworld,text,2,1,KEEP,True,V2
F02288,mme_realworld_02876,Astra,mme_realworld,count,2,1,KEEP,True,V2
F02289,mme_realworld_14778,GLM,mme_realworld,text,2,1,KEEP,True,V2
F02290,mme_realworld_05812,Grok,mme_realworld,chart_table,2,1,KEEP,True,V2
F02291,worldbench_1058,Sol 5.6,worldbench,natural,2,1,KEEP,True,V2
F02292,worldbench_0383,Luna,worldbench,count,2,1,KEEP,True,V2
F02293,mme_realworld_14533,GLM,mme_realworld,text,2,1,WEAK,False,V2
F02294,worldbench_0092,Astra,worldbench,natural,2,1,KEEP,True,V2
F02295,mme_realworld_05872,GLM,mme_realworld,chart_table,2,1,KEEP,True,V2
F02296,mme_realworld_18762,Grok,mme_realworld,text,2,1,KEEP,True,V2
F02297,mme_realworld_17254,GLM,mme_realworld,text,2,1,WEAK,False,V2
F02298,mme_realworld_13106,Luna,mme_realworld,natural,2,1,KEEP,True,V2
F02299,mme_realworld_lite_18222,GLM,mme_realworld,text,2,1,WEAK,False,V2
F02300,mme_realworld_16679,GLM,mme_realworld,count,2,1,WEAK,False,V2
F02301,mme_realworld_18653,GLM,mme_realworld,text,2,1,KEEP,True,V2
F02302,mme_realworld_14362,Grok,mme_realworld,text,2,1,WEAK,False,V2
F02303,mme_realworld_18007,GLM,mme_realworld,text,2,1,KEEP,True,V2
F02304,worldbench_1227,Astra,worldbench,natural,2,1,KEEP,True,V2
F02305,mmmu_pro_std_test_Accounting_50,Grok,mmmu_pro,academic,2,1,WEAK,False,V2
F02306,mmmu_pro_std_test_Electronics_37,Sol 5.6,mmmu_pro,academic,2,1,WEAK,False,V2
F02307,mme_realworld_17110,GLM,mme_realworld,text,2,1,WEAK,False,V2
F02308,mme_realworld_lite_21921,Sol 5.6,mme_realworld,count,2,1,KEEP,True,V2
F02309,mme_realworld_10500,Luna,mme_realworld,chart_table,2,1,KEEP,True,V2
F02310,mme_realworld_18749,Luna,mme_realworld,text,2,1,WEAK,False,V2
F02311,mme_realworld_12606,Luna,mme_realworld,natural,2,1,WEAK,False,V2
F02312,mme_realworld_20677,Luna,mme_realworld,natural,2,1,KEEP,True,V2
F02313,mme_realworld_21097,Grok,mme_realworld,natural,2,1,WEAK,False,V2
F02314,mme_realworld_14320,GLM,mme_realworld,text,2,1,KEEP,True,V2
F02315,mme_realworld_03004,Astra,mme_realworld,count,2,1,KEEP,True,V2
F02316,mme_realworld_03573,Gemini,mme_realworld,natural,2,1,KEEP,True,V2
F02317,mme_realworld_14944,Grok,mme_realworld,text,2,1,KEEP,True,V2
F02318,mme_realworld_04519,GLM,mme_realworld,natural,2,1,WEAK,False,V2
F02319,mme_realworld_08782,Gemini,mme_realworld,chart_table,2,1,KEEP,True,V2
F02320,worldbench_0965,GLM,worldbench,natural,2,1,WEAK,False,V2
F02321,mme_realworld_22881,Grok,mme_realworld,natural,2,1,KEEP,True,V2
F02322,mme_realworld_14068,Sol 5.6,mme_realworld,text,2,1,KEEP,True,V2
F02323,mme_realworld_15401,GLM,mme_realworld,text,2,1,KEEP,True,V2
F02324,mme_realworld_16637,Sol 5.6,mme_realworld,text,2,1,KEEP,True,V2
F02325,mme_realworld_16780,Grok,mme_realworld,text,2,1,KEEP,True,V2
F02326,worldbench_0260,Gemini,worldbench,natural,2,1,WEAK,False,V2
F02327,mme_realworld_10950,Luna,mme_realworld,natural,2,1,WEAK,False,V2
F02328,mme_realworld_22853,Grok,mme_realworld,natural,2,1,WEAK,False,V2
F02329,mme_realworld_20621,Sol 5.6,mme_realworld,natural,2,1,KEEP,True,V2
F02330,mme_realworld_15050,GLM,mme_realworld,text,2,1,WEAK,False,V2
F02331,mme_realworld_06534,Luna,mme_realworld,chart_table,2,1,KEEP,True,V2
F02332,mme_realworld_05629,GLM,mme_realworld,chart_table,2,1,KEEP,True,V2
F02333,mme_realworld_13276,Sol 5.6,mme_realworld,natural,2,1,KEEP,True,V2
F02334,mme_realworld_15990,GLM,mme_realworld,text,2,1,WEAK,False,V2
F02335,mme_realworld_07825,Sol 5.6,mme_realworld,chart_table,2,1,KEEP,True,V2
F02336,visreason_c6_65,Grok,visreason,visual_puzzle,2,1,WEAK,False,V2
F02337,mme_realworld_05646,GLM,mme_realworld,chart_table,2,1,KEEP,True,V2
F02338,mme_realworld_lite_19494,GLM,mme_realworld,text,2,1,WEAK,False,V2
F02339,mme_realworld_14801,GLM,mme_realworld,text,2,1,KEEP,True,V2
F02340,mme_realworld_07721,GLM,mme_realworld,chart_table,2,1,KEEP,True,V2
F02341,mme_realworld_17036,Luna,mme_realworld,text,2,1,KEEP,True,V2
F02342,mme_realworld_08188,GLM,mme_realworld,chart_table,2,1,KEEP,True,V2
F02343,worldbench_0110,GLM,worldbench,natural,2,1,KEEP,True,V2
F02344,mme_realworld_09814,Gemini,mme_realworld,chart_table,2,1,KEEP,True,V2
F02345,mme_realworld_17066,Sol 5.6,mme_realworld,text,2,1,KEEP,True,V2
F02346,mme_realworld_18565,Sol 5.6,mme_realworld,text,2,1,KEEP,True,V2
F02347,vs_178,Astra,vstar,natural,2,1,KEEP,True,V2
F02348,mme_realworld_12678,Astra,mme_realworld,natural,2,1,KEEP,True,V2
F02349,mme_realworld_15001,Luna,mme_realworld,text,2,1,WEAK,False,V2
F02350,mme_realworld_07068,GLM,mme_realworld,chart_table,2,1,KEEP,True,V2
F02351,mme_realworld_06786,Luna,mme_realworld,chart_table,2,1,KEEP,True,V2
F02352,mme_realworld_17421,Grok,mme_realworld,text,2,1,KEEP,True,V2
F02353,mme_realworld_10341,GLM,mme_realworld,chart_table,2,1,KEEP,True,V2
F02354,vs_143,Grok,vstar,natural,2,1,WEAK,False,V2
F02355,mme_realworld_21089,GLM,mme_realworld,natural,2,1,WEAK,False,V2
F02356,mme_realworld_18492,Sol 5.6,mme_realworld,text,2,1,WEAK,False,V2
F02357,mme_realworld_10024,GLM,mme_realworld,chart_table,2,1,KEEP,True,V2
F02358,mmmu_pro_std_validation_Marketing_23,Grok,mmmu_pro,academic,2,1,WEAK,False,V2
F02359,mme_realworld_17021,Sol 5.6,mme_realworld,text,2,1,KEEP,True,V2
F02360,mme_realworld_09464,Grok,mme_realworld,chart_table,2,1,KEEP,True,V2
F02361,mme_realworld_14116,GLM,mme_realworld,text,2,1,KEEP,True,V2
F02362,mme_realworld_17709,Grok,mme_realworld,text,2,1,WEAK,False,V2
F02363,mme_realworld_10540,Grok,mme_realworld,chart_table,2,1,KEEP,True,V2
F02364,mme_realworld_15948,Luna,mme_realworld,text,2,1,WEAK,False,V2
F02365,mme_realworld_02305,Astra,mme_realworld,natural,2,1,KEEP,True,V2
F02366,mme_realworld_14563,Luna,mme_realworld,text,2,1,KEEP,True,V2
F02367,mme_realworld_22260,Sol 5.6,mme_realworld,count,2,1,KEEP,True,V2
F02368,mme_realworld_lite_21112,Luna,mme_realworld,natural,2,1,WEAK,False,V2
F02369,mme_realworld_18077,Sol 5.6,mme_realworld,text,2,1,KEEP,True,V2
F02370,mme_realworld_12935,Grok,mme_realworld,natural,2,1,WEAK,False,V2
F02371,vs_129,Sol 5.6,vstar,natural,2,1,KEEP,True,V2
F02372,mme_realworld_17643,GLM,mme_realworld,text,2,1,WEAK,False,V2
F02373,mme_realworld_17312,GLM,mme_realworld,text,2,1,KEEP,True,V2
F02374,mme_realworld_14177,Astra,mme_realworld,text,2,1,KEEP,True,V2
F02375,mme_realworld_13758,Grok,mme_realworld,text,2,1,KEEP,True,V2
F02376,mme_realworld_16422,Grok,mme_realworld,text,2,1,KEEP,True,V2
F02377,mme_realworld_14045,Sol 5.6,mme_realworld,text,2,1,KEEP,True,V2
F02378,mme_realworld_12703,Sol 5.6,mme_realworld,natural,2,1,KEEP,True,V2
F02379,mme_realworld_11509,Sol 5.6,mme_realworld,natural,2,1,WEAK,False,V2
F02380,mme_realworld_13796,Luna,mme_realworld,text,2,1,KEEP,True,V2
F02381,mme_realworld_12900,Luna,mme_realworld,natural,2,1,WEAK,False,V2
F02382,mmmu_pro_std_validation_Geography_5,GLM,mmmu_pro,academic,2,1,UNRESOLVED,False,V2
F02383,mme_realworld_17659,Grok,mme_realworld,text,2,1,KEEP,True,V2
F02384,visreason_c9_142,GLM,visreason,visual_puzzle,2,1,WEAK,False,V2
F02385,worldbench_1556,Sol 5.6,worldbench,count,2,1,KEEP,True,V2
F02386,mme_realworld_13975,Grok,mme_realworld,text,2,1,KEEP,True,V2
F02387,mme_realworld_16647,Grok,mme_realworld,text,2,1,KEEP,True,V2
F02388,mme_realworld_09419,Grok,mme_realworld,chart_table,2,1,KEEP,True,V2
F02389,mme_realworld_19880,Grok,mme_realworld,natural,2,1,WEAK,False,V2
F02390,mme_realworld_09176,Grok,mme_realworld,chart_table,2,1,KEEP,True,V2
F02391,mme_realworld_06973,GLM,mme_realworld,chart_table,2,1,KEEP,True,V2
F02392,mme_realworld_22215,Astra,mme_realworld,count,2,1,KEEP,True,V2
F02393,worldbench_1896,Sol 5.6,worldbench,map,2,1,KEEP,True,V2
F02394,mme_realworld_10800,Gemini,mme_realworld,chart_table,2,1,KEEP,True,V2
F02395,mme_realworld_04690,Sol 5.6,mme_realworld,natural,2,1,WEAK,False,V2
F02396,mme_realworld_18794,GLM,mme_realworld,text,2,1,KEEP,True,V2
F02397,mme_realworld_23027,GLM,mme_realworld,natural,2,1,KEEP,True,V2
F02398,worldbench_1506,Grok,worldbench,chart_table,2,1,WEAK,False,V2
F02399,worldbench_0856,GLM,worldbench,count,2,1,WEAK,False,V2
F02400,mme_realworld_23279,Luna,mme_realworld,natural,2,1,KEEP,True,V2
F02401,mme_realworld_06329,Grok,mme_realworld,chart_table,2,1,KEEP,True,V2
F02402,worldbench_0280,K3,worldbench,natural,2,1,KEEP,True,V2
F02403,mme_realworld_23448,Sol 5.6,mme_realworld,natural,2,1,KEEP,True,V2
F02404,worldbench_1469,GLM,worldbench,natural,2,1,BAD,False,V2
F02405,mme_realworld_20517,GLM,mme_realworld,natural,2,1,WEAK,False,V2
F02406,mme_realworld_09080,Sol 5.6,mme_realworld,chart_table,2,1,KEEP,True,V2
F02407,mme_realworld_15497,Grok,mme_realworld,text,2,1,WEAK,False,V2
F02408,mmmu_pro_std_test_Marketing_108,GLM,mmmu_pro,academic,2,1,WEAK,False,V2
F02409,mme_realworld_lite_15114,Luna,mme_realworld,text,2,1,KEEP,True,V2
F02410,mme_realworld_08271,Grok,mme_realworld,chart_table,2,1,KEEP,True,V2
F02411,mme_realworld_14092,Astra,mme_realworld,text,2,1,KEEP,True,V2
F02412,mme_realworld_06949,GLM,mme_realworld,chart_table,2,1,KEEP,True,V2
F02413,mme_realworld_14637,Gemini,mme_realworld,text,2,1,KEEP,True,V2
F02414,worldbench_0986,Sol 5.6,worldbench,count,2,1,WEAK,False,V2
F02415,worldbench_0773,Sol 5.6,worldbench,natural,2,1,WEAK,False,V2
F02416,worldbench_0636,Luna,worldbench,natural,2,1,KEEP,True,V2
F02417,mme_realworld_06768,Luna,mme_realworld,chart_table,2,1,KEEP,True,V2
F02418,mme_realworld_13941,Sol 5.6,mme_realworld,text,2,1,UNRESOLVED,False,V2
F02419,mme_realworld_20913,Luna,mme_realworld,natural,2,1,KEEP,True,V2
F02420,mmmu_pro_std_test_Basic_Medical_Science_230,GLM,mmmu_pro,academic,2,1,WEAK,False,V2
F02421,mme_realworld_15279,GLM,mme_realworld,text,2,1,KEEP,True,V2
F02422,vs_096,Luna,vstar,natural,2,1,KEEP,True,V2
F02423,mme_realworld_17159,Sol 5.6,mme_realworld,text,2,1,KEEP,True,V2
F02424,mme_realworld_lite_20757,Luna,mme_realworld,natural,2,1,WEAK,False,V2
F02425,mme_realworld_19304,Sol 5.6,mme_realworld,text,2,1,KEEP,True,V2
F02426,mme_realworld_17486,GLM,mme_realworld,text,2,1,WEAK,False,V2
F02427,mme_realworld_06498,GLM,mme_realworld,chart_table,2,1,WEAK,False,V2
F02428,mme_realworld_lite_16053,Grok,mme_realworld,text,2,1,KEEP,True,V2
F02429,mme_realworld_07771,Gemini,mme_realworld,chart_table,2,1,WEAK,False,V2
F02430,mmmu_pro_std_test_Chemistry_43,Grok,mmmu_pro,academic,2,1,WEAK,False,V2
F02431,mme_realworld_01539,Luna,mme_realworld,natural,2,1,KEEP,True,V2
F02432,mme_realworld_02207,Sol 5.6,mme_realworld,natural,2,1,KEEP,True,V2
F02433,mme_realworld_13989,Grok,mme_realworld,text,2,1,KEEP,True,V2
F02434,mme_realworld_lite_20519,Astra,mme_realworld,natural,2,1,KEEP,True,V2
F02435,mme_realworld_lite_19567,Grok,mme_realworld,text,2,1,WEAK,False,V2
F02436,worldbench_1423,GLM,worldbench,count,2,1,KEEP,True,V2
F02437,vs_018,Grok,vstar,natural,2,1,KEEP,True,V2
F02438,mme_realworld_20520,Grok,mme_realworld,natural,2,1,WEAK,False,V2
F02439,mme_realworld_19882,Luna,mme_realworld,natural,2,1,WEAK,False,V2
F02440,mme_realworld_13538,Sol 5.6,mme_realworld,natural,2,1,KEEP,True,V2
F02441,mme_realworld_19194,GLM,mme_realworld,text,2,1,WEAK,False,V2
F02442,mme_realworld_10218,Grok,mme_realworld,chart_table,2,1,KEEP,True,V2
F02443,mme_realworld_16627,Sol 5.6,mme_realworld,text,2,1,KEEP,True,V2
F02444,mme_realworld_17511,GLM,mme_realworld,text,2,1,WEAK,False,V2
F02445,mme_realworld_lite_19381,GLM,mme_realworld,text,2,1,WEAK,False,V2
F02446,visreason_c10_7_10,Sol 5.6,visreason,visual_puzzle,2,1,UNRESOLVED,False,V2
F02447,mme_realworld_17688,GLM,mme_realworld,text,2,1,KEEP,True,V2
F02448,mme_realworld_03359,Luna,mme_realworld,natural,2,1,KEEP,True,V2
F02449,worldbench_0042,Sol 5.6,worldbench,natural,2,1,KEEP,True,V2
F02450,worldbench_0342,Sol 5.6,worldbench,natural,2,1,KEEP,True,V2
F02451,mme_realworld_03413,Luna,mme_realworld,natural,2,1,KEEP,True,V2
F02452,mme_realworld_17188,Grok,mme_realworld,text,2,1,KEEP,True,V2
F02453,worldbench_0603,Gemini,worldbench,natural,2,1,KEEP,True,V2
F02454,mme_realworld_19183,Luna,mme_realworld,text,2,1,KEEP,True,V2
F02455,vs_059,Sol 5.6,vstar,natural,2,1,KEEP,True,V2
F02456,worldbench_0798,Grok,worldbench,natural,2,1,KEEP,True,V2
F02457,mme_realworld_14713,GLM,mme_realworld,text,2,1,WEAK,False,V2
F02458,vs_050,Grok,vstar,natural,2,1,WEAK,False,V2
F02459,mme_realworld_21117,Sol 5.6,mme_realworld,natural,2,1,WEAK,False,V2
F02460,mme_realworld_01559,Gemini,mme_realworld,natural,2,1,WEAK,False,V2
F02461,worldbench_1379,GLM,worldbench,natural,2,1,KEEP,True,V2
F02462,mme_realworld_05223,Grok,mme_realworld,chart_table,2,1,KEEP,True,V2
F02463,mme_realworld_16547,Gemini,mme_realworld,text,2,1,KEEP,True,V2
F02464,mme_realworld_19367,Luna,mme_realworld,text,2,1,WEAK,False,V2
F02465,mmmu_pro_std_test_Clinical_Medicine_316,Grok,mmmu_pro,academic,2,1,WEAK,False,V2
F02466,vs_001,Grok,vstar,natural,2,1,KEEP,True,V2
F02467,mme_realworld_16144,GLM,mme_realworld,text,2,1,KEEP,True,V2
F02468,mme_realworld_15918,GLM,mme_realworld,text,2,1,WEAK,False,V2
F02469,mme_realworld_lite_19424,Grok,mme_realworld,text,2,1,KEEP,True,V2
F02470,mme_realworld_16398,GLM,mme_realworld,text,2,1,WEAK,False,V2
F02471,mme_realworld_19068,Luna,mme_realworld,text,2,1,KEEP,True,V2
F02472,mme_realworld_16951,Luna,mme_realworld,text,2,1,WEAK,False,V2
F02473,vs_045,Sol 5.6,vstar,natural,2,1,KEEP,True,V2
F02474,mmmu_pro_std_test_Electronics_254,GLM,mmmu_pro,academic,2,1,WEAK,False,V2
F02475,mme_realworld_15421,GLM,mme_realworld,text,2,1,UNRESOLVED,False,V2
F02476,mme_realworld_18704,Astra,mme_realworld,text,2,1,KEEP,True,V2
F02477,visreason_c4_43,Sol 5.6,visreason,visual_puzzle,2,1,WEAK,False,V2
F02478,mme_realworld_15831,GLM,mme_realworld,text,2,1,WEAK,False,V2
F02479,mme_realworld_16675,Grok,mme_realworld,text,2,1,WEAK,False,V2
F02480,mme_realworld_10016,GLM,mme_realworld,chart_table,2,1,KEEP,True,V2
F02481,mme_realworld_11113,Astra,mme_realworld,natural,2,1,KEEP,True,V2
F02482,mme_realworld_08724,GLM,mme_realworld,chart_table,2,1,KEEP,True,V2
F02483,worldbench_1141,GLM,worldbench,natural,2,1,WEAK,False,V2
F02484,mme_realworld_22239,Sol 5.6,mme_realworld,count,2,1,KEEP,True,V2
F02485,worldbench_1087,Grok,worldbench,natural,2,1,WEAK,False,V2
F02486,mme_realworld_18614,Sol 5.6,mme_realworld,text,2,1,KEEP,True,V2
F02487,mme_realworld_18258,Grok,mme_realworld,text,2,1,KEEP,True,V2
F02488,mme_realworld_16999,Sol 5.6,mme_realworld,text,2,1,KEEP,True,V2
F02489,mme_realworld_05461,GLM,mme_realworld,chart_table,2,1,KEEP,True,V2
F02490,mme_realworld_06777,GLM,mme_realworld,chart_table,2,1,WEAK,False,V2
F02491,mmmu_pro_std_test_Basic_Medical_Science_76,GLM,mmmu_pro,academic,2,1,WEAK,False,V2
F02492,mme_realworld_11020,Luna,mme_realworld,natural,2,1,WEAK,False,V2
F02493,mme_realworld_21828,Gemini,mme_realworld,count,2,1,KEEP,True,V2
F02494,visreason_c1_3_13,Gemini,visreason,visual_puzzle,2,1,KEEP,True,V2
F02495,visreason_c6_10,Grok,visreason,visual_puzzle,2,1,WEAK,False,V2
F02496,mme_realworld_18711,Luna,mme_realworld,text,2,1,KEEP,True,V2
F02497,mmmu_pro_std_test_Agriculture_117,GLM,mmmu_pro,academic,2,1,KEEP,True,V2
F02498,mme_realworld_14122,GLM,mme_realworld,text,2,1,KEEP,True,V2
F02499,mmmu_pro_std_test_History_80,Grok,mmmu_pro,academic,2,1,UNRESOLVED,False,V2
F02500,mme_realworld_03124,Astra,mme_realworld,count,2,1,UNRESOLVED,False,V2
F02501,mme_realworld_16917,Sol 5.6,mme_realworld,text,2,1,KEEP,True,V2
F02502,mme_realworld_15264,Grok,mme_realworld,text,2,1,KEEP,True,V2
F02503,mme_realworld_22990,Grok,mme_realworld,natural,2,1,KEEP,True,V2
F02504,mme_realworld_16897,Luna,mme_realworld,text,2,1,WEAK,False,V2
F02505,worldbench_0031,Gemini,worldbench,natural,2,1,KEEP,True,V2
F02506,mme_realworld_18881,GLM,mme_realworld,text,2,1,KEEP,True,V2
F02507,worldbench_1063,Astra,worldbench,natural,2,1,KEEP,True,V2
F02508,mme_realworld_lite_13983,Luna,mme_realworld,text,2,1,KEEP,True,V2
F02509,mme_realworld_15637,GLM,mme_realworld,text,2,1,KEEP,True,V2
F02510,mme_realworld_08219,Luna,mme_realworld,chart_table,2,1,KEEP,True,V2
F02511,mme_realworld_19915,Grok,mme_realworld,natural,2,1,WEAK,False,V2
F02512,mme_realworld_17615,GLM,mme_realworld,text,2,1,WEAK,False,V2
F02513,mme_realworld_15653,Grok,mme_realworld,text,2,1,WEAK,False,V2
F02514,mmmu_pro_std_validation_Art_Theory_29,GLM,mmmu_pro,academic,2,1,KEEP,True,V2
F02515,mme_realworld_06088,GLM,mme_realworld,chart_table,2,1,WEAK,False,V2
F02516,vs_103,Luna,vstar,natural,2,1,KEEP,True,V2
F02517,mme_realworld_18488,Grok,mme_realworld,text,2,1,KEEP,True,V2
F02518,worldbench_1922,Grok,worldbench,natural,2,1,WEAK,False,V2
F02519,mme_realworld_05164,Grok,mme_realworld,chart_table,2,1,KEEP,True,V2
F02520,mme_realworld_20157,GLM,mme_realworld,natural,2,1,WEAK,False,V2
F02521,mme_realworld_02322,Gemini,mme_realworld,natural,2,1,KEEP,True,V2
F02522,visreason_c4_114,GLM,visreason,visual_puzzle,2,1,WEAK,False,V2
F02523,mme_realworld_06128,Grok,mme_realworld,chart_table,2,1,KEEP,True,V2
F02524,mme_realworld_15561,GLM,mme_realworld,text,2,1,KEEP,True,V2
F02525,mme_realworld_04583,Grok,mme_realworld,natural,2,1,WEAK,False,V2
F02526,mme_realworld_02424,Luna,mme_realworld,natural,2,1,KEEP,True,V2
F02527,mme_realworld_05394,GLM,mme_realworld,chart_table,2,1,KEEP,True,V2
F02528,mme_realworld_13571,Sol 5.6,mme_realworld,natural,2,1,KEEP,True,V2
F02529,mme_realworld_00227,Luna,mme_realworld,natural,2,1,UNRESOLVED,False,V2
F02530,mme_realworld_14082,Sol 5.6,mme_realworld,text,2,1,KEEP,True,V2
F02531,mme_realworld_08930,Luna,mme_realworld,chart_table,2,1,KEEP,True,V2
F02532,mme_realworld_15479,GLM,mme_realworld,text,2,1,KEEP,True,V2
F02533,mme_realworld_18087,Luna,mme_realworld,text,2,1,WEAK,False,V2
F02534,mme_realworld_13907,Sol 5.6,mme_realworld,text,2,1,KEEP,True,V2
F02535,mme_realworld_20016,Sol 5.6,mme_realworld,natural,2,1,KEEP,True,V2
F02536,mme_realworld_21496,Sol 5.6,mme_realworld,count,2,1,KEEP,True,V2
F02537,mme_realworld_04482,Grok,mme_realworld,natural,2,1,WEAK,False,V2
F02538,mme_realworld_04564,GLM,mme_realworld,natural,2,1,WEAK,False,V2
F02539,mme_realworld_19196,Sol 5.6,mme_realworld,text,2,1,KEEP,True,V2
F02540,mme_realworld_17136,Grok,mme_realworld,text,2,1,WEAK,False,V2
F02541,mme_realworld_18910,Grok,mme_realworld,text,2,1,KEEP,True,V2
F02542,mme_realworld_00938,Gemini,mme_realworld,natural,2,1,KEEP,True,V2
F02543,mme_realworld_lite_17676,Luna,mme_realworld,text,2,1,KEEP,True,V2
F02544,mme_realworld_18829,Gemini,mme_realworld,text,2,1,KEEP,True,V2
F02545,mme_realworld_19119,Astra,mme_realworld,text,2,1,KEEP,True,V2
F02546,mme_realworld_lite_18243,Luna,mme_realworld,text,2,1,WEAK,False,V2
F02547,mme_realworld_17967,GLM,mme_realworld,text,2,1,KEEP,True,V2
F02548,worldbench_1383,Sol 5.6,worldbench,count,2,1,KEEP,True,V2
F02549,mme_realworld_06408,Grok,mme_realworld,chart_table,2,1,WEAK,False,V2
F02550,worldbench_0293,Sol 5.6,worldbench,natural,2,1,KEEP,True,V2
F02551,mme_realworld_18496,GLM,mme_realworld,text,2,1,KEEP,True,V2
F02552,vs_081,Sol 5.6,vstar,natural,2,1,KEEP,True,V2
F02553,mme_realworld_10603,Gemini,mme_realworld,chart_table,2,1,KEEP,True,V2
F02554,mme_realworld_16964,Luna,mme_realworld,text,2,1,KEEP,True,V2
F02555,mme_realworld_12709,Luna,mme_realworld,natural,2,1,KEEP,True,V2
F02556,mme_realworld_19954,Sol 5.6,mme_realworld,natural,2,1,KEEP,True,V2
F02557,worldbench_1916,Astra,worldbench,count,2,1,KEEP,True,V2
F02558,mme_realworld_05235,Grok,mme_realworld,chart_table,2,1,KEEP,True,V2
F02559,mme_realworld_07674,GLM,mme_realworld,chart_table,2,1,KEEP,True,V2
F02560,mme_realworld_08763,GLM,mme_realworld,chart_table,2,1,WEAK,False,V2
F02561,mme_realworld_15865,Grok,mme_realworld,text,2,1,KEEP,True,V2
F02562,mmmu_pro_std_test_Chemistry_30,Grok,mmmu_pro,academic,2,1,WEAK,False,V2
F02563,mme_realworld_lite_15142,Grok,mme_realworld,text,2,1,WEAK,False,V2
F02564,mme_realworld_06458,GLM,mme_realworld,chart_table,2,1,WEAK,False,V2
F02565,mme_realworld_14442,Sol 5.6,mme_realworld,text,2,1,WEAK,False,V2
F02566,mme_realworld_16394,Grok,mme_realworld,count,2,1,KEEP,True,V2
F02567,mme_realworld_19808,GLM,mme_realworld,count,2,1,WEAK,False,V2
F02568,mme_realworld_14101,Grok,mme_realworld,text,2,1,KEEP,True,V2
F02569,mme_realworld_07985,Luna,mme_realworld,chart_table,2,1,KEEP,True,V2
F02570,visreason_c10_183,GLM,visreason,visual_puzzle,2,1,WEAK,False,V2
F02571,mme_realworld_10687,Luna,mme_realworld,chart_table,2,1,KEEP,True,V2
F02572,mme_realworld_20388,Luna,mme_realworld,natural,2,1,WEAK,False,V2
F02573,worldbench_0332,Sol 5.6,worldbench,natural,2,1,KEEP,True,V2
F02574,mme_realworld_10401,Grok,mme_realworld,chart_table,2,1,KEEP,True,V2
F02575,mme_realworld_00260,Luna,mme_realworld,natural,2,1,KEEP,True,V2
F02576,worldbench_0999,GLM,worldbench,natural,2,1,UNRESOLVED,False,V2
F02577,mmmu_pro_std_test_Mechanical_Engineering_123,GLM,mmmu_pro,academic,2,1,WEAK,False,V2
F02578,mme_realworld_14621,Sol 5.6,mme_realworld,text,2,1,KEEP,True,V2
F02579,mme_realworld_14897,Astra,mme_realworld,text,2,1,KEEP,True,V2
F02580,worldbench_1649,Sol 5.6,worldbench,chart_table,2,1,KEEP,True,V2
F02581,mme_realworld_19187,Sol 5.6,mme_realworld,text,2,1,KEEP,True,V2
F02582,vs_176,Grok,vstar,natural,2,1,WEAK,False,V2
F02583,mme_realworld_09248,Grok,mme_realworld,chart_table,2,1,KEEP,True,V2
F02584,mme_realworld_08242,GLM,mme_realworld,chart_table,2,1,KEEP,True,V2
F02585,mmmu_pro_std_validation_Chemistry_24,Grok,mmmu_pro,academic,2,1,WEAK,False,V2
F02586,mme_realworld_14654,GLM,mme_realworld,text,2,1,WEAK,False,V2
F02587,mme_realworld_16985,Luna,mme_realworld,text,2,1,KEEP,True,V2
F02588,worldbench_1917,Sol 5.6,worldbench,natural,2,1,KEEP,True,V2
F02589,mme_realworld_22705,Grok,mme_realworld,natural,2,1,WEAK,False,V2
F02590,mme_realworld_16661,GLM,mme_realworld,text,2,1,WEAK,False,V2
F02591,mme_realworld_18501,GLM,mme_realworld,text,2,1,WEAK,False,V2
F02592,mme_realworld_20263,Sol 5.6,mme_realworld,natural,2,1,WEAK,False,V2
F02593,mme_realworld_14033,GLM,mme_realworld,text,2,1,WEAK,False,V2
F02594,worldbench_0454,Astra,worldbench,natural,2,1,KEEP,True,V2
F02595,mme_realworld_19809,GLM,mme_realworld,text,2,1,KEEP,True,V2
F02596,mme_realworld_lite_13755,Grok,mme_realworld,text,2,1,WEAK,False,V2
F02597,mme_realworld_13986,Grok,mme_realworld,text,2,1,WEAK,False,V2
F02598,mme_realworld_16536,GLM,mme_realworld,text,2,1,KEEP,True,V2
F02599,mme_realworld_14889,GLM,mme_realworld,text,2,1,WEAK,False,V2
F02600,mmmu_pro_std_validation_Art_5,Grok,mmmu_pro,academic,2,1,KEEP,True,V2
F02601,mme_realworld_13829,Sol 5.6,mme_realworld,text,2,1,UNRESOLVED,False,V2
F02602,mmmu_pro_std_test_History_44,GLM,mmmu_pro,academic,2,1,UNRESOLVED,False,V2
F02603,mme_realworld_18592,Sol 5.6,mme_realworld,text,2,1,KEEP,True,V2
F02604,mme_realworld_18335,Grok,mme_realworld,text,2,1,KEEP,True,V2
F02605,visreason_c9_6_20,Sol 5.6,visreason,visual_puzzle,2,1,WEAK,False,V2
F02606,mme_realworld_16923,Luna,mme_realworld,text,2,1,KEEP,True,V2
F02607,mmmu_pro_std_test_Basic_Medical_Science_269,GLM,mmmu_pro,academic,2,1,KEEP,True,V2
F02608,worldbench_0806,Grok,worldbench,natural,2,1,WEAK,False,V2
F02609,mme_realworld_06899,GLM,mme_realworld,chart_table,2,1,KEEP,True,V2
F02610,worldbench_0870,Sol 5.6,worldbench,count,2,1,WEAK,False,V2
F02611,mme_realworld_19011,GLM,mme_realworld,text,2,1,WEAK,False,V2
F02612,mme_realworld_lite_14643,GLM,mme_realworld,text,2,1,KEEP,True,V2
F02613,mme_realworld_14734,Grok,mme_realworld,text,2,1,WEAK,False,V2
F02614,worldbench_0207,Sol 5.6,worldbench,count,2,1,KEEP,True,V2
F02615,mme_realworld_lite_18844,Luna,mme_realworld,text,2,1,KEEP,True,V2
F02616,mme_realworld_17883,Sol 5.6,mme_realworld,text,2,1,KEEP,True,V2
F02617,mme_realworld_09081,GLM,mme_realworld,chart_table,2,1,KEEP,True,V2
F02618,mme_realworld_14382,Sol 5.6,mme_realworld,text,2,1,KEEP,True,V2
F02619,mme_realworld_20583,Luna,mme_realworld,natural,2,1,KEEP,True,V2
F02620,mme_realworld_19354,Luna,mme_realworld,text,2,1,KEEP,True,V2
F02621,mme_realworld_15697,GLM,mme_realworld,text,2,1,WEAK,False,V2
F02622,mme_realworld_22832,Luna,mme_realworld,natural,2,1,KEEP,True,V2
F02623,mme_realworld_02580,Astra,mme_realworld,count,2,1,KEEP,True,V2
F02624,mme_realworld_16596,Grok,mme_realworld,text,2,1,WEAK,False,V2
F02625,mme_realworld_13956,GLM,mme_realworld,text,2,1,KEEP,True,V2
F02626,mme_realworld_12812,Luna,mme_realworld,natural,2,1,KEEP,True,V2
F02627,mme_realworld_10439,Grok,mme_realworld,chart_table,2,1,KEEP,True,V2
F02628,mme_realworld_18093,Luna,mme_realworld,text,2,1,KEEP,True,V2
F02629,mme_realworld_19079,GLM,mme_realworld,text,2,1,KEEP,True,V2
F02630,mme_realworld_20392,Luna,mme_realworld,natural,2,1,WEAK,False,V2
F02631,worldbench_1661,Sol 5.6,worldbench,chart_table,2,1,KEEP,True,V2
F02632,mme_realworld_13836,Astra,mme_realworld,text,2,1,KEEP,True,V2
F02633,mme_realworld_06980,GLM,mme_realworld,chart_table,2,1,WEAK,False,V2
F02634,mme_realworld_15244,Grok,mme_realworld,text,2,1,WEAK,False,V2
F02635,mme_realworld_07468,GLM,mme_realworld,chart_table,2,1,WEAK,False,V2
F02636,worldbench_0007,Grok,worldbench,natural,2,1,WEAK,False,V2
F02637,mme_realworld_10234,GLM,mme_realworld,chart_table,2,1,KEEP,True,V2
F02638,mme_realworld_17515,GLM,mme_realworld,text,2,1,KEEP,True,V2
F02639,worldbench_1280,GLM,worldbench,natural,2,1,WEAK,False,V2
F02640,mme_realworld_17236,GLM,mme_realworld,text,2,1,WEAK,False,V2
F02641,mme_realworld_22823,Luna,mme_realworld,natural,2,1,KEEP,True,V2
F02642,mme_realworld_09888,Luna,mme_realworld,chart_table,2,1,KEEP,True,V2
F02643,mme_realworld_lite_18217,Astra,mme_realworld,text,2,1,KEEP,True,V2
F02644,mme_realworld_14265,Grok,mme_realworld,text,2,1,WEAK,False,V2
F02645,mme_realworld_16749,Astra,mme_realworld,text,2,1,KEEP,True,V2
F02646,mme_realworld_14530,GLM,mme_realworld,text,2,1,WEAK,False,V2
F02647,worldbench_1368,Sol 5.6,worldbench,natural,2,1,WEAK,False,V2
F02648,mme_realworld_13923,GLM,mme_realworld,text,2,1,WEAK,False,V2
F02649,mme_realworld_16421,GLM,mme_realworld,text,2,1,KEEP,True,V2
F02650,mme_realworld_17512,Luna,mme_realworld,text,2,1,WEAK,False,V2
F02651,mme_realworld_05713,GLM,mme_realworld,chart_table,2,1,KEEP,True,V2
F02652,mme_realworld_18322,Sol 5.6,mme_realworld,text,2,1,KEEP,True,V2
F02653,worldbench_0752,Grok,worldbench,natural,2,1,WEAK,False,V2
F02654,worldbench_0025,Grok,worldbench,natural,2,1,WEAK,False,V2
F02655,worldbench_1365,Sol 5.6,worldbench,natural,2,1,KEEP,True,V2
F02656,vs_055,Sol 5.6,vstar,natural,2,1,KEEP,True,V2
F02657,mme_realworld_06520,Sol 5.6,mme_realworld,chart_table,2,1,KEEP,True,V2
F02658,mme_realworld_21308,Astra,mme_realworld,count,2,1,KEEP,True,V2
F02659,worldbench_0723,Sol 5.6,worldbench,natural,2,1,KEEP,True,V2
F02660,mme_realworld_14867,Grok,mme_realworld,text,2,1,KEEP,True,V2
F02661,mme_realworld_17842,GLM,mme_realworld,text,2,1,WEAK,False,V2
F02662,mme_realworld_14702,Grok,mme_realworld,text,2,1,WEAK,False,V2
F02663,worldbench_0461,GLM,worldbench,natural,2,1,WEAK,False,V2
F02664,mme_realworld_04909,Luna,mme_realworld,natural,2,1,WEAK,False,V2
F02665,mme_realworld_13654,GLM,mme_realworld,text,2,1,KEEP,True,V2
F02666,mme_realworld_20252,GLM,mme_realworld,natural,2,1,WEAK,False,V2
F02667,mme_realworld_09498,GLM,mme_realworld,chart_table,2,1,WEAK,False,V2
F02668,mme_realworld_17194,Sol 5.6,mme_realworld,text,2,1,KEEP,True,V2
F02669,mme_realworld_16795,Luna,mme_realworld,text,2,1,KEEP,True,V2
F02670,mme_realworld_21583,Astra,mme_realworld,count,2,1,KEEP,True,V2
F02671,mme_realworld_16409,Grok,mme_realworld,text,2,1,KEEP,True,V2
F02672,mme_realworld_02839,Sol 5.6,mme_realworld,count,2,1,WEAK,False,V2
F02673,mme_realworld_06544,GLM,mme_realworld,chart_table,2,1,KEEP,True,V2
F02674,mme_realworld_19908,Luna,mme_realworld,natural,2,1,KEEP,True,V2
F02675,worldbench_0771,Sol 5.6,worldbench,natural,2,1,KEEP,True,V2
F02676,mme_realworld_12961,Luna,mme_realworld,natural,2,1,WEAK,False,V2
F02677,mme_realworld_16157,Grok,mme_realworld,text,2,1,WEAK,False,V2
F02678,mme_realworld_23389,Sol 5.6,mme_realworld,natural,2,1,KEEP,True,V2
F02679,worldbench_0904,Gemini,worldbench,count,2,1,WEAK,False,V2
F02680,mme_realworld_09954,Grok,mme_realworld,chart_table,2,1,KEEP,True,V2
F02681,mme_realworld_23056,Grok,mme_realworld,natural,2,1,WEAK,False,V2
F02682,mme_realworld_14034,Luna,mme_realworld,text,2,1,WEAK,False,V2
F02683,mmmu_pro_std_test_Agriculture_93,Grok,mmmu_pro,academic,2,1,WEAK,False,V2
F02684,mme_realworld_02601,Astra,mme_realworld,count,2,1,KEEP,True,V2
F02685,mme_realworld_16024,Grok,mme_realworld,text,2,1,KEEP,True,V2
F02686,mmmu_pro_std_test_Finance_262,Grok,mmmu_pro,academic,2,1,WEAK,False,V2
F02687,mme_realworld_15234,GLM,mme_realworld,text,2,1,WEAK,False,V2
F02688,mme_realworld_lite_13798,GLM,mme_realworld,text,2,1,KEEP,True,V2
F02689,mme_realworld_02124,Luna,mme_realworld,natural,2,1,KEEP,True,V2
F02690,mmmu_pro_std_validation_Marketing_30,Grok,mmmu_pro,academic,2,1,WEAK,False,V2
F02691,mme_realworld_21118,Sol 5.6,mme_realworld,natural,2,1,WEAK,False,V2
F02692,mme_realworld_17154,GLM,mme_realworld,text,2,1,KEEP,True,V2
F02693,mmmu_pro_std_test_Biology_12,GLM,mmmu_pro,academic,2,1,WEAK,False,V2
F02694,mme_realworld_09271,Grok,mme_realworld,chart_table,2,1,KEEP,True,V2
F02695,worldbench_1007,Grok,worldbench,natural,2,1,WEAK,False,V2
F02696,mme_realworld_17046,Gemini,mme_realworld,text,2,1,KEEP,True,V2
F02697,mme_realworld_02565,Astra,mme_realworld,count,2,1,KEEP,True,V2
F02698,worldbench_0398,Sol 5.6,worldbench,natural,2,1,UNRESOLVED,False,V2
F02699,mme_realworld_20335,Luna,mme_realworld,natural,2,1,WEAK,False,V2
F02700,mme_realworld_18080,GLM,mme_realworld,text,2,1,WEAK,False,V2
F02701,mme_realworld_17035,Sol 5.6,mme_realworld,text,2,1,KEEP,True,V2
F02702,mme_realworld_13006,GLM,mme_realworld,natural,2,1,WEAK,False,V2
F02703,visreason_c5_177,Gemini,visreason,visual_puzzle,2,1,UNRESOLVED,False,V2
F02704,mme_realworld_08068,GLM,mme_realworld,chart_table,2,1,KEEP,True,V2
F02705,mme_realworld_08471,Luna,mme_realworld,chart_table,2,1,KEEP,True,V2
F02706,mme_realworld_10412,Luna,mme_realworld,chart_table,2,1,KEEP,True,V2
F02707,mme_realworld_02303,Astra,mme_realworld,natural,2,1,KEEP,True,V2
F02708,worldbench_1776,GLM,worldbench,academic,2,1,WEAK,False,V2
F02709,mme_realworld_17424,GLM,mme_realworld,text,2,1,KEEP,True,V2
F02710,mme_realworld_18722,GLM,mme_realworld,text,2,1,KEEP,True,V2
F02711,mme_realworld_20179,Gemini,mme_realworld,natural,2,1,KEEP,True,V2
F02712,worldbench_1044,GLM,worldbench,natural,2,1,WEAK,False,V2
F02713,mme_realworld_14605,Luna,mme_realworld,text,2,1,KEEP,True,V2
F02714,worldbench_1090,Astra,worldbench,natural,2,1,KEEP,True,V2
F02715,mme_realworld_09078,Luna,mme_realworld,chart_table,2,1,KEEP,True,V2
F02716,mme_realworld_14324,Luna,mme_realworld,text,2,1,KEEP,True,V2
F02717,mme_realworld_18027,GLM,mme_realworld,text,2,1,KEEP,True,V2
F02718,mme_realworld_20578,GLM,mme_realworld,natural,2,1,KEEP,True,V2
F02719,mme_realworld_09810,Luna,mme_realworld,chart_table,2,1,KEEP,True,V2
F02720,mme_realworld_23529,Grok,mme_realworld,natural,2,1,KEEP,True,V2
F02721,mme_realworld_16746,Luna,mme_realworld,text,2,1,KEEP,True,V2
F02722,mmmu_pro_std_test_Electronics_93,GLM,mmmu_pro,academic,2,1,WEAK,False,V2
F02723,mme_realworld_05023,Luna,mme_realworld,chart_table,2,1,KEEP,True,V2
F02724,mme_realworld_21368,Astra,mme_realworld,count,2,1,KEEP,True,V2
F02725,mme_realworld_08396,GLM,mme_realworld,chart_table,2,1,KEEP,True,V2
F02726,worldbench_1148,Gemini,worldbench,count,2,1,WEAK,False,V2
F02727,mme_realworld_06064,GLM,mme_realworld,chart_table,2,1,KEEP,True,V2
F02728,worldbench_1921,Astra,worldbench,count,2,1,KEEP,True,V2
F02729,mme_realworld_04550,Grok,mme_realworld,natural,2,1,WEAK,False,V2
F02730,mme_realworld_20280,Grok,mme_realworld,natural,2,1,WEAK,False,V2
F02731,worldbench_0801,Luna,worldbench,natural,2,1,WEAK,False,V2
F02732,mme_realworld_08527,GLM,mme_realworld,chart_table,2,1,KEEP,True,V2
F02733,worldbench_1958,Sol 5.6,worldbench,natural,2,1,KEEP,True,V2
F02734,mme_realworld_10451,Grok,mme_realworld,chart_table,2,1,KEEP,True,V2
F02735,mmmu_pro_std_validation_Chemistry_9,Grok,mmmu_pro,academic,2,1,WEAK,False,V2
F02736,worldbench_0499,GLM,worldbench,natural,2,1,UNRESOLVED,False,V2
F02737,mme_realworld_15583,Grok,mme_realworld,text,2,1,WEAK,False,V2
F02738,worldbench_1663,Astra,worldbench,count,2,1,KEEP,True,V2
F02739,mme_realworld_17979,Sol 5.6,mme_realworld,text,2,1,KEEP,True,V2
F02740,mme_realworld_lite_17684,Luna,mme_realworld,text,2,1,KEEP,True,V2
F02741,mme_realworld_14751,GLM,mme_realworld,text,2,1,KEEP,True,V2
F02742,visreason_c4_84,Astra,visreason,visual_puzzle,2,1,WEAK,False,V2
F02743,mme_realworld_14502,GLM,mme_realworld,text,2,1,KEEP,True,V2
F02744,worldbench_0810,GLM,worldbench,natural,2,1,WEAK,False,V2
F02745,visreason_c3_5_15,Sol 5.6,visreason,visual_puzzle,2,1,UNRESOLVED,False,V2
F02746,mme_realworld_16649,GLM,mme_realworld,text,2,1,KEEP,True,V2
F02747,mme_realworld_23384,Grok,mme_realworld,natural,2,1,KEEP,True,V2
F02748,mme_realworld_08115,GLM,mme_realworld,chart_table,2,1,KEEP,True,V2
F02749,mme_realworld_22012,Gemini,mme_realworld,count,2,1,KEEP,True,V2
F02750,mme_realworld_16009,Grok,mme_realworld,text,2,1,KEEP,True,V2
F02751,mme_realworld_lite_19380,GLM,mme_realworld,text,2,1,WEAK,False,V2
F02752,mme_realworld_08502,GLM,mme_realworld,chart_table,2,1,KEEP,True,V2
F02753,mme_realworld_06701,GLM,mme_realworld,chart_table,2,1,WEAK,False,V2
F02754,mme_realworld_02491,Astra,mme_realworld,count,2,1,KEEP,True,V2
F02755,mme_realworld_12428,Astra,mme_realworld,natural,2,1,KEEP,True,V2
F02756,mme_realworld_22638,Luna,mme_realworld,natural,2,1,KEEP,True,V2
F02757,worldbench_1366,GLM,worldbench,natural,2,1,KEEP,True,V2
F02758,mme_realworld_09422,GLM,mme_realworld,chart_table,2,1,KEEP,True,V2
F02759,mme_realworld_18775,GLM,mme_realworld,text,2,1,KEEP,True,V2
F02760,mme_realworld_13058,Sol 5.6,mme_realworld,natural,2,1,WEAK,False,V2
F02761,mme_realworld_lite_18609,Gemini,mme_realworld,text,2,1,KEEP,True,V2
F02762,mme_realworld_21596,Astra,mme_realworld,count,2,1,KEEP,True,V2
F02763,mme_realworld_16229,GLM,mme_realworld,text,2,1,KEEP,True,V2
F02764,mme_realworld_13098,Astra,mme_realworld,natural,2,1,KEEP,True,V2
F02765,mme_realworld_07264,GLM,mme_realworld,chart_table,2,1,KEEP,True,V2
F02766,mme_realworld_23593,Grok,mme_realworld,natural,2,1,WEAK,False,V2
F02767,mme_realworld_02263,Luna,mme_realworld,natural,2,1,KEEP,True,V2
F02768,visreason_c10_10_6,GLM,visreason,visual_puzzle,2,1,UNRESOLVED,False,V2
F02769,mme_realworld_10190,Sol 5.6,mme_realworld,chart_table,2,1,KEEP,True,V2
F02770,mme_realworld_13648,Sol 5.6,mme_realworld,text,2,1,KEEP,True,V2
F02771,mme_realworld_04113,Gemini,mme_realworld,natural,2,1,UNRESOLVED,False,V2
F02772,mme_realworld_14224,Grok,mme_realworld,text,2,1,KEEP,True,V2
F02773,mme_realworld_18736,GLM,mme_realworld,text,2,1,KEEP,True,V2
F02774,mme_realworld_06335,GLM,mme_realworld,chart_table,2,1,WEAK,False,V2
F02775,mme_realworld_19731,Sol 5.6,mme_realworld,text,2,1,KEEP,True,V2
F02776,worldbench_0446,Astra,worldbench,count,2,1,KEEP,True,V2
F02777,mme_realworld_12819,Luna,mme_realworld,natural,2,1,KEEP,True,V2
F02778,mme_realworld_08056,Luna,mme_realworld,chart_table,2,1,KEEP,True,V2
F02779,mme_realworld_15208,GLM,mme_realworld,text,2,1,WEAK,False,V2
F02780,mme_realworld_02748,Astra,mme_realworld,count,2,1,KEEP,True,V2
F02781,mme_realworld_19652,Grok,mme_realworld,text,2,1,WEAK,False,V2
F02782,mme_realworld_20890,Sol 5.6,mme_realworld,natural,2,1,WEAK,False,V2
F02783,mmmu_pro_std_test_Clinical_Medicine_302,Grok,mmmu_pro,academic,2,1,UNRESOLVED,False,V2
F02784,mmmu_pro_std_validation_Music_7,Gemini,mmmu_pro,academic,2,1,WEAK,False,V2
F02785,mme_realworld_19858,GLM,mme_realworld,text,2,1,WEAK,False,V2
F02786,mme_realworld_19356,GLM,mme_realworld,text,2,1,WEAK,False,V2
F02787,mme_realworld_21768,Sol 5.6,mme_realworld,count,2,1,KEEP,True,V2
F02788,mme_realworld_15046,Luna,mme_realworld,text,2,1,KEEP,True,V2
F02789,worldbench_0863,Sol 5.6,worldbench,count,2,1,WEAK,False,V2
F02790,mme_realworld_23427,Sol 5.6,mme_realworld,natural,2,1,UNRESOLVED,False,V2
F02791,mme_realworld_09943,Luna,mme_realworld,chart_table,2,1,KEEP,True,V2
F02792,mme_realworld_02248,GLM,mme_realworld,natural,2,1,KEEP,True,V2
F02793,mme_realworld_17514,Grok,mme_realworld,text,2,1,UNRESOLVED,False,V2
F02794,worldbench_0168,Sol 5.6,worldbench,natural,2,1,KEEP,True,V2
F02795,mme_realworld_10637,Gemini,mme_realworld,chart_table,2,1,KEEP,True,V2
F02796,mme_realworld_16081,GLM,mme_realworld,text,2,1,WEAK,False,V2
F02797,vs_017,Sol 5.6,vstar,natural,2,1,KEEP,True,V2
F02798,mme_realworld_08619,GLM,mme_realworld,chart_table,2,1,KEEP,True,V2
F02799,mme_realworld_12899,GLM,mme_realworld,natural,2,1,KEEP,True,V2
F02800,mme_realworld_20186,Sol 5.6,mme_realworld,natural,2,1,WEAK,False,V2
F02801,worldbench_0262,Astra,worldbench,natural,2,1,KEEP,True,V2
F02802,worldbench_0154,Sol 5.6,worldbench,count,2,1,KEEP,True,V2
F02803,mme_realworld_06686,GLM,mme_realworld,chart_table,2,1,WEAK,False,V2
F02804,mme_realworld_08454,Luna,mme_realworld,chart_table,2,1,WEAK,False,V2
F02805,worldbench_1224,Sol 5.6,worldbench,natural,2,1,KEEP,True,V2
F02806,mme_realworld_16572,GLM,mme_realworld,text,2,1,WEAK,False,V2
F02807,mme_realworld_21541,Sol 5.6,mme_realworld,count,2,1,KEEP,True,V2
F02808,mme_realworld_13840,Gemini,mme_realworld,text,2,1,KEEP,True,V2
F02809,mme_realworld_03021,Gemini,mme_realworld,count,2,1,WEAK,False,V2
F02810,mme_realworld_01057,Sol 5.6,mme_realworld,natural,2,1,KEEP,True,V2
F02811,mme_realworld_lite_14532,Luna,mme_realworld,text,2,1,WEAK,False,V2
F02812,mme_realworld_14087,Astra,mme_realworld,text,2,1,KEEP,True,V2
F02813,mme_realworld_14557,Luna,mme_realworld,text,2,1,KEEP,True,V2
F02814,mme_realworld_14268,GLM,mme_realworld,text,2,1,KEEP,True,V2
F02815,worldbench_0160,Sol 5.6,worldbench,natural,2,1,UNRESOLVED,False,V2
F02816,worldbench_0563,Astra,worldbench,natural,2,1,KEEP,True,V2
F02817,mme_realworld_18067,Grok,mme_realworld,text,2,1,KEEP,True,V2
F02818,mme_realworld_16800,GLM,mme_realworld,text,2,1,KEEP,True,V2
F02819,mme_realworld_16728,GLM,mme_realworld,text,2,1,WEAK,False,V2
F02820,mme_realworld_02329,Luna,mme_realworld,natural,2,1,KEEP,True,V2
F02821,mme_realworld_18438,Luna,mme_realworld,text,2,1,WEAK,False,V2
F02822,worldbench_0698,GLM,worldbench,natural,2,1,WEAK,False,V2
F02823,mme_realworld_14769,Grok,mme_realworld,text,2,1,KEEP,True,V2
F02824,mme_realworld_lite_13981,Luna,mme_realworld,text,2,1,KEEP,True,V2
F02825,mme_realworld_18684,Sol 5.6,mme_realworld,text,2,1,KEEP,True,V2
F02826,mme_realworld_17924,GLM,mme_realworld,text,2,1,KEEP,True,V2
F02827,worldbench_1193,Astra,worldbench,natural,2,1,KEEP,True,V2
F02828,mme_realworld_17183,Astra,mme_realworld,text,2,1,KEEP,True,V2
F02829,mme_realworld_19122,Grok,mme_realworld,text,2,1,WEAK,False,V2
F02830,mme_realworld_17225,GLM,mme_realworld,text,2,1,WEAK,False,V2
F02831,mme_realworld_09023,Luna,mme_realworld,chart_table,2,1,KEEP,True,V2
F02832,mme_realworld_07610,Grok,mme_realworld,chart_table,2,1,WEAK,False,V2
F02833,mme_realworld_14014,GLM,mme_realworld,text,2,1,WEAK,False,V2
F02834,mme_realworld_05373,GLM,mme_realworld,chart_table,2,1,WEAK,False,V2
F02835,mmmu_pro_std_test_Energy_and_Power_101,Grok,mmmu_pro,academic,2,1,WEAK,False,V2
F02836,mme_realworld_16629,GLM,mme_realworld,text,2,1,WEAK,False,V2
F02837,worldbench_0024,Grok,worldbench,natural,2,1,WEAK,False,V2
F02838,mmmu_pro_std_test_Geography_518,Sol 5.6,mmmu_pro,academic,2,1,WEAK,False,V2
F02839,mme_realworld_21271,Gemini,mme_realworld,count,2,1,KEEP,True,V2
F02840,mmmu_pro_std_validation_Electronics_7,GLM,mmmu_pro,academic,2,1,WEAK,False,V2
F02841,mme_realworld_05501,Gemini,mme_realworld,chart_table,2,1,KEEP,True,V2
F02842,worldbench_1422,Sol 5.6,worldbench,count,2,1,WEAK,False,V2
F02843,mme_realworld_16541,Gemini,mme_realworld,text,2,1,WEAK,False,V2
F02844,mme_realworld_14516,Sol 5.6,mme_realworld,text,2,1,KEEP,True,V2
F02845,mme_realworld_18444,Gemini,mme_realworld,text,2,1,KEEP,True,V2
F02846,mmmu_pro_std_validation_Biology_15,GLM,mmmu_pro,academic,2,1,WEAK,False,V2
F02847,mme_realworld_19050,Grok,mme_realworld,text,2,1,WEAK,False,V2
F02848,mme_realworld_15857,GLM,mme_realworld,text,2,1,WEAK,False,V2
F02849,mme_realworld_09372,GLM,mme_realworld,chart_table,2,1,KEEP,True,V2
F02850,mme_realworld_19107,Sol 5.6,mme_realworld,text,2,1,KEEP,True,V2
F02851,mme_realworld_05042,Gemini,mme_realworld,chart_table,2,1,WEAK,False,V2
F02852,mme_realworld_20334,GLM,mme_realworld,natural,2,1,WEAK,False,V2
F02853,mme_realworld_15378,Grok,mme_realworld,text,2,1,KEEP,True,V2
F02854,mme_realworld_19158,GLM,mme_realworld,text,2,1,KEEP,True,V2
F02855,mme_realworld_14690,Grok,mme_realworld,text,2,1,KEEP,True,V2
F02856,mme_realworld_07237,GLM,mme_realworld,chart_table,2,1,WEAK,False,V2
F02857,worldbench_0901,Astra,worldbench,natural,2,1,KEEP,True,V2
F02858,mme_realworld_15317,GLM,mme_realworld,text,2,1,WEAK,False,V2
F02859,mme_realworld_18990,Grok,mme_realworld,text,2,1,WEAK,False,V2
F02860,mme_realworld_07925,Grok,mme_realworld,chart_table,2,1,KEEP,True,V2
F02861,mme_realworld_10196,GLM,mme_realworld,chart_table,2,1,KEEP,True,V2
F02862,mme_realworld_19272,Luna,mme_realworld,text,2,1,KEEP,True,V2
F02863,mme_realworld_lite_23568,Grok,mme_realworld,natural,2,1,KEEP,True,V2
F02864,mme_realworld_05393,Grok,mme_realworld,chart_table,2,1,WEAK,False,V2
F02865,mme_realworld_04601,Sol 5.6,mme_realworld,natural,2,1,KEEP,True,V2
F02866,mme_realworld_19278,Grok,mme_realworld,text,2,1,KEEP,True,V2
F02867,mme_realworld_17665,Luna,mme_realworld,text,2,1,KEEP,True,V2
F02868,worldbench_1562,GLM,worldbench,chart_table,2,1,WEAK,False,V2
F02869,mme_realworld_23526,Grok,mme_realworld,natural,2,1,KEEP,True,V2
F02870,mme_realworld_21441,Luna,mme_realworld,count,2,1,KEEP,True,V2
F02871,mme_realworld_14412,Luna,mme_realworld,text,2,1,WEAK,False,V2
F02872,mme_realworld_21300,Luna,mme_realworld,count,2,1,KEEP,True,V2
F02873,mme_realworld_16945,Luna,mme_realworld,text,2,1,KEEP,True,V2
F02874,vs_181,Grok,vstar,natural,2,1,WEAK,False,V2
F02875,worldbench_1481,Grok,worldbench,natural,2,1,WEAK,False,V2
F02876,mme_realworld_19116,GLM,mme_realworld,text,2,1,WEAK,False,V2
F02877,mme_realworld_07669,GLM,mme_realworld,chart_table,2,1,KEEP,True,V2
F02878,vs_048,Grok,vstar,natural,2,1,WEAK,False,V2
F02879,mme_realworld_06231,GLM,mme_realworld,chart_table,2,1,KEEP,True,V2
F02880,mme_realworld_21509,Astra,mme_realworld,count,2,1,KEEP,True,V2
F02881,mme_realworld_22573,Grok,mme_realworld,natural,2,1,KEEP,True,V2
F02882,mme_realworld_16038,Grok,mme_realworld,text,2,1,WEAK,False,V2
F02883,mme_realworld_17965,GLM,mme_realworld,text,2,1,KEEP,True,V2
F02884,mme_realworld_lite_13878,GLM,mme_realworld,text,2,1,WEAK,False,V2
F02885,mme_realworld_15536,GLM,mme_realworld,text,2,1,KEEP,True,V2
F02886,mme_realworld_05512,GLM,mme_realworld,chart_table,2,1,KEEP,True,V2
F02887,mme_realworld_18699,GLM,mme_realworld,text,2,1,WEAK,False,V2
F02888,mme_realworld_03558,Luna,mme_realworld,natural,2,1,KEEP,True,V2
F02889,mme_realworld_07947,GLM,mme_realworld,chart_table,2,1,KEEP,True,V2
F02890,mme_realworld_21584,Astra,mme_realworld,count,2,1,WEAK,False,V2
F02891,mme_realworld_17902,GLM,mme_realworld,text,2,1,KEEP,True,V2
F02892,mme_realworld_23252,Grok,mme_realworld,natural,2,1,WEAK,False,V2
F02893,mme_realworld_10679,GLM,mme_realworld,chart_table,2,1,KEEP,True,V2
F02894,mme_realworld_17029,Sol 5.6,mme_realworld,text,2,1,KEEP,True,V2
F02895,mme_realworld_13903,Sol 5.6,mme_realworld,text,2,1,WEAK,False,V2
F02896,mme_realworld_17405,GLM,mme_realworld,text,2,1,WEAK,False,V2
F02897,mme_realworld_13877,GLM,mme_realworld,text,2,1,KEEP,True,V2
F02898,mme_realworld_10511,Luna,mme_realworld,chart_table,2,1,KEEP,True,V2
F02899,mme_realworld_18340,Sol 5.6,mme_realworld,text,2,1,KEEP,True,V2
F02900,mme_realworld_07236,GLM,mme_realworld,chart_table,2,1,WEAK,False,V2
F02901,mme_realworld_17950,Grok,mme_realworld,text,2,1,KEEP,True,V2
F02902,mme_realworld_lite_18527,GLM,mme_realworld,text,2,1,WEAK,False,V2
F02903,mme_realworld_14113,Luna,mme_realworld,text,2,1,KEEP,True,V2
F02904,mme_realworld_15534,Grok,mme_realworld,text,2,1,WEAK,False,V2
F02905,mme_realworld_09450,GLM,mme_realworld,chart_table,2,1,KEEP,True,V2
F02906,mme_realworld_10204,Luna,mme_realworld,chart_table,2,1,KEEP,True,V2
F02907,mme_realworld_lite_21154,Luna,mme_realworld,count,2,1,KEEP,True,V2
F02908,mme_realworld_16959,Grok,mme_realworld,text,2,1,WEAK,False,V2
F02909,mme_realworld_18943,GLM,mme_realworld,text,2,1,KEEP,True,V2
F02910,mme_realworld_14806,GLM,mme_realworld,text,2,1,WEAK,False,V2
F02911,mme_realworld_18869,Sol 5.6,mme_realworld,text,2,1,KEEP,True,V2
F02912,mme_realworld_18891,GLM,mme_realworld,text,2,1,WEAK,False,V2
F02913,mme_realworld_16215,Sol 5.6,mme_realworld,text,2,1,KEEP,True,V2
F02914,mme_realworld_07265,Luna,mme_realworld,chart_table,2,1,KEEP,True,V2
F02915,mme_realworld_19217,Sol 5.6,mme_realworld,text,2,1,KEEP,True,V2
F02916,mme_realworld_18758,Grok,mme_realworld,text,2,1,KEEP,True,V2
F02917,mme_realworld_17320,GLM,mme_realworld,text,2,1,KEEP,True,V2
F02918,mme_realworld_11552,Luna,mme_realworld,natural,2,1,KEEP,True,V2
F02919,worldbench_1109,Grok,worldbench,count,2,1,WEAK,False,V2
F02920,mme_realworld_12984,Sol 5.6,mme_realworld,natural,2,1,UNRESOLVED,False,V2
F02921,mme_realworld_08856,Grok,mme_realworld,chart_table,2,1,WEAK,False,V2
F02922,mme_realworld_16984,Grok,mme_realworld,text,2,1,UNRESOLVED,False,V2
F02923,mme_realworld_15289,GLM,mme_realworld,text,2,1,WEAK,False,V2
F02924,mme_realworld_21018,Grok,mme_realworld,natural,2,1,KEEP,True,V2
F02925,mme_realworld_10572,GLM,mme_realworld,chart_table,2,1,KEEP,True,V2
F02926,worldbench_0653,Gemini,worldbench,natural,2,1,WEAK,False,V2
F02927,mmmu_pro_std_validation_Clinical_Medicine_3,Grok,mmmu_pro,academic,2,1,WEAK,False,V2
F02928,mme_realworld_10330,GLM,mme_realworld,chart_table,2,1,WEAK,False,V2
F02929,mme_realworld_18325,GLM,mme_realworld,text,2,1,WEAK,False,V2
F02930,mmmu_pro_std_validation_Architecture_and_Engineering_12,Grok,mmmu_pro,academic,2,1,WEAK,False,V2
F02931,mme_realworld_17690,Gemini,mme_realworld,text,2,1,KEEP,True,V2
F02932,mme_realworld_16357,Grok,mme_realworld,text,2,1,KEEP,True,V2
F02933,mme_realworld_17009,GLM,mme_realworld,text,2,1,WEAK,False,V2
F02934,mme_realworld_06331,Grok,mme_realworld,chart_table,2,1,WEAK,False,V2
F02935,mme_realworld_16745,Sol 5.6,mme_realworld,text,2,1,KEEP,True,V2
F02936,mme_realworld_02569,Astra,mme_realworld,count,2,1,KEEP,True,V2
F02937,mme_realworld_lite_18824,Luna,mme_realworld,text,2,1,KEEP,True,V2
F02938,mme_realworld_05371,GLM,mme_realworld,chart_table,2,1,UNRESOLVED,False,V2
F02939,mme_realworld_10770,GLM,mme_realworld,chart_table,2,1,KEEP,True,V2
F02940,mme_realworld_05382,GLM,mme_realworld,chart_table,2,1,WEAK,False,V2
F02941,mme_realworld_04556,GLM,mme_realworld,natural,2,1,WEAK,False,V2
F02942,mme_realworld_15048,Astra,mme_realworld,text,2,1,KEEP,True,V2
F02943,mme_realworld_16820,Luna,mme_realworld,text,2,1,KEEP,True,V2
F02944,mme_realworld_12938,Gemini,mme_realworld,natural,2,1,KEEP,True,V2
F02945,mme_realworld_17993,GLM,mme_realworld,text,2,1,KEEP,True,V2
F02946,mme_realworld_18153,Grok,mme_realworld,text,2,1,KEEP,True,V2
F02947,mme_realworld_16772,GLM,mme_realworld,text,2,1,KEEP,True,V2
F02948,mme_realworld_23157,Grok,mme_realworld,natural,2,1,WEAK,False,V2
F02949,mme_realworld_15285,GLM,mme_realworld,text,2,1,WEAK,False,V2
F02950,mme_realworld_14503,Grok,mme_realworld,text,2,1,WEAK,False,V2
F02951,mme_realworld_14916,GLM,mme_realworld,text,2,1,WEAK,False,V2
F02952,mme_realworld_09619,GLM,mme_realworld,chart_table,2,1,KEEP,True,V2
F02953,mme_realworld_06361,GLM,mme_realworld,chart_table,2,1,KEEP,True,V2
F02954,mme_realworld_08387,Gemini,mme_realworld,chart_table,2,1,KEEP,True,V2
F02955,mme_realworld_16475,GLM,mme_realworld,text,2,1,KEEP,True,V2
F02956,mme_realworld_08566,Gemini,mme_realworld,chart_table,2,1,KEEP,True,V2
F02957,mmmu_pro_std_validation_Biology_17,Astra,mmmu_pro,academic,2,1,UNRESOLVED,False,V2
F02958,mme_realworld_17933,Gemini,mme_realworld,text,2,1,KEEP,True,V2
F02959,mme_realworld_08878,GLM,mme_realworld,chart_table,2,1,WEAK,False,V2
F02960,mme_realworld_18626,Sol 5.6,mme_realworld,text,2,1,KEEP,True,V2
F02961,mme_realworld_21009,Luna,mme_realworld,natural,2,1,KEEP,True,V2
F02962,mme_realworld_20676,Sol 5.6,mme_realworld,natural,2,1,KEEP,True,V2
F02963,mme_realworld_10702,Luna,mme_realworld,chart_table,2,1,KEEP,True,V2
F02964,mme_realworld_14326,Grok,mme_realworld,text,2,1,KEEP,True,V2
F02965,mme_realworld_06252,Grok,mme_realworld,chart_table,2,1,KEEP,True,V2
F02966,mme_realworld_13591,Grok,mme_realworld,natural,2,1,WEAK,False,V2
F02967,mmmu_pro_std_test_Music_299,Astra,mmmu_pro,academic,2,1,KEEP,True,V2
F02968,mme_realworld_19126,Sol 5.6,mme_realworld,text,2,1,WEAK,False,V2
F02969,mmmu_pro_std_test_Basic_Medical_Science_148,GLM,mmmu_pro,academic,2,1,WEAK,False,V2
F02970,mme_realworld_18396,Grok,mme_realworld,text,2,1,KEEP,True,V2
F02971,mme_realworld_08500,Luna,mme_realworld,chart_table,2,1,WEAK,False,V2
F02972,mme_realworld_18213,Grok,mme_realworld,text,2,1,KEEP,True,V2
F02973,mme_realworld_14776,Grok,mme_realworld,text,2,1,WEAK,False,V2
F02974,worldbench_1124,Grok,worldbench,natural,2,1,KEEP,True,V2
F02975,mme_realworld_20753,Sol 5.6,mme_realworld,natural,2,1,KEEP,True,V2
F02976,mme_realworld_18407,Sol 5.6,mme_realworld,text,2,1,KEEP,True,V2
F02977,mmmu_pro_std_test_Basic_Medical_Science_209,Sol 5.6,mmmu_pro,academic,2,1,KEEP,True,V2
F02978,mme_realworld_15380,Grok,mme_realworld,text,2,1,WEAK,False,V2
F02979,mme_realworld_22588,Grok,mme_realworld,natural,2,1,WEAK,False,V2
F02980,mme_realworld_13575,GLM,mme_realworld,natural,2,1,WEAK,False,V2
F02981,mme_realworld_15047,Gemini,mme_realworld,text,2,1,KEEP,True,V2
F02982,mme_realworld_12568,Luna,mme_realworld,natural,2,1,KEEP,True,V2
F02983,worldbench_1466,Grok,worldbench,natural,2,1,WEAK,False,V2
F02984,mmmu_pro_std_validation_Basic_Medical_Science_3,GLM,mmmu_pro,academic,2,1,WEAK,False,V2
F02985,mme_realworld_17354,Grok,mme_realworld,text,2,1,WEAK,False,V2
F02986,mme_realworld_17279,Astra,mme_realworld,text,2,1,KEEP,True,V2
F02987,mme_realworld_07570,GLM,mme_realworld,chart_table,2,1,KEEP,True,V2
F02988,worldbench_1774,Sol 5.6,worldbench,academic,2,1,WEAK,False,V2
F02989,worldbench_1330,Luna,worldbench,natural,2,1,KEEP,True,V2
F02990,mme_realworld_15280,Grok,mme_realworld,text,2,1,WEAK,False,V2
F02991,mme_realworld_18323,Grok,mme_realworld,text,2,1,KEEP,True,V2
F02992,mme_realworld_15799,GLM,mme_realworld,text,2,1,KEEP,True,V2
F02993,mme_realworld_16963,Sol 5.6,mme_realworld,text,2,1,KEEP,True,V2
F02994,worldbench_1036,Gemini,worldbench,natural,2,1,KEEP,True,V2
F02995,mme_realworld_22227,Sol 5.6,mme_realworld,count,2,1,WEAK,False,V2
F02996,mme_realworld_05527,GLM,mme_realworld,chart_table,2,1,KEEP,True,V2
F02997,worldbench_1238,GLM,worldbench,natural,2,1,WEAK,False,V2
F02998,worldbench_1615,Sol 5.6,worldbench,chart_table,2,1,KEEP,True,V2
F02999,mme_realworld_23226,Sol 5.6,mme_realworld,natural,2,1,WEAK,False,V2
F03000,mme_realworld_06903,GLM,mme_realworld,chart_table,2,1,WEAK,False,V2
F03001,mme_realworld_16840,Luna,mme_realworld,text,2,1,KEEP,True,V2
F03002,mme_realworld_13736,GLM,mme_realworld,text,2,1,WEAK,False,V2
F03003,mme_realworld_23532,Luna,mme_realworld,natural,2,1,WEAK,False,V2
F03004,mme_realworld_18786,Grok,mme_realworld,text,2,1,WEAK,False,V2
F03005,mme_realworld_15341,Grok,mme_realworld,text,2,1,UNRESOLVED,False,V2
F03006,mme_realworld_15924,Grok,mme_realworld,text,2,1,WEAK,False,V2
F03007,mme_realworld_22223,Astra,mme_realworld,count,2,1,KEEP,True,V2
F03008,mme_realworld_22686,Grok,mme_realworld,natural,2,1,WEAK,False,V2
F03009,vs_019,Luna,vstar,natural,2,1,KEEP,True,V2
F03010,mme_realworld_12701,Gemini,mme_realworld,natural,2,1,KEEP,True,V2
F03011,visreason_c9_2_4,Grok,visreason,visual_puzzle,2,1,WEAK,False,V2
F03012,mme_realworld_14850,Grok,mme_realworld,text,2,1,WEAK,False,V2
F03013,mme_realworld_19325,GLM,mme_realworld,text,2,1,WEAK,False,V2
F03014,mme_realworld_08243,Luna,mme_realworld,chart_table,2,1,WEAK,False,V2
F03015,mme_realworld_20415,GLM,mme_realworld,natural,2,1,KEEP,True,V2
F03016,mme_realworld_14619,Grok,mme_realworld,text,2,1,KEEP,True,V2
F03017,worldbench_0635,Sol 5.6,worldbench,natural,2,1,KEEP,True,V2
F03018,mme_realworld_20746,Sol 5.6,mme_realworld,natural,2,1,WEAK,False,V2
F03019,mme_realworld_22149,Sol 5.6,mme_realworld,count,2,1,KEEP,True,V2
F03020,mme_realworld_07655,GLM,mme_realworld,chart_table,2,1,WEAK,False,V2
F03021,mme_realworld_08787,Grok,mme_realworld,chart_table,2,1,KEEP,True,V2
F03022,mme_realworld_22486,Sol 5.6,mme_realworld,natural,2,1,KEEP,True,V2
F03023,worldbench_0688,GLM,worldbench,natural,2,1,WEAK,False,V2
F03024,mme_realworld_09731,Luna,mme_realworld,chart_table,2,1,KEEP,True,V2
F03025,mme_realworld_14467,GLM,mme_realworld,text,2,1,WEAK,False,V2
F03026,mme_realworld_15719,Grok,mme_realworld,text,2,1,WEAK,False,V2
F03027,worldbench_1318,Gemini,worldbench,natural,2,1,KEEP,True,V2
F03028,mmmu_pro_std_test_Accounting_307,Luna,mmmu_pro,academic,2,1,WEAK,False,V2
F03029,mme_realworld_10785,GLM,mme_realworld,chart_table,2,1,KEEP,True,V2
F03030,mme_realworld_10854,GLM,mme_realworld,chart_table,2,1,WEAK,False,V2
F03031,mme_realworld_lite_15524,GLM,mme_realworld,text,2,1,WEAK,False,V2
F03032,mme_realworld_14590,Grok,mme_realworld,text,2,1,WEAK,False,V2
F03033,mme_realworld_04628,Grok,mme_realworld,natural,2,1,KEEP,True,V2
F03034,mme_realworld_09903,GLM,mme_realworld,chart_table,2,1,WEAK,False,V2
F03035,worldbench_0122,GLM,worldbench,natural,2,1,WEAK,False,V2
F03036,mme_realworld_lite_18530,Sol 5.6,mme_realworld,text,2,1,KEEP,True,V2
F03037,mme_realworld_04487,Grok,mme_realworld,natural,2,1,WEAK,False,V2
F03038,mme_realworld_06930,GLM,mme_realworld,chart_table,2,1,KEEP,True,V2
F03039,visreason_c5_146,Grok,visreason,visual_puzzle,2,1,UNRESOLVED,False,V2
F03040,mme_realworld_05975,GLM,mme_realworld,chart_table,2,1,WEAK,False,V2
F03041,mme_realworld_12621,Grok,mme_realworld,natural,2,1,WEAK,False,V2
F03042,mmmu_pro_std_validation_Basic_Medical_Science_9,Grok,mmmu_pro,academic,2,1,WEAK,False,V2
F03043,mme_realworld_16932,Luna,mme_realworld,text,2,1,WEAK,False,V2
F03044,vs_155,Grok,vstar,natural,2,1,KEEP,True,V2
F03045,mme_realworld_19095,GLM,mme_realworld,text,2,1,KEEP,True,V2
F03046,mme_realworld_18837,GLM,mme_realworld,text,2,1,KEEP,True,V2
F03047,mme_realworld_lite_17433,Sol 5.6,mme_realworld,text,2,1,KEEP,True,V2
F03048,mme_realworld_22678,Luna,mme_realworld,natural,2,1,WEAK,False,V2
F03049,mme_realworld_22421,Sol 5.6,mme_realworld,natural,1,0,KEEP,True,V2
F03050,mmmu_pro_std_test_Sociology_47,Luna,mmmu_pro,academic,1,0,KEEP,True,V2
F03051,mme_realworld_07562,Luna,mme_realworld,chart_table,1,0,KEEP,True,V2
F03052,mme_realworld_11705,Luna,mme_realworld,natural,1,0,KEEP,True,V2
F03053,visreason_c9_269,Astra,visreason,visual_puzzle,1,0,KEEP,True,V2
F03054,mme_realworld_08484,K3,mme_realworld,chart_table,1,0,KEEP,True,V2
F03055,mmmu_pro_std_validation_Economics_13,Sol 5.6,mmmu_pro,academic,1,0,KEEP,True,V2
F03056,mme_realworld_14606,Sol 5.6,mme_realworld,text,1,0,KEEP,True,V2
F03057,mme_realworld_15092,Sol 5.6,mme_realworld,text,1,0,KEEP,True,V2
F03058,visreason_c6_27,Gemini,visreason,visual_puzzle,1,0,KEEP,True,V2
F03059,mme_realworld_19480,Sol 5.6,mme_realworld,text,1,0,KEEP,True,V2
F03060,mme_realworld_14864,Sol 5.6,mme_realworld,text,1,0,KEEP,True,V2
F03061,visreason_c6_12,Grok,visreason,visual_puzzle,1,0,KEEP,True,V2
F03062,visreason_c9_180,Astra,visreason,visual_puzzle,1,0,WEAK,False,V2
F03063,mmmu_pro_std_test_Computer_Science_68,Sol 5.6,mmmu_pro,academic,1,0,UNRESOLVED,False,V2
F03064,visreason_c10_229,Astra,visreason,visual_puzzle,1,0,KEEP,True,V2
F03065,mme_realworld_00204,Sol 5.6,mme_realworld,natural,1,0,KEEP,True,V2
F03066,mme_realworld_14859,Sol 5.6,mme_realworld,text,1,0,KEEP,True,V2
F03067,worldbench_0946,Sol 5.6,worldbench,natural,1,0,KEEP,True,V2
F03068,visreason_c9_295,Sol 5.6,visreason,visual_puzzle,1,0,KEEP,True,V2
F03069,mmmu_pro_std_test_Computer_Science_124,Luna,mmmu_pro,academic,1,0,KEEP,True,V2
F03070,worldbench_1272,Sol 5.6,worldbench,natural,1,0,KEEP,True,V2
F03071,visreason_c10_1_9,Luna,visreason,visual_puzzle,1,0,KEEP,True,V2
F03072,mmmu_pro_std_test_Electronics_91,Sol 5.6,mmmu_pro,academic,1,0,KEEP,True,V2
F03073,visreason_c10_245,Gemini,visreason,visual_puzzle,1,0,KEEP,True,V2
F03074,mme_realworld_16900,Luna,mme_realworld,text,1,0,KEEP,True,V2
F03075,mme_realworld_10868,Luna,mme_realworld,chart_table,1,0,KEEP,True,V2
F03076,mme_realworld_18054,Sol 5.6,mme_realworld,text,1,0,KEEP,True,V2
F03077,mmmu_pro_std_test_Literature_4,GLM,mmmu_pro,academic,1,0,KEEP,True,V2
F03078,mmmu_pro_std_validation_Finance_26,Luna,mmmu_pro,academic,1,0,KEEP,True,V2
F03079,mme_realworld_06711,Luna,mme_realworld,chart_table,1,0,KEEP,True,V2
F03080,mme_realworld_00973,Sol 5.6,mme_realworld,natural,1,0,KEEP,True,V2
F03081,mme_realworld_04669,Sol 5.6,mme_realworld,natural,1,0,KEEP,True,V2
F03082,mme_realworld_05482,Sol 5.6,mme_realworld,chart_table,1,0,KEEP,True,V2
F03083,visreason_c5_185,Grok,visreason,visual_puzzle,1,0,KEEP,True,V2
F03084,mmmu_pro_std_validation_Diagnostics_and_Laboratory_Medicine_18,Gemini,mmmu_pro,academic,1,0,KEEP,True,V2
F03085,worldbench_1479,Gemini,worldbench,natural,1,0,KEEP,True,V2
F03086,mmmu_pro_std_test_Economics_260,Sol 5.6,mmmu_pro,academic,1,0,KEEP,True,V2
F03087,mmmu_pro_std_test_Psychology_196,Luna,mmmu_pro,academic,1,0,WEAK,False,V2
F03088,mme_realworld_08462,Luna,mme_realworld,chart_table,1,0,KEEP,True,V2
F03089,mme_realworld_12470,Sol 5.6,mme_realworld,natural,1,0,KEEP,True,V2
F03090,mme_realworld_20874,Sol 5.6,mme_realworld,natural,1,0,KEEP,True,V2
F03091,mmmu_pro_std_validation_Psychology_16,Grok,mmmu_pro,academic,1,0,UNRESOLVED,False,V2
F03092,mme_realworld_00175,Luna,mme_realworld,natural,1,0,KEEP,True,V2
F03093,mmmu_pro_std_test_Art_Theory_162,Sol 5.6,mmmu_pro,academic,1,0,KEEP,True,V2
F03094,visreason_c9_415,Astra,visreason,visual_puzzle,1,0,KEEP,True,V2
F03095,visreason_c6_64,GLM,visreason,visual_puzzle,1,0,KEEP,True,V2
F03096,mme_realworld_08420,Sol 5.6,mme_realworld,chart_table,1,0,KEEP,True,V2
F03097,mme_realworld_09388,Luna,mme_realworld,chart_table,1,0,KEEP,True,V2
F03098,mmmu_pro_std_test_Geography_472,Sol 5.6,mmmu_pro,academic,1,0,KEEP,True,V2
F03099,mmmu_pro_std_test_Pharmacy_19,Sol 5.6,mmmu_pro,academic,1,0,KEEP,True,V2
F03100,mme_realworld_09602,Sol 5.6,mme_realworld,chart_table,1,0,KEEP,True,V2
F03101,mme_realworld_06384,Luna,mme_realworld,chart_table,1,0,KEEP,True,V2
F03102,mmmu_pro_std_test_Finance_29,Sol 5.6,mmmu_pro,academic,1,0,KEEP,True,V2
F03103,visreason_c10_9_20,Astra,visreason,visual_puzzle,1,0,KEEP,True,V2
F03104,mmmu_pro_std_validation_Finance_19,Luna,mmmu_pro,academic,1,0,KEEP,True,V2
F03105,mme_realworld_18050,Luna,mme_realworld,text,1,0,KEEP,True,V2
F03106,mmmu_pro_std_test_Energy_and_Power_230,Sol 5.6,mmmu_pro,academic,1,0,KEEP,True,V2
F03107,worldbench_0627,Astra,worldbench,count,1,0,KEEP,True,V2
F03108,mmmu_pro_std_test_Electronics_213,Sol 5.6,mmmu_pro,academic,1,0,KEEP,True,V2
F03109,mme_realworld_10431,Astra,mme_realworld,chart_table,1,0,KEEP,True,V2
F03110,mmmu_pro_std_validation_Electronics_19,Luna,mmmu_pro,academic,1,0,KEEP,True,V2
F03111,mme_realworld_07179,Luna,mme_realworld,chart_table,1,0,KEEP,True,V2
F03112,mme_realworld_13874,Sol 5.6,mme_realworld,text,1,0,KEEP,True,V2
F03113,mmmu_pro_std_test_Biology_183,Sol 5.6,mmmu_pro,academic,1,0,KEEP,True,V2
F03114,mme_realworld_20230,Astra,mme_realworld,natural,1,0,KEEP,True,V2
F03115,visreason_c9_2_8,Sol 5.6,visreason,visual_puzzle,1,0,KEEP,True,V2
F03116,visreason_c10_280,Sol 5.6,visreason,visual_puzzle,1,0,KEEP,True,V2
F03117,mme_realworld_11345,Astra,mme_realworld,natural,1,0,KEEP,True,V2
F03118,worldbench_0022,Sol 5.6,worldbench,natural,1,0,KEEP,True,V2
F03119,mmmu_pro_std_test_Pharmacy_78,Luna,mmmu_pro,academic,1,0,KEEP,True,V2
F03120,mme_realworld_14669,Luna,mme_realworld,text,1,0,KEEP,True,V2
F03121,mmmu_pro_std_validation_Architecture_and_Engineering_29,Sol 5.6,mmmu_pro,academic,1,0,KEEP,True,V2
F03122,visreason_c10_1_4,Sol 5.6,visreason,visual_puzzle,1,0,KEEP,True,V2
F03123,visreason_c1_3_16,Sol 5.6,visreason,visual_puzzle,1,0,UNRESOLVED,False,V2
F03124,mmmu_pro_std_validation_Public_Health_28,Luna,mmmu_pro,academic,1,0,UNRESOLVED,False,V2
F03125,mme_realworld_14818,Sol 5.6,mme_realworld,text,1,0,KEEP,True,V2
F03126,mme_realworld_09343,Sol 5.6,mme_realworld,chart_table,1,0,KEEP,True,V2
F03127,mmmu_pro_std_test_Psychology_85,GLM,mmmu_pro,academic,1,0,KEEP,True,V2
F03128,mmmu_pro_std_test_Physics_103,Luna,mmmu_pro,academic,1,0,KEEP,True,V2
F03129,mme_realworld_10012,Luna,mme_realworld,count,1,0,KEEP,True,V2
F03130,mme_realworld_08554,Sol 5.6,mme_realworld,chart_table,1,0,KEEP,True,V2
F03131,mme_realworld_04971,Sol 5.6,mme_realworld,natural,1,0,KEEP,True,V2
F03132,visreason_c4_25,Astra,visreason,visual_puzzle,1,0,KEEP,True,V2
F03133,visreason_c5_120,Sol 5.6,visreason,visual_puzzle,1,0,KEEP,True,V2
F03134,mmmu_pro_std_test_Marketing_114,Gemini,mmmu_pro,academic,1,0,UNRESOLVED,False,V2
F03135,mme_realworld_12651,Luna,mme_realworld,natural,1,0,KEEP,True,V2
F03136,mmmu_pro_std_test_Math_16,Luna,mmmu_pro,academic,1,0,KEEP,True,V2
F03137,mme_realworld_06639,Luna,mme_realworld,chart_table,1,0,KEEP,True,V2
F03138,mmmu_pro_std_test_Public_Health_240,Luna,mmmu_pro,academic,1,0,KEEP,True,V2
F03139,visreason_c5_147,Sol 5.6,visreason,visual_puzzle,1,0,UNRESOLVED,False,V2
F03140,mme_realworld_07651,Luna,mme_realworld,chart_table,1,0,KEEP,True,V2
F03141,mmmu_pro_std_test_Marketing_86,Sol 5.6,mmmu_pro,academic,1,0,KEEP,True,V2
F03142,mme_realworld_10399,Sol 5.6,mme_realworld,chart_table,1,0,KEEP,True,V2
F03143,mme_realworld_08041,Sol 5.6,mme_realworld,chart_table,1,0,KEEP,True,V2
F03144,mmmu_pro_std_test_Economics_16,Sol 5.6,mmmu_pro,academic,1,0,KEEP,True,V2
F03145,visreason_c10_1_2,Luna,visreason,visual_puzzle,1,0,KEEP,True,V2
F03146,mme_realworld_04675,Sol 5.6,mme_realworld,natural,1,0,KEEP,True,V2
F03147,mme_realworld_16550,Sol 5.6,mme_realworld,text,1,0,KEEP,True,V2
F03148,mmmu_pro_std_test_Manage_154,Grok,mmmu_pro,academic,1,0,KEEP,True,V2
F03149,mmmu_pro_std_test_Economics_214,Luna,mmmu_pro,academic,1,0,KEEP,True,V2
F03150,mme_realworld_11306,Luna,mme_realworld,natural,1,0,KEEP,True,V2
F03151,mmmu_pro_std_validation_Energy_and_Power_9,Luna,mmmu_pro,academic,1,0,KEEP,True,V2
F03152,mmmu_pro_std_test_Materials_230,Sol 5.6,mmmu_pro,academic,1,0,KEEP,True,V2
F03153,mme_realworld_19583,Sol 5.6,mme_realworld,text,1,0,KEEP,True,V2
F03154,mme_realworld_16603,Astra,mme_realworld,text,1,0,KEEP,True,V2
F03155,mmmu_pro_std_validation_Geography_8,Sol 5.6,mmmu_pro,academic,1,0,KEEP,True,V2
F03156,vs_170,Luna,vstar,natural,1,0,KEEP,True,V2
F03157,mme_realworld_23552,Luna,mme_realworld,natural,1,0,KEEP,True,V2
F03158,mme_realworld_10834,Sol 5.6,mme_realworld,chart_table,1,0,KEEP,True,V2
F03159,mmmu_pro_std_test_Materials_446,Luna,mmmu_pro,academic,1,0,KEEP,True,V2
F03160,mme_realworld_20080,Sol 5.6,mme_realworld,natural,1,0,KEEP,True,V2
F03161,mme_realworld_07587,Gemini,mme_realworld,chart_table,1,0,KEEP,True,V2
F03162,mme_realworld_16895,Luna,mme_realworld,text,1,0,KEEP,True,V2
F03163,visreason_c10_329,Gemini,visreason,visual_puzzle,1,0,KEEP,True,V2
F03164,mmmu_pro_std_test_Pharmacy_140,Luna,mmmu_pro,academic,1,0,KEEP,True,V2
F03165,visreason_c4_118,Gemini,visreason,visual_puzzle,1,0,KEEP,True,V2
F03166,worldbench_1836,Sol 5.6,worldbench,academic,1,0,KEEP,True,V2
F03167,mme_realworld_08593,Gemini,mme_realworld,chart_table,1,0,KEEP,True,V2
F03168,mme_realworld_16433,Astra,mme_realworld,text,1,0,KEEP,True,V2
F03169,mme_realworld_06184,Luna,mme_realworld,chart_table,1,0,KEEP,True,V2
F03170,visreason_c10_1_7,Luna,visreason,visual_puzzle,1,0,KEEP,True,V2
F03171,mme_realworld_09342,Sol 5.6,mme_realworld,chart_table,1,0,KEEP,True,V2
F03172,mmmu_pro_std_test_Math_341,Sol 5.6,mmmu_pro,academic,1,0,KEEP,True,V2
F03173,mme_realworld_07489,Luna,mme_realworld,chart_table,1,0,KEEP,True,V2
F03174,mme_realworld_05399,Luna,mme_realworld,chart_table,1,0,KEEP,True,V2
F03175,mmmu_pro_std_test_Math_201,Sol 5.6,mmmu_pro,academic,1,0,KEEP,True,V2
F03176,mme_realworld_16385,Luna,mme_realworld,text,1,0,KEEP,True,V2
F03177,mme_realworld_05492,Sol 5.6,mme_realworld,chart_table,1,0,KEEP,True,V2
F03178,mme_realworld_05063,Sol 5.6,mme_realworld,chart_table,1,0,KEEP,True,V2
F03179,worldbench_0969,Luna,worldbench,natural,1,0,UNRESOLVED,False,V2
F03180,mmmu_pro_std_validation_Psychology_5,Luna,mmmu_pro,academic,1,0,KEEP,True,V2
F03181,mmmu_pro_std_test_Art_Theory_266,Luna,mmmu_pro,academic,1,0,UNRESOLVED,False,V2
F03182,mme_realworld_08539,Sol 5.6,mme_realworld,chart_table,1,0,KEEP,True,V2
F03183,mme_realworld_09277,Luna,mme_realworld,chart_table,1,0,KEEP,True,V2
F03184,mme_realworld_14174,Sol 5.6,mme_realworld,text,1,0,KEEP,True,V2
F03185,worldbench_1331,Astra,worldbench,natural,1,0,KEEP,True,V2
F03186,mme_realworld_10207,Luna,mme_realworld,chart_table,1,0,KEEP,True,V2
F03187,mme_realworld_05120,Luna,mme_realworld,chart_table,1,0,KEEP,True,V2
F03188,mmmu_pro_std_test_Math_346,Luna,mmmu_pro,academic,1,0,KEEP,True,V2
F03189,worldbench_0977,Gemini,worldbench,natural,1,0,KEEP,True,V2
F03190,visreason_c10_102,GLM,visreason,visual_puzzle,1,0,KEEP,True,V2
F03191,mmmu_pro_std_validation_Math_28,Sol 5.6,mmmu_pro,academic,1,0,KEEP,True,V2
F03192,mme_realworld_05186,Sol 5.6,mme_realworld,chart_table,1,0,KEEP,True,V2
F03193,mmmu_pro_std_validation_Basic_Medical_Science_11,Astra,mmmu_pro,academic,1,0,KEEP,True,V2
F03194,mme_realworld_10461,Luna,mme_realworld,chart_table,1,0,KEEP,True,V2
F03195,visreason_c5_182,Sol 5.6,visreason,visual_puzzle,1,0,KEEP,True,V2
F03196,visreason_c9_418,Astra,visreason,visual_puzzle,1,0,KEEP,True,V2
F03197,mmmu_pro_std_test_Math_279,Sol 5.6,mmmu_pro,academic,1,0,KEEP,True,V2
F03198,worldbench_1869,Luna,worldbench,count,1,0,KEEP,True,V2
F03199,worldbench_0455,Astra,worldbench,natural,1,0,KEEP,True,V2
F03200,mme_realworld_06155,Gemini,mme_realworld,chart_table,1,0,KEEP,True,V2
F03201,mme_realworld_11436,Luna,mme_realworld,natural,1,0,KEEP,True,V2
F03202,visreason_c6_38,Gemini,visreason,visual_puzzle,1,0,KEEP,True,V2
F03203,mmmu_pro_std_test_Electronics_49,Astra,mmmu_pro,academic,1,0,KEEP,True,V2
F03204,mme_realworld_05990,Luna,mme_realworld,chart_table,1,0,KEEP,True,V2
F03205,worldbench_0038,Sol 5.6,worldbench,natural,1,0,KEEP,True,V2
F03206,mmmu_pro_std_test_Clinical_Medicine_148,Astra,mmmu_pro,academic,1,0,KEEP,True,V2
F03207,visreason_c4_10,Astra,visreason,visual_puzzle,1,0,KEEP,True,V2
F03208,mme_realworld_15713,Sol 5.6,mme_realworld,text,1,0,KEEP,True,V2
F03209,mme_realworld_05300,Luna,mme_realworld,chart_table,1,0,KEEP,True,V2
F03210,mme_realworld_13891,Sol 5.6,mme_realworld,text,1,0,KEEP,True,V2
F03211,visreason_c10_10_4,Sol 5.6,visreason,visual_puzzle,1,0,UNRESOLVED,False,V2
F03212,mmmu_pro_std_test_Mechanical_Engineering_192,Sol 5.6,mmmu_pro,academic,1,0,KEEP,True,V2
F03213,mme_realworld_07402,Sol 5.6,mme_realworld,chart_table,1,0,KEEP,True,V2
F03214,mmmu_pro_std_validation_Mechanical_Engineering_8,Sol 5.6,mmmu_pro,academic,1,0,KEEP,True,V2
F03215,mme_realworld_16188,Sol 5.6,mme_realworld,count,1,0,KEEP,True,V2
F03216,mme_realworld_13000,Luna,mme_realworld,natural,1,0,KEEP,True,V2
F03217,mmmu_pro_std_validation_Materials_18,Gemini,mmmu_pro,academic,1,0,KEEP,True,V2
F03218,mmmu_pro_std_test_History_272,Luna,mmmu_pro,academic,1,0,KEEP,True,V2
F03219,mmmu_pro_std_test_Economics_240,Sol 5.6,mmmu_pro,academic,1,0,KEEP,True,V2
F03220,mme_realworld_18167,Sol 5.6,mme_realworld,text,1,0,KEEP,True,V2
F03221,mme_realworld_15974,Luna,mme_realworld,text,1,0,KEEP,True,V2
F03222,mme_realworld_07857,Sol 5.6,mme_realworld,chart_table,1,0,KEEP,True,V2
F03223,mmmu_pro_std_test_Finance_293,Luna,mmmu_pro,academic,1,0,KEEP,True,V2
F03224,mmmu_pro_std_test_Economics_39,Sol 5.6,mmmu_pro,academic,1,0,KEEP,True,V2
F03225,mme_realworld_16468,Sol 5.6,mme_realworld,text,1,0,KEEP,True,V2
F03226,mme_realworld_07604,Luna,mme_realworld,chart_table,1,0,KEEP,True,V2
F03227,mmmu_pro_std_validation_Computer_Science_12,Sol 5.6,mmmu_pro,academic,1,0,KEEP,True,V2
F03228,mme_realworld_17299,Gemini,mme_realworld,text,1,0,KEEP,True,V2
F03229,mme_realworld_08073,Luna,mme_realworld,chart_table,1,0,KEEP,True,V2
F03230,mme_realworld_08089,Gemini,mme_realworld,chart_table,1,0,KEEP,True,V2
F03231,mmmu_pro_std_test_Architecture_and_Engineering_191,Sol 5.6,mmmu_pro,academic,1,0,KEEP,True,V2
F03232,worldbench_0062,Luna,worldbench,natural,1,0,KEEP,True,V2
F03233,mme_realworld_06955,Luna,mme_realworld,chart_table,1,0,KEEP,True,V2
F03234,visreason_c9_112,GLM,visreason,visual_puzzle,1,0,WEAK,False,V2
F03235,mmmu_pro_std_validation_Physics_25,Astra,mmmu_pro,academic,1,0,KEEP,True,V2
F03236,mmmu_pro_std_test_Economics_83,Sol 5.6,mmmu_pro,academic,1,0,KEEP,True,V2
F03237,mmmu_pro_std_test_Sociology_213,Gemini,mmmu_pro,academic,1,0,KEEP,True,V2
F03238,mmmu_pro_std_test_Architecture_and_Engineering_512,Sol 5.6,mmmu_pro,academic,1,0,KEEP,True,V2
F03239,worldbench_1608,Sol 5.6,worldbench,chart_table,1,0,KEEP,True,V2
F03240,visreason_c8_38,Astra,visreason,visual_puzzle,1,0,KEEP,True,V2
F03241,mme_realworld_19564,Sol 5.6,mme_realworld,text,1,0,UNRESOLVED,False,V2
F03242,mme_realworld_17607,Luna,mme_realworld,text,1,0,KEEP,True,V2
F03243,mmmu_pro_std_test_Economics_47,Sol 5.6,mmmu_pro,academic,1,0,KEEP,True,V2
F03244,mmmu_pro_std_validation_Public_Health_9,Grok,mmmu_pro,academic,1,0,KEEP,True,V2
F03245,mmmu_pro_std_test_Marketing_37,GLM,mmmu_pro,academic,1,0,KEEP,True,V2
F03246,mme_realworld_08549,Sol 5.6,mme_realworld,chart_table,1,0,KEEP,True,V2
F03247,mmmu_pro_std_test_Chemistry_362,Gemini,mmmu_pro,academic,1,0,KEEP,True,V2
F03248,mmmu_pro_std_test_Mechanical_Engineering_7,Luna,mmmu_pro,academic,1,0,KEEP,True,V2
F03249,mmmu_pro_std_validation_Manage_26,Sol 5.6,mmmu_pro,academic,1,0,UNRESOLVED,False,V2
F03250,mme_realworld_06344,Luna,mme_realworld,chart_table,1,0,KEEP,True,V2
F03251,mme_realworld_05475,Luna,mme_realworld,chart_table,1,0,KEEP,True,V2
F03252,worldbench_1585,Luna,worldbench,chart_table,1,0,KEEP,True,V2
F03253,mme_realworld_15227,Sol 5.6,mme_realworld,text,1,0,KEEP,True,V2
F03254,mme_realworld_07134,Sol 5.6,mme_realworld,chart_table,1,0,KEEP,True,V2
F03255,mme_realworld_05952,Luna,mme_realworld,chart_table,1,0,KEEP,True,V2
F03256,mmmu_pro_std_validation_Computer_Science_30,Sol 5.6,mmmu_pro,academic,1,0,KEEP,True,V2
F03257,mme_realworld_15976,Sol 5.6,mme_realworld,text,1,0,KEEP,True,V2
F03258,mme_realworld_22975,Luna,mme_realworld,natural,1,0,KEEP,True,V2
F03259,worldbench_0880,Sol 5.6,worldbench,count,1,0,KEEP,True,V2
F03260,visreason_c4_112,Astra,visreason,visual_puzzle,1,0,KEEP,True,V2
F03261,mme_realworld_03474,Astra,mme_realworld,natural,1,0,KEEP,True,V2
F03262,mme_realworld_07780,Luna,mme_realworld,chart_table,1,0,KEEP,True,V2
F03263,mmmu_pro_std_test_Pharmacy_206,GLM,mmmu_pro,academic,1,0,KEEP,True,V2
F03264,mme_realworld_07482,Gemini,mme_realworld,chart_table,1,0,KEEP,True,V2
F03265,worldbench_1047,Sol 5.6,worldbench,count,1,0,KEEP,True,V2
F03266,mme_realworld_06530,Astra,mme_realworld,chart_table,1,0,KEEP,True,V2
F03267,mme_realworld_09353,Sol 5.6,mme_realworld,chart_table,1,0,KEEP,True,V2
F03268,mme_realworld_10932,Astra,mme_realworld,chart_table,1,0,KEEP,True,V2
F03269,mme_realworld_14651,Luna,mme_realworld,text,1,0,KEEP,True,V2
F03270,mme_realworld_15023,Astra,mme_realworld,text,1,0,UNRESOLVED,False,V2
F03271,mmmu_pro_std_test_Sociology_177,Grok,mmmu_pro,academic,1,0,KEEP,True,V2
F03272,mme_realworld_19585,Sol 5.6,mme_realworld,text,1,0,KEEP,True,V2
F03273,visreason_c3_32,Sol 5.6,visreason,visual_puzzle,1,0,KEEP,True,V2
F03274,mme_realworld_05496,Luna,mme_realworld,chart_table,1,0,KEEP,True,V2
F03275,mme_realworld_10729,Astra,mme_realworld,chart_table,1,0,KEEP,True,V2
F03276,mme_realworld_16345,Luna,mme_realworld,text,1,0,KEEP,True,V2
F03277,mme_realworld_17577,Astra,mme_realworld,text,1,0,KEEP,True,V2
F03278,mmmu_pro_std_validation_Chemistry_6,GLM,mmmu_pro,academic,1,0,KEEP,True,V2
F03279,mme_realworld_06961,Astra,mme_realworld,chart_table,1,0,KEEP,True,V2
F03280,mmmu_pro_std_test_Finance_211,Luna,mmmu_pro,academic,1,0,KEEP,True,V2
F03281,mmmu_pro_std_validation_Physics_17,Luna,mmmu_pro,academic,1,0,KEEP,True,V2
F03282,mme_realworld_07714,Sol 5.6,mme_realworld,chart_table,1,0,KEEP,True,V2
F03283,worldbench_1867,Sol 5.6,worldbench,academic,1,0,KEEP,True,V2
F03284,mme_realworld_15304,Sol 5.6,mme_realworld,text,1,0,KEEP,True,V2
F03285,mme_realworld_19429,Luna,mme_realworld,text,1,0,KEEP,True,V2
F03286,worldbench_0189,Luna,worldbench,natural,1,0,KEEP,True,V2
F03287,mme_realworld_17018,K3,mme_realworld,text,1,0,KEEP,True,V2
F03288,visreason_c10_347,Sol 5.6,visreason,visual_puzzle,1,0,KEEP,True,V2
F03289,worldbench_1679,Luna,worldbench,count,1,0,KEEP,True,V2
F03290,visreason_c10_9_1,GLM,visreason,visual_puzzle,1,0,KEEP,True,V2
F03291,mme_realworld_01452,Gemini,mme_realworld,natural,1,0,KEEP,True,V2
F03292,mme_realworld_00957,Astra,mme_realworld,natural,1,0,UNRESOLVED,False,V2
F03293,mme_realworld_23009,Sol 5.6,mme_realworld,natural,1,0,KEEP,True,V2
F03294,mme_realworld_07225,Sol 5.6,mme_realworld,chart_table,1,0,KEEP,True,V2
F03295,mmmu_pro_std_test_Mechanical_Engineering_78,Sol 5.6,mmmu_pro,academic,1,0,KEEP,True,V2
F03296,mme_realworld_07727,Luna,mme_realworld,chart_table,1,0,KEEP,True,V2
F03297,worldbench_0006,Sol 5.6,worldbench,natural,1,0,KEEP,True,V2
F03298,mme_realworld_18757,Sol 5.6,mme_realworld,text,1,0,KEEP,True,V2
F03299,mme_realworld_22495,Sol 5.6,mme_realworld,natural,1,0,KEEP,True,V2
F03300,visreason_c9_8_2,Gemini,visreason,visual_puzzle,1,0,KEEP,True,V2
F03301,worldbench_0893,Astra,worldbench,count,1,0,KEEP,True,V2
F03302,mme_realworld_07218,Sol 5.6,mme_realworld,chart_table,1,0,KEEP,True,V2
F03303,worldbench_1196,Astra,worldbench,natural,1,0,KEEP,True,V2
F03304,mme_realworld_01762,Gemini,mme_realworld,natural,1,0,KEEP,True,V2
F03305,visreason_c9_293,Astra,visreason,visual_puzzle,1,0,KEEP,True,V2
F03306,mme_realworld_07467,Luna,mme_realworld,chart_table,1,0,KEEP,True,V2
F03307,mme_realworld_08139,Sol 5.6,mme_realworld,chart_table,1,0,KEEP,True,V2
F03308,mme_realworld_14997,Luna,mme_realworld,text,1,0,KEEP,True,V2
F03309,mme_realworld_09634,Luna,mme_realworld,chart_table,1,0,KEEP,True,V2
F03310,mme_realworld_05511,Sol 5.6,mme_realworld,chart_table,1,0,KEEP,True,V2
F03311,mmmu_pro_std_validation_Marketing_19,Sol 5.6,mmmu_pro,academic,1,0,KEEP,True,V2
F03312,mme_realworld_06084,K3,mme_realworld,chart_table,1,0,KEEP,True,V2
F03313,mmmu_pro_std_test_Marketing_87,Sol 5.6,mmmu_pro,academic,1,0,KEEP,True,V2
F03314,mme_realworld_06807,Astra,mme_realworld,chart_table,1,0,KEEP,True,V2
F03315,mme_realworld_13767,Sol 5.6,mme_realworld,text,1,0,KEEP,True,V2
F03316,mme_realworld_17522,Sol 5.6,mme_realworld,text,1,0,KEEP,True,V2
F03317,mmmu_pro_std_validation_Energy_and_Power_22,Luna,mmmu_pro,academic,1,0,KEEP,True,V2
F03318,mme_realworld_06475,Gemini,mme_realworld,chart_table,1,0,KEEP,True,V2
F03319,visreason_c10_382,Astra,visreason,visual_puzzle,1,0,KEEP,True,V2
F03320,mme_realworld_06707,Luna,mme_realworld,chart_table,1,0,KEEP,True,V2
F03321,worldbench_0817,Astra,worldbench,natural,1,0,KEEP,True,V2
F03322,mmmu_pro_std_test_Electronics_160,Sol 5.6,mmmu_pro,academic,1,0,KEEP,True,V2
F03323,visreason_c10_314,Sol 5.6,visreason,visual_puzzle,1,0,KEEP,True,V2
F03324,mme_realworld_07159,Luna,mme_realworld,chart_table,1,0,KEEP,True,V2
F03325,mmmu_pro_std_validation_Finance_14,Sol 5.6,mmmu_pro,academic,1,0,KEEP,True,V2
F03326,mme_realworld_lite_16101,Luna,mme_realworld,text,1,0,KEEP,True,V2
F03327,mme_realworld_06476,Luna,mme_realworld,chart_table,1,0,KEEP,True,V2
F03328,mmmu_pro_std_test_Accounting_138,GLM,mmmu_pro,academic,1,0,KEEP,True,V2
F03329,worldbench_1351,Sol 5.6,worldbench,natural,1,0,KEEP,True,V2
F03330,mme_realworld_07192,Luna,mme_realworld,chart_table,1,0,KEEP,True,V2
F03331,mme_realworld_lite_19596,K3,mme_realworld,count,1,0,KEEP,True,V2
F03332,worldbench_0686,Luna,worldbench,natural,1,0,KEEP,True,V2
F03333,worldbench_1488,Luna,worldbench,natural,1,0,KEEP,True,V2
F03334,mme_realworld_17634,Sol 5.6,mme_realworld,text,1,0,KEEP,True,V2
F03335,mme_realworld_19483,Luna,mme_realworld,text,1,0,KEEP,True,V2
F03336,mme_realworld_15917,Luna,mme_realworld,text,1,0,KEEP,True,V2
F03337,mme_realworld_05490,Luna,mme_realworld,chart_table,1,0,KEEP,True,V2
F03338,mme_realworld_08552,Sol 5.6,mme_realworld,chart_table,1,0,KEEP,True,V2
F03339,mme_realworld_18446,Sol 5.6,mme_realworld,text,1,0,KEEP,True,V2
F03340,mmmu_pro_std_validation_Physics_18,K3,mmmu_pro,academic,1,0,KEEP,True,V2
F03341,mme_realworld_16658,Luna,mme_realworld,text,1,0,KEEP,True,V2
F03342,mme_realworld_16882,Astra,mme_realworld,text,1,0,KEEP,True,V2
F03343,mme_realworld_08532,Sol 5.6,mme_realworld,chart_table,1,0,KEEP,True,V2
F03344,mmmu_pro_std_test_Economics_149,Luna,mmmu_pro,academic,1,0,KEEP,True,V2
F03345,mmmu_pro_std_validation_Accounting_9,Luna,mmmu_pro,academic,1,0,KEEP,True,V2
F03346,mmmu_pro_std_validation_Finance_1,Sol 5.6,mmmu_pro,academic,1,0,KEEP,True,V2
F03347,mme_realworld_09526,Astra,mme_realworld,chart_table,1,0,KEEP,True,V2
F03348,visreason_c9_270,Sol 5.6,visreason,visual_puzzle,1,0,KEEP,True,V2
F03349,worldbench_0960,Luna,worldbench,natural,1,0,KEEP,True,V2
F03350,mme_realworld_17555,Luna,mme_realworld,text,1,0,KEEP,True,V2
F03351,mme_realworld_22827,Sol 5.6,mme_realworld,natural,1,0,KEEP,True,V2
F03352,mme_realworld_05127,Sol 5.6,mme_realworld,chart_table,1,0,KEEP,True,V2
F03353,mmmu_pro_std_test_Literature_97,Luna,mmmu_pro,academic,1,0,KEEP,True,V2
F03354,mmmu_pro_std_test_Math_22,GLM,mmmu_pro,academic,1,0,KEEP,True,V2
F03355,mmmu_pro_std_test_Computer_Science_226,GLM,mmmu_pro,academic,1,0,KEEP,True,V2
F03356,worldbench_1206,Sol 5.6,worldbench,natural,1,0,KEEP,True,V2
F03357,mme_realworld_17107,Luna,mme_realworld,text,1,0,KEEP,True,V2
F03358,visreason_c10_143,Sol 5.6,visreason,visual_puzzle,1,0,KEEP,True,V2
F03359,mmmu_pro_std_validation_Economics_9,GLM,mmmu_pro,academic,1,0,KEEP,True,V2
F03360,mme_realworld_08074,Luna,mme_realworld,chart_table,1,0,KEEP,True,V2
F03361,mme_realworld_05329,Sol 5.6,mme_realworld,chart_table,1,0,KEEP,True,V2
F03362,mmmu_pro_std_validation_Pharmacy_9,Sol 5.6,mmmu_pro,academic,1,0,KEEP,True,V2
F03363,mme_realworld_18003,Sol 5.6,mme_realworld,text,1,0,KEEP,True,V2
F03364,mme_realworld_04603,Luna,mme_realworld,natural,1,0,KEEP,True,V2
F03365,visreason_c9_373,Astra,visreason,visual_puzzle,1,0,KEEP,True,V2
F03366,mme_realworld_10065,Luna,mme_realworld,chart_table,1,0,KEEP,True,V2
F03367,visreason_c5_106,Sol 5.6,visreason,visual_puzzle,1,0,UNRESOLVED,False,V2
F03368,worldbench_1680,Astra,worldbench,count,1,0,KEEP,True,V2
F03369,mmmu_pro_std_test_Energy_and_Power_349,Luna,mmmu_pro,academic,1,0,KEEP,True,V2
F03370,mme_realworld_07368,Sol 5.6,mme_realworld,chart_table,1,0,KEEP,True,V2
F03371,worldbench_1049,Astra,worldbench,natural,1,0,KEEP,True,V2
F03372,mme_realworld_08705,Astra,mme_realworld,chart_table,1,0,KEEP,True,V2
F03373,mme_realworld_12686,Astra,mme_realworld,natural,1,0,KEEP,True,V2
F03374,mme_realworld_23434,Luna,mme_realworld,natural,1,0,KEEP,True,V2
F03375,mmmu_pro_std_test_Computer_Science_351,Gemini,mmmu_pro,academic,1,0,KEEP,True,V2
F03376,mmmu_pro_std_test_Music_324,Astra,mmmu_pro,academic,1,0,UNRESOLVED,False,V2
F03377,mme_realworld_16969,Luna,mme_realworld,text,1,0,KEEP,True,V2
F03378,mmmu_pro_std_test_Economics_225,Luna,mmmu_pro,academic,1,0,KEEP,True,V2
F03379,mme_realworld_06345,Astra,mme_realworld,chart_table,1,0,KEEP,True,V2
F03380,mme_realworld_16973,Luna,mme_realworld,text,1,0,KEEP,True,V2
F03381,worldbench_0073,Sol 5.6,worldbench,count,1,0,KEEP,True,V2
F03382,mme_realworld_07373,Luna,mme_realworld,chart_table,1,0,KEEP,True,V2
F03383,mmmu_pro_std_test_Agriculture_269,Astra,mmmu_pro,academic,1,0,UNRESOLVED,False,V2
F03384,mme_realworld_17791,Luna,mme_realworld,text,1,0,KEEP,True,V2
F03385,mme_realworld_17862,Sol 5.6,mme_realworld,text,1,0,KEEP,True,V2
F03386,worldbench_1220,Luna,worldbench,count,1,0,KEEP,True,V2
F03387,mme_realworld_06256,Luna,mme_realworld,chart_table,1,0,KEEP,True,V2
F03388,mme_realworld_00994,Sol 5.6,mme_realworld,natural,1,0,KEEP,True,V2
F03389,mme_realworld_04666,Luna,mme_realworld,natural,1,0,KEEP,True,V2
F03390,visreason_c6_59,Sol 5.6,visreason,visual_puzzle,1,0,KEEP,True,V2
F03391,worldbench_1510,Sol 5.6,worldbench,chart_table,1,0,KEEP,True,V2
F03392,mme_realworld_08839,Astra,mme_realworld,chart_table,1,0,KEEP,True,V2
F03393,mmmu_pro_std_test_Public_Health_291,Luna,mmmu_pro,academic,1,0,KEEP,True,V2
F03394,mme_realworld_09019,Luna,mme_realworld,chart_table,1,0,KEEP,True,V2
F03395,mme_realworld_19821,Sol 5.6,mme_realworld,text,1,0,KEEP,True,V2
F03396,mme_realworld_05710,Luna,mme_realworld,chart_table,1,0,KEEP,True,V2
F03397,visreason_c9_352,Astra,visreason,visual_puzzle,1,0,KEEP,True,V2
F03398,mmmu_pro_std_test_Art_63,Sol 5.6,mmmu_pro,academic,1,0,KEEP,True,V2
F03399,worldbench_0220,Sol 5.6,worldbench,natural,1,0,KEEP,True,V2
F03400,mme_realworld_09441,Gemini,mme_realworld,chart_table,1,0,KEEP,True,V2
F03401,mme_realworld_09963,Astra,mme_realworld,chart_table,1,0,KEEP,True,V2
F03402,mme_realworld_19072,Sol 5.6,mme_realworld,text,1,0,KEEP,True,V2
F03403,mmmu_pro_std_test_Physics_307,Gemini,mmmu_pro,academic,1,0,KEEP,True,V2
F03404,visreason_c10_19,Sol 5.6,visreason,visual_puzzle,1,0,KEEP,True,V2
F03405,mme_realworld_10915,Luna,mme_realworld,chart_table,1,0,KEEP,True,V2
F03406,mmmu_pro_std_test_Geography_38,Luna,mmmu_pro,academic,1,0,KEEP,True,V2
F03407,visreason_c9_3,Luna,visreason,visual_puzzle,1,0,KEEP,True,V2
F03408,visreason_c10_1_11,Luna,visreason,visual_puzzle,1,0,KEEP,True,V2
F03409,mme_realworld_07718,Luna,mme_realworld,chart_table,1,0,KEEP,True,V2
F03410,mmmu_pro_std_test_Finance_57,Sol 5.6,mmmu_pro,academic,1,0,KEEP,True,V2
F03411,mme_realworld_15845,Sol 5.6,mme_realworld,text,1,0,KEEP,True,V2
F03412,mmmu_pro_std_validation_Math_8,GLM,mmmu_pro,academic,1,0,KEEP,True,V2
F03413,mme_realworld_06214,Luna,mme_realworld,chart_table,1,0,KEEP,True,V2
F03414,visreason_c9_251,GLM,visreason,visual_puzzle,1,0,KEEP,True,V2
F03415,mme_realworld_22375,Luna,mme_realworld,natural,1,0,KEEP,True,V2
F03416,mme_realworld_15440,Sol 5.6,mme_realworld,text,1,0,KEEP,True,V2
F03417,mme_realworld_lite_16147,Luna,mme_realworld,text,1,0,KEEP,True,V2
F03418,visreason_c10_37,GLM,visreason,visual_puzzle,1,0,KEEP,True,V2
F03419,mmmu_pro_std_test_Architecture_and_Engineering_457,Luna,mmmu_pro,academic,1,0,KEEP,True,V2
F03420,mme_realworld_15169,Sol 5.6,mme_realworld,text,1,0,KEEP,True,V2
F03421,mme_realworld_05870,Luna,mme_realworld,chart_table,1,0,KEEP,True,V2
F03422,mme_realworld_22601,Luna,mme_realworld,natural,1,0,KEEP,True,V2
F03423,worldbench_1492,Grok,worldbench,natural,1,0,KEEP,True,V2
F03424,mmmu_pro_std_validation_Clinical_Medicine_15,Luna,mmmu_pro,academic,1,0,KEEP,True,V2
F03425,visreason_c9_8_11,Sol 5.6,visreason,visual_puzzle,1,0,UNRESOLVED,False,V2
F03426,worldbench_0890,Astra,worldbench,count,1,0,KEEP,True,V2
F03427,mme_realworld_05550,Luna,mme_realworld,chart_table,1,0,KEEP,True,V2
F03428,mmmu_pro_std_test_Sociology_219,Luna,mmmu_pro,academic,1,0,KEEP,True,V2
F03429,mme_realworld_06545,Luna,mme_realworld,chart_table,1,0,KEEP,True,V2
F03430,mmmu_pro_std_validation_Finance_27,Sol 5.6,mmmu_pro,academic,1,0,KEEP,True,V2
F03431,mme_realworld_lite_14551,Sol 5.6,mme_realworld,text,1,0,KEEP,True,V2
F03432,mme_realworld_15396,Luna,mme_realworld,text,1,0,KEEP,True,V2
F03433,worldbench_0951,Luna,worldbench,count,1,0,KEEP,True,V2
F03434,mme_realworld_17995,Gemini,mme_realworld,text,1,0,KEEP,True,V2
F03435,visreason_c9_254,Astra,visreason,visual_puzzle,1,0,KEEP,True,V2
F03436,visreason_c6_62,GLM,visreason,visual_puzzle,1,0,KEEP,True,V2
F03437,mme_realworld_10310,Gemini,mme_realworld,chart_table,1,0,KEEP,True,V2
F03438,mmmu_pro_std_validation_Materials_14,Luna,mmmu_pro,academic,1,0,KEEP,True,V2
F03439,mme_realworld_07472,Luna,mme_realworld,chart_table,1,0,KEEP,True,V2
F03440,visreason_c3_439,Astra,visreason,visual_puzzle,1,0,KEEP,True,V2
F03441,mme_realworld_05187,Luna,mme_realworld,chart_table,1,0,KEEP,True,V2
F03442,mme_realworld_08721,Luna,mme_realworld,chart_table,1,0,KEEP,True,V2
F03443,visreason_c4_57,GLM,visreason,visual_puzzle,1,0,WEAK,False,V2
F03444,visreason_c9_435,Sol 5.6,visreason,visual_puzzle,1,0,KEEP,True,V2
F03445,mme_realworld_10593,Sol 5.6,mme_realworld,chart_table,1,0,KEEP,True,V2
F03446,mmmu_pro_std_validation_Marketing_9,Luna,mmmu_pro,academic,1,0,UNRESOLVED,False,V2
F03447,mmmu_pro_std_test_Art_Theory_171,Luna,mmmu_pro,academic,1,0,KEEP,True,V2
F03448,mme_realworld_05846,Sol 5.6,mme_realworld,chart_table,1,0,KEEP,True,V2
F03449,mmmu_pro_std_test_Economics_90,Luna,mmmu_pro,academic,1,0,KEEP,True,V2
F03450,mme_realworld_10597,K3,mme_realworld,chart_table,1,0,KEEP,True,V2
F03451,mme_realworld_08194,Luna,mme_realworld,chart_table,1,0,KEEP,True,V2
F03452,visreason_c9_2_15,Sol 5.6,visreason,visual_puzzle,1,0,KEEP,True,V2
F03453,mme_realworld_09261,Sol 5.6,mme_realworld,chart_table,1,0,KEEP,True,V2
F03454,mmmu_pro_std_test_History_239,GLM,mmmu_pro,academic,1,0,KEEP,True,V2
F03455,mmmu_pro_std_validation_Math_25,Luna,mmmu_pro,academic,1,0,KEEP,True,V2
F03456,mme_realworld_06164,Luna,mme_realworld,chart_table,1,0,KEEP,True,V2
F03457,worldbench_0111,Luna,worldbench,natural,1,0,KEEP,True,V2
F03458,mmmu_pro_std_validation_Art_30,Sol 5.6,mmmu_pro,academic,1,0,KEEP,True,V2
F03459,mmmu_pro_std_test_Art_124,Luna,mmmu_pro,academic,1,0,KEEP,True,V2
F03460,worldbench_1275,Sol 5.6,worldbench,natural,1,0,KEEP,True,V2
F03461,mme_realworld_07895,Gemini,mme_realworld,chart_table,1,0,KEEP,True,V2
F03462,mme_realworld_08740,Luna,mme_realworld,chart_table,1,0,KEEP,True,V2
F03463,mme_realworld_19007,Sol 5.6,mme_realworld,text,1,0,KEEP,True,V2
F03464,mme_realworld_05808,Sol 5.6,mme_realworld,chart_table,1,0,KEEP,True,V2
F03465,mme_realworld_20421,K3,mme_realworld,natural,1,0,KEEP,True,V2
F03466,mme_realworld_09519,Luna,mme_realworld,chart_table,1,0,KEEP,True,V2
F03467,mmmu_pro_std_test_Psychology_65,Luna,mmmu_pro,academic,1,0,KEEP,True,V2
F03468,visreason_c5_44,Astra,visreason,visual_puzzle,1,0,UNRESOLVED,False,V2
F03469,worldbench_1211,Astra,worldbench,natural,1,0,KEEP,True,V2
F03470,mme_realworld_11626,Luna,mme_realworld,natural,1,0,KEEP,True,V2
F03471,worldbench_0131,Sol 5.6,worldbench,natural,1,0,KEEP,True,V2
F03472,visreason_c3_59,Gemini,visreason,visual_puzzle,1,0,KEEP,True,V2
F03473,mme_realworld_13192,Astra,mme_realworld,natural,1,0,UNRESOLVED,False,V2
F03474,mmmu_pro_std_test_Energy_and_Power_158,Sol 5.6,mmmu_pro,academic,1,0,KEEP,True,V2
F03475,visreason_c10_261,Sol 5.6,visreason,visual_puzzle,1,0,KEEP,True,V2
F03476,mme_realworld_13751,Sol 5.6,mme_realworld,text,1,0,KEEP,True,V2
F03477,mmmu_pro_std_test_Marketing_92,Sol 5.6,mmmu_pro,academic,1,0,KEEP,True,V2
F03478,mme_realworld_18433,Sol 5.6,mme_realworld,text,1,0,KEEP,True,V2
F03479,mme_realworld_02699,Gemini,mme_realworld,count,1,0,KEEP,True,V2
F03480,mmmu_pro_std_test_Marketing_111,Luna,mmmu_pro,academic,1,0,KEEP,True,V2
F03481,worldbench_0599,Sol 5.6,worldbench,natural,1,0,KEEP,True,V2
F03482,mme_realworld_09383,Luna,mme_realworld,chart_table,1,0,KEEP,True,V2
F03483,mme_realworld_06969,Sol 5.6,mme_realworld,chart_table,1,0,KEEP,True,V2
F03484,mme_realworld_14943,Luna,mme_realworld,text,1,0,KEEP,True,V2
F03485,mme_realworld_23248,Sol 5.6,mme_realworld,natural,1,0,KEEP,True,V2
F03486,worldbench_1805,Astra,worldbench,academic,1,0,KEEP,True,V2
F03487,mme_realworld_12569,Astra,mme_realworld,natural,1,0,KEEP,True,V2
F03488,mme_realworld_08775,Gemini,mme_realworld,chart_table,1,0,KEEP,True,V2
F03489,mmmu_pro_std_test_Manage_173,Luna,mmmu_pro,academic,1,0,UNRESOLVED,False,V2
F03490,mme_realworld_10053,Luna,mme_realworld,chart_table,1,0,KEEP,True,V2
F03491,mme_realworld_07238,Luna,mme_realworld,chart_table,1,0,KEEP,True,V2
F03492,mmmu_pro_std_test_Computer_Science_123,Sol 5.6,mmmu_pro,academic,1,0,KEEP,True,V2
F03493,visreason_c9_2_10,Sol 5.6,visreason,visual_puzzle,1,0,KEEP,True,V2
F03494,mme_realworld_08837,Luna,mme_realworld,chart_table,1,0,KEEP,True,V2
F03495,mme_realworld_10208,Luna,mme_realworld,chart_table,1,0,KEEP,True,V2
F03496,mmmu_pro_std_test_Math_504,Sol 5.6,mmmu_pro,academic,1,0,KEEP,True,V2
F03497,worldbench_0109,Sol 5.6,worldbench,natural,1,0,KEEP,True,V2
F03498,mme_realworld_05060,Luna,mme_realworld,chart_table,1,0,KEEP,True,V2
F03499,worldbench_1364,Sol 5.6,worldbench,count,1,0,KEEP,True,V2
F03500,mme_realworld_07743,Sol 5.6,mme_realworld,chart_table,1,0,KEEP,True,V2
F03501,worldbench_0694,Sol 5.6,worldbench,natural,1,0,KEEP,True,V2
F03502,mme_realworld_18715,Sol 5.6,mme_realworld,text,1,0,KEEP,True,V2
F03503,worldbench_1529,Luna,worldbench,count,1,0,KEEP,True,V2
F03504,worldbench_1671,Luna,worldbench,academic,1,0,KEEP,True,V2
F03505,mme_realworld_lite_17271,Sol 5.6,mme_realworld,text,1,0,KEEP,True,V2
F03506,mme_realworld_19375,Sol 5.6,mme_realworld,text,1,0,KEEP,True,V2
F03507,mme_realworld_18717,Sol 5.6,mme_realworld,text,1,0,KEEP,True,V2
F03508,worldbench_1014,Astra,worldbench,count,1,0,KEEP,True,V2
F03509,mmmu_pro_std_test_Math_75,Sol 5.6,mmmu_pro,academic,1,0,KEEP,True,V2
F03510,mme_realworld_04602,Sol 5.6,mme_realworld,natural,1,0,KEEP,True,V2
F03511,mmmu_pro_std_test_History_157,Sol 5.6,mmmu_pro,academic,1,0,KEEP,True,V2
F03512,mmmu_pro_std_test_Public_Health_4,Luna,mmmu_pro,academic,1,0,KEEP,True,V2
F03513,mme_realworld_05903,Luna,mme_realworld,chart_table,1,0,KEEP,True,V2
F03514,mme_realworld_07681,Astra,mme_realworld,chart_table,1,0,KEEP,True,V2
F03515,mme_realworld_05499,Luna,mme_realworld,chart_table,1,0,KEEP,True,V2
F03516,mme_realworld_16120,Sol 5.6,mme_realworld,text,1,0,KEEP,True,V2
F03517,mmmu_pro_std_test_Math_115,Luna,mmmu_pro,academic,1,0,KEEP,True,V2
F03518,worldbench_1731,Luna,worldbench,academic,1,0,KEEP,True,V2
F03519,mme_realworld_09269,Luna,mme_realworld,chart_table,1,0,KEEP,True,V2
F03520,mme_realworld_10007,Luna,mme_realworld,chart_table,1,0,KEEP,True,V2
F03521,mme_realworld_02193,Gemini,mme_realworld,natural,1,0,KEEP,True,V2
F03522,worldbench_0845,Astra,worldbench,natural,1,0,KEEP,True,V2
F03523,mme_realworld_06705,Sol 5.6,mme_realworld,chart_table,1,0,KEEP,True,V2
F03524,worldbench_1634,Sol 5.6,worldbench,chart_table,1,0,KEEP,True,V2
F03525,mme_realworld_18052,Luna,mme_realworld,text,1,0,KEEP,True,V2
F03526,mme_realworld_10195,Luna,mme_realworld,chart_table,1,0,KEEP,True,V2
F03527,mme_realworld_05544,Sol 5.6,mme_realworld,chart_table,1,0,KEEP,True,V2
F03528,mme_realworld_09835,Luna,mme_realworld,chart_table,1,0,KEEP,True,V2
F03529,mme_realworld_10023,Luna,mme_realworld,chart_table,1,0,KEEP,True,V2
F03530,mme_realworld_17642,Sol 5.6,mme_realworld,text,1,0,KEEP,True,V2
F03531,mmmu_pro_std_validation_Art_2,Grok,mmmu_pro,academic,1,0,KEEP,True,V2
F03532,mmmu_pro_std_test_Economics_155,Luna,mmmu_pro,academic,1,0,KEEP,True,V2
F03533,mme_realworld_07732,Luna,mme_realworld,chart_table,1,0,KEEP,True,V2
F03534,visreason_c10_1_1,Sol 5.6,visreason,visual_puzzle,1,0,KEEP,True,V2
F03535,mmmu_pro_std_validation_Agriculture_22,Astra,mmmu_pro,academic,1,0,UNRESOLVED,False,V2
F03536,mmmu_pro_std_test_Physics_369,Luna,mmmu_pro,academic,1,0,KEEP,True,V2
F03537,mmmu_pro_std_validation_Sociology_17,Sol 5.6,mmmu_pro,academic,1,0,KEEP,True,V2
F03538,mme_realworld_16580,Luna,mme_realworld,count,1,0,KEEP,True,V2
F03539,mme_realworld_05282,Luna,mme_realworld,chart_table,1,0,KEEP,True,V2
F03540,mme_realworld_09389,Astra,mme_realworld,chart_table,1,0,KEEP,True,V2
F03541,mme_realworld_19452,Astra,mme_realworld,text,1,0,KEEP,True,V2
F03542,mme_realworld_07660,Sol 5.6,mme_realworld,chart_table,1,0,KEEP,True,V2
F03543,mme_realworld_17691,Luna,mme_realworld,text,1,0,KEEP,True,V2
F03544,visreason_c10_1_3,Luna,visreason,visual_puzzle,1,0,KEEP,True,V2
F03545,visreason_c8_36,Astra,visreason,visual_puzzle,1,0,KEEP,True,V2
F03546,mme_realworld_08173,Gemini,mme_realworld,chart_table,1,0,KEEP,True,V2
F03547,mme_realworld_05314,Luna,mme_realworld,chart_table,1,0,KEEP,True,V2
F03548,mmmu_pro_std_validation_Pharmacy_7,Luna,mmmu_pro,academic,1,0,KEEP,True,V2
F03549,mme_realworld_06920,Luna,mme_realworld,chart_table,1,0,KEEP,True,V2
F03550,mme_realworld_15455,Luna,mme_realworld,text,1,0,KEEP,True,V2
F03551,mmmu_pro_std_test_Physics_173,Sol 5.6,mmmu_pro,academic,1,0,KEEP,True,V2
F03552,mmmu_pro_std_validation_Public_Health_8,Luna,mmmu_pro,academic,1,0,UNRESOLVED,False,V2
F03553,mmmu_pro_std_test_Finance_204,Sol 5.6,mmmu_pro,academic,1,0,KEEP,True,V2
F03554,mme_realworld_05242,Sol 5.6,mme_realworld,chart_table,1,0,KEEP,True,V2
F03555,visreason_c9_278,Astra,visreason,visual_puzzle,1,0,KEEP,True,V2
F03556,mme_realworld_18160,Sol 5.6,mme_realworld,text,1,0,KEEP,True,V2
F03557,mme_realworld_07187,Luna,mme_realworld,chart_table,1,0,KEEP,True,V2
F03558,mmmu_pro_std_validation_Design_15,Luna,mmmu_pro,academic,1,0,UNRESOLVED,False,V2
F03559,visreason_c3_5_9,Sol 5.6,visreason,visual_puzzle,1,0,KEEP,True,V2
F03560,worldbench_1551,Sol 5.6,worldbench,chart_table,1,0,KEEP,True,V2
F03561,mmmu_pro_std_validation_Architecture_and_Engineering_20,Sol 5.6,mmmu_pro,academic,1,0,KEEP,True,V2
F03562,mme_realworld_08810,K3,mme_realworld,chart_table,1,0,KEEP,True,V2
F03563,mmmu_pro_std_validation_Architecture_and_Engineering_27,Astra,mmmu_pro,academic,1,0,KEEP,True,V2
F03564,mme_realworld_lite_14416,Sol 5.6,mme_realworld,text,1,0,KEEP,True,V2
F03565,mmmu_pro_std_test_Physics_293,Sol 5.6,mmmu_pro,academic,1,0,KEEP,True,V2
F03566,mme_realworld_14987,Astra,mme_realworld,text,1,0,KEEP,True,V2
F03567,mme_realworld_10779,Luna,mme_realworld,count,1,0,KEEP,True,V2
F03568,mme_realworld_13737,Luna,mme_realworld,text,1,0,KEEP,True,V2
F03569,mme_realworld_05816,Luna,mme_realworld,chart_table,1,0,KEEP,True,V2
F03570,mme_realworld_06323,Sol 5.6,mme_realworld,chart_table,1,0,KEEP,True,V2
F03571,mmmu_pro_std_validation_Literature_1,GLM,mmmu_pro,academic,1,0,KEEP,True,V2
F03572,mmmu_pro_std_test_Geography_241,Sol 5.6,mmmu_pro,academic,1,0,KEEP,True,V2
F03573,mme_realworld_23219,Luna,mme_realworld,natural,1,0,KEEP,True,V2
F03574,worldbench_1381,Gemini,worldbench,natural,1,0,KEEP,True,V2
F03575,mme_realworld_17935,Luna,mme_realworld,text,1,0,KEEP,True,V2
F03576,worldbench_0766,Sol 5.6,worldbench,natural,1,0,KEEP,True,V2
F03577,mme_realworld_06726,Sol 5.6,mme_realworld,chart_table,1,0,KEEP,True,V2
F03578,mmmu_pro_std_test_Music_60,Astra,mmmu_pro,academic,1,0,KEEP,True,V2
F03579,mme_realworld_08697,Luna,mme_realworld,chart_table,1,0,KEEP,True,V2
F03580,visreason_c9_1_19,Sol 5.6,visreason,visual_puzzle,1,0,KEEP,True,V2
F03581,mme_realworld_18391,Sol 5.6,mme_realworld,text,1,0,KEEP,True,V2
F03582,worldbench_1151,Sol 5.6,worldbench,natural,1,0,KEEP,True,V2
F03583,mme_realworld_07621,Gemini,mme_realworld,chart_table,1,0,KEEP,True,V2
F03584,mmmu_pro_std_validation_Marketing_7,Sol 5.6,mmmu_pro,academic,1,0,KEEP,True,V2
F03585,mmmu_pro_std_test_Design_110,Luna,mmmu_pro,academic,1,0,KEEP,True,V2
F03586,visreason_c10_10_19,Sol 5.6,visreason,visual_puzzle,1,0,KEEP,True,V2
F03587,mme_realworld_08555,Gemini,mme_realworld,chart_table,1,0,KEEP,True,V2
F03588,worldbench_0086,Gemini,worldbench,natural,1,0,KEEP,True,V2
F03589,mme_realworld_18454,Sol 5.6,mme_realworld,text,1,0,KEEP,True,V2
F03590,mmmu_pro_std_validation_Architecture_and_Engineering_7,GLM,mmmu_pro,academic,1,0,KEEP,True,V2
F03591,worldbench_1258,Sol 5.6,worldbench,natural,1,0,KEEP,True,V2
F03592,mmmu_pro_std_validation_Music_27,Astra,mmmu_pro,academic,1,0,KEEP,True,V2
F03593,mme_realworld_07974,Luna,mme_realworld,chart_table,1,0,KEEP,True,V2
F03594,mme_realworld_09730,Astra,mme_realworld,chart_table,1,0,KEEP,True,V2
F03595,mme_realworld_16489,Luna,mme_realworld,text,1,0,KEEP,True,V2
F03596,worldbench_0030,Astra,worldbench,natural,1,0,KEEP,True,V2
F03597,mmmu_pro_std_test_Economics_263,Luna,mmmu_pro,academic,1,0,KEEP,True,V2
F03598,mme_realworld_07160,Sol 5.6,mme_realworld,chart_table,1,0,KEEP,True,V2
F03599,mmmu_pro_std_test_Pharmacy_355,GLM,mmmu_pro,academic,1,0,KEEP,True,V2
F03600,mme_realworld_19029,Gemini,mme_realworld,text,1,0,KEEP,True,V2
F03601,mme_realworld_06460,Astra,mme_realworld,chart_table,1,0,KEEP,True,V2
F03602,mme_realworld_12518,Luna,mme_realworld,natural,1,0,KEEP,True,V2
F03603,visreason_c10_1_10,Luna,visreason,visual_puzzle,1,0,KEEP,True,V2
F03604,worldbench_1528,GLM,worldbench,count,1,0,KEEP,True,V2
F03605,mme_realworld_19682,Luna,mme_realworld,count,1,0,KEEP,True,V2
F03606,mmmu_pro_std_test_Sociology_145,Sol 5.6,mmmu_pro,academic,1,0,KEEP,True,V2
F03607,worldbench_0125,Grok,worldbench,natural,1,0,KEEP,True,V2
F03608,visreason_c5_140,Grok,visreason,visual_puzzle,1,0,UNRESOLVED,False,V2
F03609,mme_realworld_14190,Luna,mme_realworld,text,1,0,KEEP,True,V2
F03610,mme_realworld_05611,Sol 5.6,mme_realworld,chart_table,1,0,KEEP,True,V2
F03611,mme_realworld_23565,Luna,mme_realworld,natural,1,0,KEEP,True,V2
F03612,mme_realworld_05265,Luna,mme_realworld,chart_table,1,0,KEEP,True,V2
F03613,mme_realworld_lite_23550,Luna,mme_realworld,natural,1,0,KEEP,True,V2
F03614,mme_realworld_17261,Luna,mme_realworld,text,1,0,KEEP,True,V2
F03615,mme_realworld_lite_17268,Sol 5.6,mme_realworld,text,1,0,KEEP,True,V2
F03616,worldbench_1420,Astra,worldbench,count,1,0,KEEP,True,V2
F03617,mme_realworld_03985,Luna,mme_realworld,natural,1,0,KEEP,True,V2
F03618,mme_realworld_10452,Luna,mme_realworld,chart_table,1,0,KEEP,True,V2
F03619,worldbench_0471,Sol 5.6,worldbench,natural,1,0,KEEP,True,V2
F03620,mme_realworld_10895,Luna,mme_realworld,chart_table,1,0,KEEP,True,V2
F03621,worldbench_1941,Sol 5.6,worldbench,natural,1,0,KEEP,True,V2
F03622,worldbench_1136,Luna,worldbench,natural,1,0,KEEP,True,V2
F03623,mme_realworld_06719,Luna,mme_realworld,chart_table,1,0,KEEP,True,V2
F03624,mme_realworld_17974,Sol 5.6,mme_realworld,text,1,0,KEEP,True,V2
F03625,mme_realworld_07688,Luna,mme_realworld,chart_table,1,0,KEEP,True,V2
F03626,mmmu_pro_std_test_Chemistry_417,Gemini,mmmu_pro,academic,1,0,KEEP,True,V2
F03627,mme_realworld_00442,Luna,mme_realworld,natural,1,0,KEEP,True,V2
F03628,mme_realworld_09056,Sol 5.6,mme_realworld,chart_table,1,0,KEEP,True,V2
F03629,mmmu_pro_std_test_Math_247,Luna,mmmu_pro,academic,1,0,KEEP,True,V2
F03630,mme_realworld_09469,Luna,mme_realworld,chart_table,1,0,KEEP,True,V2
F03631,mme_realworld_03259,Luna,mme_realworld,natural,1,0,KEEP,True,V2
F03632,worldbench_0405,Astra,worldbench,natural,1,0,KEEP,True,V2
F03633,mmmu_pro_std_test_Clinical_Medicine_247,Sol 5.6,mmmu_pro,academic,1,0,KEEP,True,V2
F03634,worldbench_0521,Grok,worldbench,natural,1,0,UNRESOLVED,False,V2
F03635,mme_realworld_06029,Luna,mme_realworld,chart_table,1,0,KEEP,True,V2
F03636,mmmu_pro_std_validation_Public_Health_30,Luna,mmmu_pro,academic,1,0,KEEP,True,V2
F03637,mme_realworld_10494,Luna,mme_realworld,chart_table,1,0,KEEP,True,V2
F03638,visreason_c3_5_1,GLM,visreason,visual_puzzle,1,0,KEEP,True,V2
F03639,visreason_c7_1_80,Astra,visreason,visual_puzzle,1,0,KEEP,True,V2
F03640,mme_realworld_08947,Sol 5.6,mme_realworld,chart_table,1,0,KEEP,True,V2
F03641,visreason_c5_76,Astra,visreason,visual_puzzle,1,0,UNRESOLVED,False,V2
F03642,mme_realworld_08952,Luna,mme_realworld,chart_table,1,0,KEEP,True,V2
F03643,mme_realworld_11334,Astra,mme_realworld,natural,1,0,UNRESOLVED,False,V2
F03644,mme_realworld_09403,Luna,mme_realworld,chart_table,1,0,KEEP,True,V2
F03645,mme_realworld_06643,Grok,mme_realworld,chart_table,1,0,KEEP,True,V2
F03646,mmmu_pro_std_test_Marketing_109,Grok,mmmu_pro,academic,1,0,KEEP,True,V2
F03647,mme_realworld_07463,Luna,mme_realworld,chart_table,1,0,KEEP,True,V2
F03648,visreason_c4_68,Astra,visreason,visual_puzzle,1,0,KEEP,True,V2
F03649,mme_realworld_19658,Luna,mme_realworld,count,1,0,KEEP,True,V2
F03650,mme_realworld_10237,Luna,mme_realworld,chart_table,1,0,KEEP,True,V2
F03651,mmmu_pro_std_test_Pharmacy_234,Gemini,mmmu_pro,academic,1,0,UNRESOLVED,False,V2
F03652,mme_realworld_07657,Luna,mme_realworld,chart_table,1,0,KEEP,True,V2
F03653,mme_realworld_14470,Sol 5.6,mme_realworld,text,1,0,KEEP,True,V2
F03654,worldbench_1886,Sol 5.6,worldbench,map,1,0,KEEP,True,V2
F03655,worldbench_0146,Luna,worldbench,natural,1,0,KEEP,True,V2
F03656,mme_realworld_05758,Luna,mme_realworld,chart_table,1,0,KEEP,True,V2
F03657,mme_realworld_06866,Luna,mme_realworld,chart_table,1,0,KEEP,True,V2
F03658,mme_realworld_16112,Astra,mme_realworld,text,1,0,KEEP,True,V2
F03659,mme_realworld_16027,Sol 5.6,mme_realworld,text,1,0,KEEP,True,V2
F03660,mme_realworld_14825,Luna,mme_realworld,text,1,0,KEEP,True,V2
F03661,mmmu_pro_std_test_Clinical_Medicine_108,Gemini,mmmu_pro,academic,1,0,KEEP,True,V2
F03662,visreason_c4_7,Astra,visreason,visual_puzzle,1,0,KEEP,True,V2
F03663,mmmu_pro_std_test_Design_126,Luna,mmmu_pro,academic,1,0,KEEP,True,V2
F03664,visreason_c5_47,Sol 5.6,visreason,visual_puzzle,1,0,UNRESOLVED,False,V2
F03665,mmmu_pro_std_test_Manage_52,GLM,mmmu_pro,academic,1,0,WEAK,False,V2
F03666,mmmu_pro_std_validation_Economics_6,Luna,mmmu_pro,academic,1,0,KEEP,True,V2
F03667,mme_realworld_15603,Sol 5.6,mme_realworld,text,1,0,KEEP,True,V2
F03668,mme_realworld_06240,Sol 5.6,mme_realworld,chart_table,1,0,KEEP,True,V2
F03669,mme_realworld_08390,Sol 5.6,mme_realworld,chart_table,1,0,KEEP,True,V2
F03670,mme_realworld_12987,Gemini,mme_realworld,natural,1,0,KEEP,True,V2
F03671,mmmu_pro_std_test_Music_219,Astra,mmmu_pro,academic,1,0,KEEP,True,V2
F03672,mmmu_pro_std_test_Electronics_252,Sol 5.6,mmmu_pro,academic,1,0,KEEP,True,V2
F03673,mmmu_pro_std_test_Clinical_Medicine_260,Astra,mmmu_pro,academic,1,0,KEEP,True,V2
F03674,mmmu_pro_std_test_Architecture_and_Engineering_361,Gemini,mmmu_pro,academic,1,0,KEEP,True,V2
F03675,mme_realworld_22733,Sol 5.6,mme_realworld,natural,1,0,KEEP,True,V2
F03676,mme_realworld_08110,Sol 5.6,mme_realworld,chart_table,1,0,KEEP,True,V2
F03677,worldbench_1062,Sol 5.6,worldbench,natural,1,0,KEEP,True,V2
F03678,mmmu_pro_std_test_Art_224,GLM,mmmu_pro,academic,1,0,KEEP,True,V2
F03679,mme_realworld_20567,Sol 5.6,mme_realworld,natural,1,0,KEEP,True,V2
F03680,mme_realworld_16015,Sol 5.6,mme_realworld,text,1,0,KEEP,True,V2
F03681,mme_realworld_18158,Luna,mme_realworld,text,1,0,KEEP,True,V2
F03682,visreason_c8_48,Sol 5.6,visreason,visual_puzzle,1,0,KEEP,True,V2
F03683,mme_realworld_15314,Sol 5.6,mme_realworld,text,1,0,KEEP,True,V2
F03684,mme_realworld_08643,Luna,mme_realworld,chart_table,1,0,KEEP,True,V2
F03685,mmmu_pro_std_validation_Public_Health_17,Grok,mmmu_pro,academic,1,0,KEEP,True,V2
F03686,mme_realworld_18933,Astra,mme_realworld,text,1,0,KEEP,True,V2
F03687,mme_realworld_04677,K3,mme_realworld,natural,1,0,KEEP,True,V2
F03688,worldbench_1170,Luna,worldbench,natural,1,0,KEEP,True,V2
F03689,mme_realworld_00482,Sol 5.6,mme_realworld,natural,1,0,KEEP,True,V2
F03690,mmmu_pro_std_test_Pharmacy_20,Luna,mmmu_pro,academic,1,0,KEEP,True,V2
F03691,visreason_c9_246,Astra,visreason,visual_puzzle,1,0,KEEP,True,V2
F03692,mmmu_pro_std_test_Pharmacy_210,Sol 5.6,mmmu_pro,academic,1,0,KEEP,True,V2
F03693,mme_realworld_16192,Luna,mme_realworld,text,1,0,KEEP,True,V2
F03694,visreason_c9_7,Sol 5.6,visreason,visual_puzzle,1,0,KEEP,True,V2
F03695,mme_realworld_17640,Sol 5.6,mme_realworld,text,1,0,KEEP,True,V2
F03696,mme_realworld_13860,Sol 5.6,mme_realworld,text,1,0,KEEP,True,V2
F03697,visreason_c9_309,Astra,visreason,visual_puzzle,1,0,KEEP,True,V2
F03698,worldbench_1130,Astra,worldbench,natural,1,0,KEEP,True,V2
F03699,mme_realworld_07452,Luna,mme_realworld,chart_table,1,0,KEEP,True,V2
F03700,mmmu_pro_std_test_Economics_216,Sol 5.6,mmmu_pro,academic,1,0,KEEP,True,V2
F03701,worldbench_1347,Sol 5.6,worldbench,natural,1,0,KEEP,True,V2
F03702,mme_realworld_14150,Sol 5.6,mme_realworld,text,1,0,KEEP,True,V2
F03703,mme_realworld_06600,Luna,mme_realworld,chart_table,1,0,KEEP,True,V2
F03704,mmmu_pro_std_test_Design_143,Sol 5.6,mmmu_pro,academic,1,0,UNRESOLVED,False,V2
F03705,mme_realworld_22600,Sol 5.6,mme_realworld,natural,1,0,KEEP,True,V2
F03706,mmmu_pro_std_validation_Accounting_6,GLM,mmmu_pro,academic,1,0,KEEP,True,V2
F03707,mme_realworld_17121,Sol 5.6,mme_realworld,text,1,0,KEEP,True,V2
F03708,mme_realworld_12523,Sol 5.6,mme_realworld,natural,1,0,KEEP,True,V2
F03709,mme_realworld_00571,Sol 5.6,mme_realworld,natural,1,0,KEEP,True,V2
F03710,mmmu_pro_std_validation_Marketing_14,Luna,mmmu_pro,academic,1,0,KEEP,True,V2
F03711,visreason_c4_404,Astra,visreason,visual_puzzle,1,0,KEEP,True,V2
F03712,mmmu_pro_std_test_Math_170,Luna,mmmu_pro,academic,1,0,UNRESOLVED,False,V2
F03713,mme_realworld_17621,Luna,mme_realworld,text,1,0,KEEP,True,V2
F03714,mme_realworld_07653,Luna,mme_realworld,chart_table,1,0,KEEP,True,V2
F03715,mme_realworld_07920,Astra,mme_realworld,chart_table,1,0,KEEP,True,V2
F03716,worldbench_0103,Sol 5.6,worldbench,natural,1,0,KEEP,True,V2
F03717,mme_realworld_07142,Sol 5.6,mme_realworld,chart_table,1,0,KEEP,True,V2
F03718,mme_realworld_16133,Luna,mme_realworld,text,1,0,KEEP,True,V2
F03719,mme_realworld_08798,Sol 5.6,mme_realworld,chart_table,1,0,KEEP,True,V2
F03720,worldbench_0710,Sol 5.6,worldbench,natural,1,0,KEEP,True,V2
F03721,mme_realworld_06447,Luna,mme_realworld,chart_table,1,0,KEEP,True,V2
F03722,mme_realworld_10389,Luna,mme_realworld,chart_table,1,0,KEEP,True,V2
F03723,mme_realworld_07174,Luna,mme_realworld,chart_table,1,0,KEEP,True,V2
F03724,mme_realworld_06147,Luna,mme_realworld,chart_table,1,0,KEEP,True,V2
F03725,visreason_c10_10_20,Sol 5.6,visreason,visual_puzzle,1,0,KEEP,True,V2
F03726,mme_realworld_10298,Gemini,mme_realworld,chart_table,1,0,KEEP,True,V2
F03727,mme_realworld_13837,Sol 5.6,mme_realworld,text,1,0,KEEP,True,V2
F03728,mme_realworld_14216,Sol 5.6,mme_realworld,text,1,0,KEEP,True,V2
F03729,mmmu_pro_std_test_Public_Health_19,Sol 5.6,mmmu_pro,academic,1,0,KEEP,True,V2
F03730,mme_realworld_11137,Luna,mme_realworld,natural,1,0,UNRESOLVED,False,V2
F03731,mme_realworld_09198,Luna,mme_realworld,chart_table,1,0,KEEP,True,V2
F03732,mme_realworld_18206,Sol 5.6,mme_realworld,text,1,0,KEEP,True,V2
F03733,mmmu_pro_std_test_Physics_353,Luna,mmmu_pro,academic,1,0,KEEP,True,V2
F03734,visreason_c10_431,Sol 5.6,visreason,visual_puzzle,1,0,KEEP,True,V2
F03735,visreason_c9_204,Astra,visreason,visual_puzzle,1,0,KEEP,True,V2
F03736,mme_realworld_06889,Luna,mme_realworld,chart_table,1,0,KEEP,True,V2
F03737,mme_realworld_23481,Sol 5.6,mme_realworld,natural,1,0,KEEP,True,V2
F03738,mme_realworld_09443,Sol 5.6,mme_realworld,chart_table,1,0,KEEP,True,V2
F03739,mme_realworld_07744,Luna,mme_realworld,chart_table,1,0,WEAK,False,V2
F03740,mmmu_pro_std_test_Accounting_80,Sol 5.6,mmmu_pro,academic,1,0,KEEP,True,V2
F03741,worldbench_1931,Luna,worldbench,natural,1,0,KEEP,True,V2
F03742,mme_realworld_06770,Luna,mme_realworld,chart_table,1,0,KEEP,True,V2
F03743,worldbench_1237,Sol 5.6,worldbench,natural,1,0,KEEP,True,V2
F03744,mme_realworld_07858,Sol 5.6,mme_realworld,chart_table,1,0,KEEP,True,V2
F03745,mmmu_pro_std_test_Economics_7,Grok,mmmu_pro,academic,1,0,KEEP,True,V2
F03746,mmmu_pro_std_test_Manage_187,Grok,mmmu_pro,academic,1,0,KEEP,True,V2
F03747,mme_realworld_16259,Gemini,mme_realworld,text,1,0,KEEP,True,V2
F03748,worldbench_0550,Sol 5.6,worldbench,count,1,0,KEEP,True,V2
F03749,worldbench_1216,Luna,worldbench,count,1,0,UNRESOLVED,False,V2
F03750,mme_realworld_10197,Luna,mme_realworld,chart_table,1,0,KEEP,True,V2
F03751,worldbench_0600,Astra,worldbench,count,1,0,KEEP,True,V2
F03752,mmmu_pro_std_test_Finance_304,Luna,mmmu_pro,academic,1,0,KEEP,True,V2
F03753,visreason_c10_236,Astra,visreason,visual_puzzle,1,0,KEEP,True,V2
F03754,mme_realworld_05823,Luna,mme_realworld,chart_table,1,0,KEEP,True,V2
F03755,mmmu_pro_std_validation_Basic_Medical_Science_26,Luna,mmmu_pro,academic,1,0,KEEP,True,V2
F03756,mme_realworld_19700,Luna,mme_realworld,count,1,0,KEEP,True,V2
F03757,mme_realworld_08666,Astra,mme_realworld,chart_table,1,0,KEEP,True,V2
F03758,mmmu_pro_std_test_Marketing_144,Sol 5.6,mmmu_pro,academic,1,0,KEEP,True,V2
F03759,mme_realworld_01393,Sol 5.6,mme_realworld,natural,1,0,KEEP,True,V2
F03760,visreason_c9_100,Astra,visreason,visual_puzzle,1,0,KEEP,True,V2
F03761,worldbench_1865,Luna,worldbench,map,1,0,KEEP,True,V2
F03762,mme_realworld_09745,Luna,mme_realworld,chart_table,1,0,KEEP,True,V2
F03763,mmmu_pro_std_validation_Design_25,Sol 5.6,mmmu_pro,academic,1,0,KEEP,True,V2
F03764,visreason_c9_2_16,GLM,visreason,visual_puzzle,1,0,KEEP,True,V2
F03765,mmmu_pro_std_test_History_168,Gemini,mmmu_pro,academic,1,0,KEEP,True,V2
F03766,mme_realworld_05869,Luna,mme_realworld,chart_table,1,0,KEEP,True,V2
F03767,mme_realworld_05005,Gemini,mme_realworld,chart_table,1,0,KEEP,True,V2
F03768,worldbench_0964,Sol 5.6,worldbench,count,1,0,KEEP,True,V2
F03769,mme_realworld_11863,Gemini,mme_realworld,natural,1,0,KEEP,True,V2
F03770,mme_realworld_05354,Luna,mme_realworld,chart_table,1,0,KEEP,True,V2
F03771,mme_realworld_23149,Luna,mme_realworld,natural,1,0,KEEP,True,V2
F03772,worldbench_0926,Sol 5.6,worldbench,natural,1,0,KEEP,True,V2
F03773,mme_realworld_06651,Luna,mme_realworld,chart_table,1,0,KEEP,True,V2
F03774,visreason_c5_20,Sol 5.6,visreason,visual_puzzle,1,0,UNRESOLVED,False,V2
F03775,mme_realworld_14426,Sol 5.6,mme_realworld,text,1,0,KEEP,True,V2
F03776,visreason_c5_188,Sol 5.6,visreason,visual_puzzle,1,0,KEEP,True,V2
F03777,mme_realworld_15281,Luna,mme_realworld,text,1,0,KEEP,True,V2
F03778,worldbench_0594,Luna,worldbench,count,1,0,KEEP,True,V2
F03779,visreason_c10_198,Astra,visreason,visual_puzzle,1,0,KEEP,True,V2
F03780,worldbench_1560,Sol 5.6,worldbench,map,1,0,KEEP,True,V2
F03781,mmmu_pro_std_validation_Electronics_1,Astra,mmmu_pro,academic,1,0,KEEP,True,V2
F03782,mme_realworld_06875,Luna,mme_realworld,chart_table,1,0,KEEP,True,V2
F03783,mme_realworld_08111,Astra,mme_realworld,chart_table,1,0,KEEP,True,V2
F03784,visreason_c9_371,Astra,visreason,visual_puzzle,1,0,KEEP,True,V2
F03785,mme_realworld_07276,Luna,mme_realworld,chart_table,1,0,KEEP,True,V2
F03786,worldbench_0028,Sol 5.6,worldbench,natural,1,0,KEEP,True,V2
F03787,mmmu_pro_std_test_Literature_44,Luna,mmmu_pro,academic,1,0,KEEP,True,V2
F03788,mmmu_pro_std_validation_Physics_15,Luna,mmmu_pro,academic,1,0,KEEP,True,V2
F03789,visreason_c9_393,Astra,visreason,visual_puzzle,1,0,KEEP,True,V2
F03790,visreason_c9_408,Astra,visreason,visual_puzzle,1,0,KEEP,True,V2
F03791,worldbench_1374,Sol 5.6,worldbench,count,1,0,KEEP,True,V2
F03792,worldbench_1699,Sol 5.6,worldbench,chart_table,1,0,KEEP,True,V2
F03793,mme_realworld_05552,Sol 5.6,mme_realworld,chart_table,1,0,KEEP,True,V2
F03794,worldbench_0323,Astra,worldbench,natural,1,0,KEEP,True,V2
F03795,vs_117,Luna,vstar,natural,1,0,KEEP,True,V2
F03796,mmmu_pro_std_validation_Chemistry_5,GLM,mmmu_pro,academic,1,0,KEEP,True,V2
F03797,visreason_c9_2_11,Grok,visreason,visual_puzzle,1,0,KEEP,True,V2
F03798,visreason_c10_1_15,Sol 5.6,visreason,visual_puzzle,1,0,KEEP,True,V2
F03799,worldbench_0544,Sol 5.6,worldbench,natural,1,0,KEEP,True,V2
F03800,mme_realworld_08675,Gemini,mme_realworld,chart_table,1,0,KEEP,True,V2
F03801,worldbench_0063,Gemini,worldbench,natural,1,0,KEEP,True,V2
F03802,mmmu_pro_std_validation_Clinical_Medicine_8,Luna,mmmu_pro,academic,1,0,UNRESOLVED,False,V2
F03803,mme_realworld_10185,Luna,mme_realworld,chart_table,1,0,KEEP,True,V2
F03804,visreason_c9_6_2,Sol 5.6,visreason,visual_puzzle,1,0,KEEP,True,V2
F03805,mmmu_pro_std_test_Art_Theory_39,Gemini,mmmu_pro,academic,1,0,UNRESOLVED,False,V2
F03806,mmmu_pro_std_test_Psychology_180,Sol 5.6,mmmu_pro,academic,1,0,KEEP,True,V2
F03807,mme_realworld_06808,K3,mme_realworld,chart_table,1,0,KEEP,True,V2
F03808,mmmu_pro_std_validation_Agriculture_9,Sol 5.6,mmmu_pro,academic,1,0,KEEP,True,V2
F03809,mmmu_pro_std_test_Computer_Science_353,Luna,mmmu_pro,academic,1,0,KEEP,True,V2
F03810,mme_realworld_15426,Sol 5.6,mme_realworld,text,1,0,KEEP,True,V2
F03811,mme_realworld_07779,Astra,mme_realworld,chart_table,1,0,KEEP,True,V2
F03812,mmmu_pro_std_test_Finance_138,Luna,mmmu_pro,academic,1,0,KEEP,True,V2
F03813,mme_realworld_11464,Luna,mme_realworld,natural,1,0,KEEP,True,V2
F03814,mmmu_pro_std_validation_Art_Theory_17,Sol 5.6,mmmu_pro,academic,1,0,KEEP,True,V2
F03815,mme_realworld_19614,Luna,mme_realworld,text,1,0,KEEP,True,V2
F03816,mmmu_pro_std_validation_Mechanical_Engineering_6,Sol 5.6,mmmu_pro,academic,1,0,KEEP,True,V2
F03817,mmmu_pro_std_validation_Manage_29,Astra,mmmu_pro,academic,1,0,KEEP,True,V2
F03818,mmmu_pro_std_validation_Chemistry_22,Sol 5.6,mmmu_pro,academic,1,0,KEEP,True,V2
F03819,mmmu_pro_std_validation_Art_4,Sol 5.6,mmmu_pro,academic,1,0,KEEP,True,V2
F03820,worldbench_0341,GLM,worldbench,natural,1,0,KEEP,True,V2
F03821,mme_realworld_10117,Luna,mme_realworld,count,1,0,KEEP,True,V2
F03822,mme_realworld_04496,Luna,mme_realworld,natural,1,0,KEEP,True,V2
F03823,mmmu_pro_std_test_History_56,Luna,mmmu_pro,academic,1,0,KEEP,True,V2
F03824,worldbench_1955,Gemini,worldbench,count,1,0,KEEP,True,V2
F03825,mme_realworld_17543,Luna,mme_realworld,text,1,0,KEEP,True,V2
F03826,mme_realworld_00949,Sol 5.6,mme_realworld,natural,1,0,KEEP,True,V2
F03827,worldbench_1602,Sol 5.6,worldbench,chart_table,1,0,KEEP,True,V2
F03828,mmmu_pro_std_test_Economics_108,Luna,mmmu_pro,academic,1,0,KEEP,True,V2
F03829,mme_realworld_22983,Luna,mme_realworld,natural,1,0,KEEP,True,V2
F03830,mme_realworld_08808,Luna,mme_realworld,chart_table,1,0,KEEP,True,V2
F03831,mme_realworld_08613,Luna,mme_realworld,chart_table,1,0,KEEP,True,V2
F03832,mme_realworld_05071,Luna,mme_realworld,chart_table,1,0,KEEP,True,V2
F03833,mmmu_pro_std_test_Diagnostics_and_Laboratory_Medicine_140,Astra,mmmu_pro,academic,1,0,KEEP,True,V2
F03834,mme_realworld_06877,Luna,mme_realworld,chart_table,1,0,KEEP,True,V2
F03835,vs_123,Sol 5.6,vstar,natural,1,0,KEEP,True,V2
F03836,mmmu_pro_std_test_Marketing_164,Luna,mmmu_pro,academic,1,0,KEEP,True,V2
F03837,mme_realworld_09636,Luna,mme_realworld,chart_table,1,0,KEEP,True,V2
F03838,mme_realworld_06151,Luna,mme_realworld,chart_table,1,0,KEEP,True,V2
F03839,mmmu_pro_std_test_Clinical_Medicine_128,Astra,mmmu_pro,academic,1,0,KEEP,True,V2
F03840,mme_realworld_07275,Sol 5.6,mme_realworld,chart_table,1,0,KEEP,True,V2
F03841,mmmu_pro_std_validation_Psychology_8,Luna,mmmu_pro,academic,1,0,KEEP,True,V2
F03842,mmmu_pro_std_test_Biology_341,K3,mmmu_pro,academic,1,0,KEEP,True,V2
F03843,mmmu_pro_std_validation_Math_1,Luna,mmmu_pro,academic,1,0,KEEP,True,V2
F03844,visreason_c9_2_3,Sol 5.6,visreason,visual_puzzle,1,0,KEEP,True,V2
F03845,mme_realworld_05902,K3,mme_realworld,chart_table,1,0,KEEP,True,V2
F03846,mmmu_pro_std_test_Biology_160,Luna,mmmu_pro,academic,1,0,KEEP,True,V2
F03847,mme_realworld_05912,Luna,mme_realworld,chart_table,1,0,KEEP,True,V2
F03848,visreason_c3_5_19,Sol 5.6,visreason,visual_puzzle,1,0,WEAK,False,V2
F03849,mme_realworld_18811,Luna,mme_realworld,text,1,0,KEEP,True,V2
F03850,mme_realworld_06883,Gemini,mme_realworld,chart_table,1,0,KEEP,True,V2
F03851,mmmu_pro_std_test_Public_Health_427,Luna,mmmu_pro,academic,1,0,KEEP,True,V2
F03852,mme_realworld_15584,Sol 5.6,mme_realworld,text,1,0,KEEP,True,V2
F03853,mme_realworld_07540,Gemini,mme_realworld,chart_table,1,0,KEEP,True,V2
F03854,mme_realworld_06898,Sol 5.6,mme_realworld,chart_table,1,0,KEEP,True,V2
F03855,mme_realworld_09902,Luna,mme_realworld,chart_table,1,0,KEEP,True,V2
F03856,mmmu_pro_std_test_Marketing_134,Sol 5.6,mmmu_pro,academic,1,0,KEEP,True,V2
F03857,worldbench_1845,Luna,worldbench,count,1,0,KEEP,True,V2
F03858,mmmu_pro_std_validation_Energy_and_Power_5,Sol 5.6,mmmu_pro,academic,1,0,KEEP,True,V2
F03859,mme_realworld_lite_19726,Astra,mme_realworld,text,1,0,KEEP,True,V2
F03860,mme_realworld_22932,Sol 5.6,mme_realworld,natural,1,0,KEEP,True,V2
F03861,worldbench_1096,Sol 5.6,worldbench,natural,1,0,KEEP,True,V2
F03862,worldbench_1458,Luna,worldbench,natural,1,0,KEEP,True,V2
F03863,worldbench_0235,Luna,worldbench,natural,1,0,KEEP,True,V2
F03864,mme_realworld_06134,Astra,mme_realworld,chart_table,1,0,KEEP,True,V2
F03865,visreason_c10_232,Sol 5.6,visreason,visual_puzzle,1,0,KEEP,True,V2
F03866,mme_realworld_14222,Sol 5.6,mme_realworld,text,1,0,KEEP,True,V2
F03867,mmmu_pro_std_validation_Physics_20,Sol 5.6,mmmu_pro,academic,1,0,KEEP,True,V2
F03868,mme_realworld_14144,Sol 5.6,mme_realworld,text,1,0,KEEP,True,V2
F03869,mme_realworld_18817,Astra,mme_realworld,text,1,0,KEEP,True,V2
F03870,mmmu_pro_std_test_Economics_243,Luna,mmmu_pro,academic,1,0,KEEP,True,V2
F03871,mmmu_pro_std_validation_Finance_16,Luna,mmmu_pro,academic,1,0,KEEP,True,V2
F03872,mme_realworld_09457,K3,mme_realworld,chart_table,1,0,KEEP,True,V2
F03873,worldbench_1478,Sol 5.6,worldbench,natural,1,0,KEEP,True,V2
F03874,worldbench_0462,Sol 5.6,worldbench,natural,1,0,KEEP,True,V2
F03875,worldbench_0768,Astra,worldbench,natural,1,0,KEEP,True,V2
F03876,worldbench_1362,GLM,worldbench,natural,1,0,KEEP,True,V2
F03877,mmmu_pro_std_test_Pharmacy_318,Sol 5.6,mmmu_pro,academic,1,0,KEEP,True,V2
F03878,mme_realworld_19316,Sol 5.6,mme_realworld,text,1,0,KEEP,True,V2
F03879,mme_realworld_16546,K3,mme_realworld,text,1,0,KEEP,True,V2
F03880,mme_realworld_07495,Luna,mme_realworld,chart_table,1,0,KEEP,True,V2
F03881,mme_realworld_21359,Sol 5.6,mme_realworld,count,1,0,KEEP,True,V2
F03882,visreason_c5_96,Luna,visreason,visual_puzzle,1,0,KEEP,True,V2
F03883,mmmu_pro_std_test_Public_Health_300,Luna,mmmu_pro,academic,1,0,KEEP,True,V2
F03884,visreason_c9_255,GLM,visreason,visual_puzzle,1,0,KEEP,True,V2
F03885,mmmu_pro_std_validation_Math_26,Sol 5.6,mmmu_pro,academic,1,0,KEEP,True,V2
F03886,mmmu_pro_std_validation_Energy_and_Power_27,Luna,mmmu_pro,academic,1,0,KEEP,True,V2
F03887,mmmu_pro_std_validation_Marketing_29,Luna,mmmu_pro,academic,1,0,KEEP,True,V2
F03888,mmmu_pro_std_test_Electronics_58,Sol 5.6,mmmu_pro,academic,1,0,KEEP,True,V2
F03889,mme_realworld_05909,Luna,mme_realworld,chart_table,1,0,KEEP,True,V2
F03890,mme_realworld_05999,Luna,mme_realworld,chart_table,1,0,KEEP,True,V2
F03891,mmmu_pro_std_validation_Art_Theory_25,Luna,mmmu_pro,academic,1,0,KEEP,True,V2
F03892,visreason_c10_1_5,Sol 5.6,visreason,visual_puzzle,1,0,KEEP,True,V2
F03893,mme_realworld_17173,Luna,mme_realworld,text,1,0,KEEP,True,V2
F03894,mmmu_pro_std_validation_Biology_22,GLM,mmmu_pro,academic,1,0,KEEP,True,V2
F03895,mme_realworld_01504,Luna,mme_realworld,natural,1,0,KEEP,True,V2
F03896,mme_realworld_10559,Luna,mme_realworld,chart_table,1,0,KEEP,True,V2
F03897,mme_realworld_17574,Luna,mme_realworld,text,1,0,KEEP,True,V2
F03898,mme_realworld_11616,Luna,mme_realworld,natural,1,0,KEEP,True,V2
F03899,mme_realworld_10322,Luna,mme_realworld,chart_table,1,0,KEEP,True,V2
F03900,mmmu_pro_std_test_Finance_67,Sol 5.6,mmmu_pro,academic,1,0,KEEP,True,V2
F03901,visreason_c8_9,Gemini,visreason,visual_puzzle,1,0,WEAK,False,V2
F03902,mmmu_pro_std_test_Art_81,Luna,mmmu_pro,academic,1,0,KEEP,True,V2
F03903,worldbench_0216,Sol 5.6,worldbench,natural,1,0,KEEP,True,V2
F03904,mme_realworld_10325,Sol 5.6,mme_realworld,chart_table,1,0,KEEP,True,V2
F03905,mmmu_pro_std_test_Pharmacy_24,Sol 5.6,mmmu_pro,academic,1,0,KEEP,True,V2
F03906,mmmu_pro_std_test_Accounting_170,GLM,mmmu_pro,academic,1,0,UNRESOLVED,False,V2
F03907,worldbench_1426,Astra,worldbench,natural,1,0,KEEP,True,V2
F03908,mme_realworld_09319,Luna,mme_realworld,chart_table,1,0,KEEP,True,V2
F03909,mme_realworld_06634,Gemini,mme_realworld,chart_table,1,0,KEEP,True,V2
F03910,visreason_c10_325,Astra,visreason,visual_puzzle,1,0,KEEP,True,V2
F03911,mme_realworld_23284,Luna,mme_realworld,natural,1,0,KEEP,True,V2
F03912,mme_realworld_07664,Luna,mme_realworld,chart_table,1,0,KEEP,True,V2
F03913,mme_realworld_05836,Sol 5.6,mme_realworld,chart_table,1,0,KEEP,True,V2
F03914,mmmu_pro_std_test_Accounting_208,Luna,mmmu_pro,academic,1,0,KEEP,True,V2
F03915,mme_realworld_05398,Sol 5.6,mme_realworld,chart_table,1,0,KEEP,True,V2
F03916,visreason_c5_145,Sol 5.6,visreason,visual_puzzle,1,0,KEEP,True,V2
F03917,mme_realworld_16463,Luna,mme_realworld,text,1,0,KEEP,True,V2
F03918,visreason_c4_92,Astra,visreason,visual_puzzle,1,0,KEEP,True,V2
F03919,mme_realworld_14808,Luna,mme_realworld,text,1,0,KEEP,True,V2
F03920,worldbench_1762,Sol 5.6,worldbench,academic,1,0,KEEP,True,V2
F03921,mme_realworld_01885,Luna,mme_realworld,natural,1,0,UNRESOLVED,False,V2
F03922,worldbench_0925,Sol 5.6,worldbench,natural,1,0,WEAK,False,V2
F03923,mme_realworld_13957,Luna,mme_realworld,text,1,0,KEEP,True,V2
F03924,mmmu_pro_std_validation_Physics_11,Gemini,mmmu_pro,academic,1,0,KEEP,True,V2
F03925,worldbench_0555,Luna,worldbench,natural,1,0,KEEP,True,V2
F03926,mme_realworld_17281,Sol 5.6,mme_realworld,text,1,0,KEEP,True,V2
F03927,mme_realworld_12320,Luna,mme_realworld,natural,1,0,KEEP,True,V2
F03928,mme_realworld_17653,Luna,mme_realworld,text,1,0,KEEP,True,V2
F03929,visreason_c10_330,Astra,visreason,visual_puzzle,1,0,KEEP,True,V2
F03930,mmmu_pro_std_test_Accounting_129,Sol 5.6,mmmu_pro,academic,1,0,KEEP,True,V2
F03931,mme_realworld_08919,Astra,mme_realworld,chart_table,1,0,KEEP,True,V2
F03932,worldbench_1317,Luna,worldbench,count,1,0,KEEP,True,V2
F03933,mme_realworld_15934,Sol 5.6,mme_realworld,text,1,0,KEEP,True,V2
F03934,mme_realworld_02006,Astra,mme_realworld,natural,1,0,UNRESOLVED,False,V2
F03935,mme_realworld_08551,Luna,mme_realworld,chart_table,1,0,KEEP,True,V2
F03936,mmmu_pro_std_validation_Basic_Medical_Science_1,Luna,mmmu_pro,academic,1,0,KEEP,True,V2
F03937,mme_realworld_08013,Luna,mme_realworld,chart_table,1,0,KEEP,True,V2
F03938,mme_realworld_23054,Sol 5.6,mme_realworld,natural,1,0,KEEP,True,V2
F03939,mme_realworld_09633,Luna,mme_realworld,chart_table,1,0,KEEP,True,V2
F03940,mme_realworld_02853,Luna,mme_realworld,count,1,0,KEEP,True,V2
F03941,visreason_c5_84,Luna,visreason,visual_puzzle,1,0,KEEP,True,V2
F03942,mme_realworld_06983,Sol 5.6,mme_realworld,chart_table,1,0,KEEP,True,V2
F03943,mme_realworld_16911,Luna,mme_realworld,text,1,0,KEEP,True,V2
F03944,mmmu_pro_std_validation_Mechanical_Engineering_26,Astra,mmmu_pro,academic,1,0,UNRESOLVED,False,V2
F03945,mme_realworld_15937,Sol 5.6,mme_realworld,text,1,0,KEEP,True,V2
F03946,mme_realworld_19559,Luna,mme_realworld,text,1,0,KEEP,True,V2
F03947,mme_realworld_23309,Luna,mme_realworld,natural,1,0,KEEP,True,V2
F03948,mme_realworld_16497,Sol 5.6,mme_realworld,text,1,0,KEEP,True,V2
F03949,visreason_c7_1_52,Astra,visreason,visual_puzzle,1,0,KEEP,True,V2
F03950,visreason_c9_9_10,Sol 5.6,visreason,visual_puzzle,1,0,UNRESOLVED,False,V2
F03951,mmmu_pro_std_test_Architecture_and_Engineering_250,Luna,mmmu_pro,academic,1,0,KEEP,True,V2
F03952,visreason_c10_10_14,Astra,visreason,visual_puzzle,1,0,UNRESOLVED,False,V2
F03953,mme_realworld_13540,Astra,mme_realworld,natural,1,0,KEEP,True,V2
F03954,mme_realworld_10395,Luna,mme_realworld,chart_table,1,0,KEEP,True,V2
F03955,visreason_c7_1_61,Astra,visreason,visual_puzzle,1,0,KEEP,True,V2
F03956,visreason_c4_12,Astra,visreason,visual_puzzle,1,0,KEEP,True,V2
F03957,mmmu_pro_std_test_Energy_and_Power_192,Sol 5.6,mmmu_pro,academic,1,0,KEEP,True,V2
F03958,worldbench_0821,Sol 5.6,worldbench,natural,1,0,KEEP,True,V2
F03959,mme_realworld_15829,Luna,mme_realworld,text,1,0,KEEP,True,V2
F03960,mmmu_pro_std_test_Biology_175,Astra,mmmu_pro,academic,1,0,KEEP,True,V2
F03961,mmmu_pro_std_test_Math_492,Luna,mmmu_pro,academic,1,0,KEEP,True,V2
F03962,mme_realworld_lite_13892,Luna,mme_realworld,text,1,0,KEEP,True,V2
F03963,mme_realworld_07903,Luna,mme_realworld,chart_table,1,0,KEEP,True,V2
F03964,mme_realworld_16816,Luna,mme_realworld,text,1,0,KEEP,True,V2
F03965,worldbench_0021,Luna,worldbench,natural,1,0,KEEP,True,V2
F03966,mme_realworld_10574,Luna,mme_realworld,chart_table,1,0,KEEP,True,V2
F03967,visreason_c4_64,Astra,visreason,visual_puzzle,1,0,KEEP,True,V2
F03968,mmmu_pro_std_test_Clinical_Medicine_189,Sol 5.6,mmmu_pro,academic,1,0,KEEP,True,V2
F03969,mmmu_pro_std_test_Electronics_141,Luna,mmmu_pro,academic,1,0,KEEP,True,V2
F03970,mme_realworld_09725,Sol 5.6,mme_realworld,chart_table,1,0,KEEP,True,V2
F03971,mme_realworld_03433,Astra,mme_realworld,natural,1,0,KEEP,True,V2
F03972,worldbench_1996,Sol 5.6,worldbench,natural,1,0,KEEP,True,V2
F03973,mme_realworld_09362,Sol 5.6,mme_realworld,chart_table,1,0,KEEP,True,V2
F03974,mme_realworld_19070,Sol 5.6,mme_realworld,text,1,0,KEEP,True,V2
F03975,worldbench_0847,Luna,worldbench,natural,1,0,KEEP,True,V2
F03976,mme_realworld_07233,Luna,mme_realworld,chart_table,1,0,KEEP,True,V2
F03977,mme_realworld_14248,Sol 5.6,mme_realworld,text,1,0,KEEP,True,V2
F03978,mmmu_pro_std_test_Agriculture_183,Astra,mmmu_pro,academic,1,0,KEEP,True,V2
F03979,mme_realworld_01355,Astra,mme_realworld,natural,1,0,UNRESOLVED,False,V2
F03980,mme_realworld_16213,Luna,mme_realworld,count,1,0,KEEP,True,V2
F03981,mme_realworld_07072,Luna,mme_realworld,chart_table,1,0,KEEP,True,V2
F03982,mmmu_pro_std_test_Sociology_52,Sol 5.6,mmmu_pro,academic,1,0,KEEP,True,V2
F03983,mme_realworld_15453,Sol 5.6,mme_realworld,text,1,0,KEEP,True,V2
F03984,visreason_c10_1_14,Gemini,visreason,visual_puzzle,1,0,KEEP,True,V2
F03985,mmmu_pro_std_validation_Mechanical_Engineering_10,Luna,mmmu_pro,academic,1,0,KEEP,True,V2
F03986,mme_realworld_lite_20547,Sol 5.6,mme_realworld,natural,1,0,KEEP,True,V2
F03987,mme_realworld_18040,Luna,mme_realworld,text,1,0,KEEP,True,V2
F03988,mme_realworld_11178,Luna,mme_realworld,natural,1,0,KEEP,True,V2
F03989,mme_realworld_07818,Luna,mme_realworld,chart_table,1,0,KEEP,True,V2
F03990,mme_realworld_23587,Sol 5.6,mme_realworld,natural,1,0,KEEP,True,V2
F03991,mme_realworld_16236,Sol 5.6,mme_realworld,text,1,0,KEEP,True,V2
F03992,mmmu_pro_std_test_Biology_249,Luna,mmmu_pro,academic,1,0,KEEP,True,V2
F03993,mme_realworld_07663,Sol 5.6,mme_realworld,chart_table,1,0,KEEP,True,V2
F03994,mmmu_pro_std_test_Sociology_176,GLM,mmmu_pro,academic,1,0,KEEP,True,V2
F03995,mme_realworld_09950,Luna,mme_realworld,chart_table,1,0,KEEP,True,V2
F03996,mme_realworld_18038,Sol 5.6,mme_realworld,text,1,0,KEEP,True,V2
F03997,mme_realworld_05128,Luna,mme_realworld,chart_table,1,0,KEEP,True,V2
F03998,mme_realworld_07673,Luna,mme_realworld,chart_table,1,0,KEEP,True,V2
F03999,visreason_c6_31,Sol 5.6,visreason,visual_puzzle,1,0,KEEP,True,V2
F04000,mme_realworld_08830,Sol 5.6,mme_realworld,chart_table,1,0,KEEP,True,V2
F04001,mme_realworld_12590,Sol 5.6,mme_realworld,natural,1,0,KEEP,True,V2
F04002,mme_realworld_17787,Luna,mme_realworld,text,1,0,KEEP,True,V2
F04003,mmmu_pro_std_validation_Art_Theory_28,Grok,mmmu_pro,academic,1,0,KEEP,True,V2
F04004,mmmu_pro_std_test_Chemistry_96,Sol 5.6,mmmu_pro,academic,1,0,KEEP,True,V2
F04005,mmmu_pro_std_validation_Finance_15,Luna,mmmu_pro,academic,1,0,KEEP,True,V2
F04006,mmmu_pro_std_test_Finance_313,Gemini,mmmu_pro,academic,1,0,WEAK,False,V2
F04007,mme_realworld_lite_19487,Luna,mme_realworld,text,1,0,KEEP,True,V2
F04008,mmmu_pro_std_test_Economics_182,Luna,mmmu_pro,academic,1,0,KEEP,True,V2
F04009,mme_realworld_06473,Sol 5.6,mme_realworld,chart_table,1,0,KEEP,True,V2
F04010,worldbench_1963,Gemini,worldbench,natural,1,0,KEEP,True,V2
F04011,mme_realworld_01787,Astra,mme_realworld,natural,1,0,UNRESOLVED,False,V2
F04012,mme_realworld_19893,Astra,mme_realworld,natural,1,0,KEEP,True,V2
F04013,mmmu_pro_std_test_Literature_7,Luna,mmmu_pro,academic,1,0,KEEP,True,V2
F04014,visreason_c10_115,Astra,visreason,visual_puzzle,1,0,UNRESOLVED,False,V2
F04015,worldbench_1910,GLM,worldbench,natural,1,0,KEEP,True,V2
F04016,worldbench_1597,Luna,worldbench,chart_table,1,0,KEEP,True,V2
F04017,mme_realworld_10832,Luna,mme_realworld,chart_table,1,0,UNRESOLVED,False,V2
F04018,mme_realworld_07038,Gemini,mme_realworld,chart_table,1,0,KEEP,True,V2
F04019,visreason_c9_241,GLM,visreason,visual_puzzle,1,0,KEEP,True,V2
F04020,visreason_c8_136,Gemini,visreason,visual_puzzle,1,0,KEEP,True,V2
F04021,mme_realworld_17259,Luna,mme_realworld,text,1,0,KEEP,True,V2
F04022,mme_realworld_12514,K3,mme_realworld,natural,1,0,KEEP,True,V2
F04023,visreason_c10_216,Astra,visreason,visual_puzzle,1,0,KEEP,True,V2
F04024,worldbench_1969,Luna,worldbench,natural,1,0,KEEP,True,V2
F04025,visreason_c8_91,Sol 5.6,visreason,visual_puzzle,1,0,KEEP,True,V2
F04026,mme_realworld_06646,Astra,mme_realworld,chart_table,1,0,KEEP,True,V2
F04027,visreason_c10_306,Sol 5.6,visreason,visual_puzzle,1,0,KEEP,True,V2
F04028,mme_realworld_06249,Luna,mme_realworld,chart_table,1,0,KEEP,True,V2
F04029,mmmu_pro_std_test_Chemistry_366,Sol 5.6,mmmu_pro,academic,1,0,KEEP,True,V2
F04030,mmmu_pro_std_validation_Accounting_24,GLM,mmmu_pro,academic,1,0,UNRESOLVED,False,V2
F04031,worldbench_0747,Sol 5.6,worldbench,natural,1,0,KEEP,True,V2
F04032,visreason_c3_5_5,Sol 5.6,visreason,visual_puzzle,1,0,BAD,False,V2
F04033,mme_realworld_14725,Astra,mme_realworld,text,1,0,KEEP,True,V2
F04034,mme_realworld_14424,Sol 5.6,mme_realworld,text,1,0,KEEP,True,V2
F04035,visreason_c10_123,GLM,visreason,visual_puzzle,1,0,KEEP,True,V2
F04036,mme_realworld_09223,Luna,mme_realworld,chart_table,1,0,KEEP,True,V2
F04037,mme_realworld_13865,Sol 5.6,mme_realworld,text,1,0,KEEP,True,V2
F04038,mme_realworld_05998,Luna,mme_realworld,chart_table,1,0,KEEP,True,V2
F04039,visreason_c4_17,Gemini,visreason,visual_puzzle,1,0,WEAK,False,V2
F04040,mme_realworld_09481,Sol 5.6,mme_realworld,chart_table,1,0,KEEP,True,V2
F04041,mme_realworld_22716,Sol 5.6,mme_realworld,natural,1,0,KEEP,True,V2
F04042,mme_realworld_05679,Luna,mme_realworld,chart_table,1,0,KEEP,True,V2
F04043,mme_realworld_07404,Luna,mme_realworld,chart_table,1,0,KEEP,True,V2
F04044,mme_realworld_15360,Sol 5.6,mme_realworld,text,1,0,KEEP,True,V2
F04045,mme_realworld_00524,Sol 5.6,mme_realworld,natural,1,0,KEEP,True,V2
F04046,mme_realworld_19829,Luna,mme_realworld,text,1,0,KEEP,True,V2
F04047,mme_realworld_06573,Sol 5.6,mme_realworld,chart_table,1,0,KEEP,True,V2
F04048,mme_realworld_09296,Luna,mme_realworld,chart_table,1,0,KEEP,True,V2
F04049,worldbench_0989,Sol 5.6,worldbench,natural,1,0,KEEP,True,V2
F04050,worldbench_1413,Luna,worldbench,natural,1,0,KEEP,True,V2
F04051,mme_realworld_08657,Luna,mme_realworld,chart_table,1,0,KEEP,True,V2
F04052,mme_realworld_17272,Astra,mme_realworld,text,1,0,KEEP,True,V2
F04053,mme_realworld_16306,Sol 5.6,mme_realworld,text,1,0,KEEP,True,V2
F04054,mmmu_pro_std_validation_Architecture_and_Engineering_13,Sol 5.6,mmmu_pro,academic,1,0,KEEP,True,V2
F04055,mme_realworld_08151,Luna,mme_realworld,chart_table,1,0,KEEP,True,V2
F04056,mmmu_pro_std_test_Basic_Medical_Science_262,Gemini,mmmu_pro,academic,1,0,KEEP,True,V2
F04057,visreason_c4_364,Astra,visreason,visual_puzzle,1,0,KEEP,True,V2
F04058,mme_realworld_07063,Sol 5.6,mme_realworld,chart_table,1,0,KEEP,True,V2
F04059,worldbench_1610,Sol 5.6,worldbench,chart_table,1,0,KEEP,True,V2
F04060,mme_realworld_16036,Luna,mme_realworld,text,1,0,KEEP,True,V2
F04061,mme_realworld_12717,Luna,mme_realworld,natural,1,0,KEEP,True,V2
F04062,mme_realworld_12529,Luna,mme_realworld,natural,1,0,KEEP,True,V2
F04063,mmmu_pro_std_validation_Agriculture_27,Grok,mmmu_pro,academic,1,0,KEEP,True,V2
F04064,worldbench_1959,Sol 5.6,worldbench,natural,1,0,KEEP,True,V2
F04065,mme_realworld_09863,Luna,mme_realworld,chart_table,1,0,KEEP,True,V2
F04066,mme_realworld_06205,Sol 5.6,mme_realworld,chart_table,1,0,KEEP,True,V2
F04067,mme_realworld_11528,Astra,mme_realworld,natural,1,0,KEEP,True,V2
F04068,worldbench_0831,Astra,worldbench,natural,1,0,KEEP,True,V2
F04069,mme_realworld_10959,Luna,mme_realworld,natural,1,0,KEEP,True,V2
F04070,worldbench_0043,Sol 5.6,worldbench,natural,1,0,KEEP,True,V2
F04071,mmmu_pro_std_test_Computer_Science_184,Luna,mmmu_pro,academic,1,0,KEEP,True,V2
F04072,mme_realworld_10323,Sol 5.6,mme_realworld,chart_table,1,0,KEEP,True,V2
F04073,mme_realworld_09565,Sol 5.6,mme_realworld,chart_table,1,0,KEEP,True,V2
F04074,mme_realworld_10383,Astra,mme_realworld,chart_table,1,0,KEEP,True,V2
F04075,mmmu_pro_std_test_Energy_and_Power_16,Grok,mmmu_pro,academic,1,0,KEEP,True,V2
F04076,visreason_c9_2,Luna,visreason,visual_puzzle,1,0,KEEP,True,V2
F04077,mme_realworld_15677,Luna,mme_realworld,text,1,0,KEEP,True,V2
F04078,mme_realworld_07527,Sol 5.6,mme_realworld,chart_table,1,0,KEEP,True,V2
F04079,mmmu_pro_std_validation_Art_29,GLM,mmmu_pro,academic,1,0,KEEP,True,V2
F04080,mme_realworld_06118,Sol 5.6,mme_realworld,chart_table,1,0,KEEP,True,V2
F04081,mme_realworld_15710,Luna,mme_realworld,text,1,0,KEEP,True,V2
F04082,mme_realworld_09666,Luna,mme_realworld,chart_table,1,0,WEAK,False,V2
F04083,mmmu_pro_std_test_Finance_247,Sol 5.6,mmmu_pro,academic,1,0,KEEP,True,V2
F04084,mmmu_pro_std_validation_Marketing_28,Gemini,mmmu_pro,academic,1,0,KEEP,True,V2
F04085,visreason_c6_3,Sol 5.6,visreason,visual_puzzle,1,0,KEEP,True,V2
F04086,mmmu_pro_std_test_Materials_239,GLM,mmmu_pro,academic,1,0,KEEP,True,V2
F04087,mme_realworld_17126,Sol 5.6,mme_realworld,text,1,0,KEEP,True,V2
F04088,mme_realworld_02862,Gemini,mme_realworld,count,1,0,KEEP,True,V2
F04089,worldbench_0840,Astra,worldbench,count,1,0,KEEP,True,V2
F04090,mmmu_pro_std_test_Accounting_279,Luna,mmmu_pro,academic,1,0,KEEP,True,V2
F04091,mme_realworld_04680,Astra,mme_realworld,natural,1,0,KEEP,True,V2
F04092,worldbench_0257,Sol 5.6,worldbench,natural,1,0,KEEP,True,V2
F04093,mme_realworld_10280,Sol 5.6,mme_realworld,chart_table,1,0,KEEP,True,V2
F04094,worldbench_0930,Sol 5.6,worldbench,natural,1,0,KEEP,True,V2
F04095,mmmu_pro_std_test_History_82,Luna,mmmu_pro,academic,1,0,KEEP,True,V2
F04096,mme_realworld_10446,Luna,mme_realworld,chart_table,1,0,KEEP,True,V2
F04097,visreason_c8_18,GLM,visreason,visual_puzzle,1,0,KEEP,True,V2
F04098,worldbench_0069,Sol 5.6,worldbench,natural,1,0,KEEP,True,V2
F04099,mme_realworld_01656,Astra,mme_realworld,natural,1,0,UNRESOLVED,False,V2
F04100,mme_realworld_lite_18133,Luna,mme_realworld,text,1,0,KEEP,True,V2
F04101,mme_realworld_10699,Luna,mme_realworld,chart_table,1,0,KEEP,True,V2
F04102,visreason_c3_51,Sol 5.6,visreason,visual_puzzle,1,0,KEEP,True,V2
F04103,visreason_c8_73,Sol 5.6,visreason,visual_puzzle,1,0,KEEP,True,V2
F04104,mme_realworld_16744,Astra,mme_realworld,text,1,0,KEEP,True,V2
F04105,mmmu_pro_std_test_Finance_62,Luna,mmmu_pro,academic,1,0,KEEP,True,V2
F04106,mme_realworld_16132,Luna,mme_realworld,text,1,0,KEEP,True,V2
F04107,mmmu_pro_std_test_Computer_Science_70,Sol 5.6,mmmu_pro,academic,1,0,KEEP,True,V2
F04108,mme_realworld_02204,Luna,mme_realworld,natural,1,0,KEEP,True,V2
F04109,mmmu_pro_std_test_Art_Theory_168,Sol 5.6,mmmu_pro,academic,1,0,KEEP,True,V2
F04110,worldbench_1812,Gemini,worldbench,count,1,0,KEEP,True,V2
F04111,visreason_c9_175,Gemini,visreason,visual_puzzle,1,0,KEEP,True,V2
F04112,mme_realworld_08315,Sol 5.6,mme_realworld,chart_table,1,0,KEEP,True,V2
F04113,mmmu_pro_std_test_Psychology_21,Sol 5.6,mmmu_pro,academic,1,0,KEEP,True,V2
F04114,mme_realworld_08762,Sol 5.6,mme_realworld,chart_table,1,0,KEEP,True,V2
F04115,mme_realworld_23504,Astra,mme_realworld,natural,1,0,KEEP,True,V2
F04116,mmmu_pro_std_test_Physics_85,Sol 5.6,mmmu_pro,academic,1,0,KEEP,True,V2
F04117,worldbench_0149,Sol 5.6,worldbench,natural,1,0,KEEP,True,V2
F04118,mme_realworld_07303,Luna,mme_realworld,chart_table,1,0,KEEP,True,V2
F04119,mme_realworld_17064,Sol 5.6,mme_realworld,text,1,0,KEEP,True,V2
F04120,visreason_c3_5_8,Sol 5.6,visreason,visual_puzzle,1,0,KEEP,True,V2
F04121,worldbench_1226,GLM,worldbench,natural,1,0,KEEP,True,V2
F04122,visreason_c9_8_10,Sol 5.6,visreason,visual_puzzle,1,0,UNRESOLVED,False,V2
F04123,mme_realworld_18022,Sol 5.6,mme_realworld,text,1,0,KEEP,True,V2
F04124,mme_realworld_18152,Sol 5.6,mme_realworld,text,1,0,KEEP,True,V2
F04125,visreason_c4_403,Astra,visreason,visual_puzzle,1,0,KEEP,True,V2
F04126,mme_realworld_10840,Luna,mme_realworld,chart_table,1,0,KEEP,True,V2
F04127,mmmu_pro_std_test_Marketing_64,Luna,mmmu_pro,academic,1,0,KEEP,True,V2
F04128,mme_realworld_07691,Luna,mme_realworld,chart_table,1,0,KEEP,True,V2
F04129,mme_realworld_15758,Luna,mme_realworld,text,1,0,KEEP,True,V2
F04130,worldbench_1363,Sol 5.6,worldbench,natural,1,0,KEEP,True,V2
F04131,mme_realworld_15064,Luna,mme_realworld,text,1,0,KEEP,True,V2
F04132,worldbench_1815,Sol 5.6,worldbench,count,1,0,KEEP,True,V2
F04133,mme_realworld_05989,Gemini,mme_realworld,chart_table,1,0,KEEP,True,V2
F04134,mme_realworld_19026,Luna,mme_realworld,text,1,0,KEEP,True,V2
F04135,mme_realworld_06502,Luna,mme_realworld,chart_table,1,0,KEEP,True,V2
F04136,mmmu_pro_std_test_Marketing_62,Grok,mmmu_pro,academic,1,0,KEEP,True,V2
F04137,visreason_c10_7_4,Sol 5.6,visreason,visual_puzzle,1,0,UNRESOLVED,False,V2
F04138,mme_realworld_02911,Luna,mme_realworld,count,1,0,KEEP,True,V2
F04139,mmmu_pro_std_validation_Energy_and_Power_10,Grok,mmmu_pro,academic,1,0,KEEP,True,V2
F04140,mmmu_pro_std_test_Electronics_172,Luna,mmmu_pro,academic,1,0,KEEP,True,V2
F04141,mmmu_pro_std_test_Manage_234,Sol 5.6,mmmu_pro,academic,1,0,KEEP,True,V2
F04142,worldbench_1685,Luna,worldbench,count,1,0,KEEP,True,V2
F04143,mme_realworld_06439,Astra,mme_realworld,chart_table,1,0,KEEP,True,V2
F04144,mme_realworld_09640,Luna,mme_realworld,chart_table,1,0,KEEP,True,V2
F04145,mmmu_pro_std_validation_Literature_22,Luna,mmmu_pro,academic,1,0,KEEP,True,V2
F04146,mme_realworld_20359,Astra,mme_realworld,natural,1,0,KEEP,True,V2
F04147,mme_realworld_05943,Gemini,mme_realworld,chart_table,1,0,KEEP,True,V2
F04148,mme_realworld_10899,Gemini,mme_realworld,chart_table,1,0,KEEP,True,V2
F04149,worldbench_1712,Luna,worldbench,academic,1,0,KEEP,True,V2
F04150,mmmu_pro_std_test_Biology_59,Sol 5.6,mmmu_pro,academic,1,0,KEEP,True,V2
F04151,mme_realworld_10001,Luna,mme_realworld,chart_table,1,0,KEEP,True,V2
F04152,visreason_c8_45,Astra,visreason,visual_puzzle,1,0,KEEP,True,V2
F04153,mmmu_pro_std_test_Economics_66,Luna,mmmu_pro,academic,1,0,KEEP,True,V2
F04154,visreason_c10_137,Astra,visreason,visual_puzzle,1,0,KEEP,True,V2
F04155,mme_realworld_05202,Luna,mme_realworld,chart_table,1,0,KEEP,True,V2
F04156,mme_realworld_19717,Sol 5.6,mme_realworld,text,1,0,KEEP,True,V2
F04157,mmmu_pro_std_validation_Agriculture_10,Luna,mmmu_pro,academic,1,0,KEEP,True,V2
F04158,mme_realworld_05763,Luna,mme_realworld,chart_table,1,0,KEEP,True,V2
F04159,mme_realworld_10167,Luna,mme_realworld,chart_table,1,0,KEEP,True,V2
F04160,mme_realworld_16204,Sol 5.6,mme_realworld,text,1,0,KEEP,True,V2
F04161,mme_realworld_17351,Luna,mme_realworld,text,1,0,KEEP,True,V2
F04162,mme_realworld_06872,Astra,mme_realworld,chart_table,1,0,KEEP,True,V2
F04163,mme_realworld_05857,Luna,mme_realworld,chart_table,1,0,KEEP,True,V2
F04164,mmmu_pro_std_test_Manage_228,Luna,mmmu_pro,academic,1,0,KEEP,True,V2
F04165,mmmu_pro_std_validation_Finance_7,Sol 5.6,mmmu_pro,academic,1,0,KEEP,True,V2
F04166,mme_realworld_05132,Luna,mme_realworld,chart_table,1,0,KEEP,True,V2
F04167,mmmu_pro_std_test_Agriculture_217,Sol 5.6,mmmu_pro,academic,1,0,KEEP,True,V2
F04168,mme_realworld_05852,Sol 5.6,mme_realworld,chart_table,1,0,KEEP,True,V2
F04169,mme_realworld_19066,Sol 5.6,mme_realworld,text,1,0,KEEP,True,V2
F04170,mme_realworld_06683,Sol 5.6,mme_realworld,chart_table,1,0,KEEP,True,V2
F04171,mme_realworld_11607,Luna,mme_realworld,natural,1,0,KEEP,True,V2
F04172,mme_realworld_10849,Luna,mme_realworld,chart_table,1,0,KEEP,True,V2
F04173,mme_realworld_08731,Luna,mme_realworld,chart_table,1,0,KEEP,True,V2
F04174,mme_realworld_05360,Luna,mme_realworld,chart_table,1,0,KEEP,True,V2
F04175,mme_realworld_19454,Luna,mme_realworld,text,1,0,KEEP,True,V2
F04176,visreason_c10_9_7,Sol 5.6,visreason,visual_puzzle,1,0,KEEP,True,V2
F04177,mme_realworld_10213,Luna,mme_realworld,chart_table,1,0,KEEP,True,V2
F04178,mme_realworld_09429,Luna,mme_realworld,chart_table,1,0,KEEP,True,V2
F04179,mme_realworld_18772,Sol 5.6,mme_realworld,text,1,0,KEEP,True,V2
F04180,mme_realworld_01530,Luna,mme_realworld,natural,1,0,KEEP,True,V2
F04181,mme_realworld_05788,Luna,mme_realworld,chart_table,1,0,KEEP,True,V2
F04182,worldbench_1494,Luna,worldbench,natural,1,0,KEEP,True,V2
F04183,mmmu_pro_std_test_Accounting_312,Sol 5.6,mmmu_pro,academic,1,0,KEEP,True,V2
F04184,mmmu_pro_std_test_Economics_102,Sol 5.6,mmmu_pro,academic,1,0,KEEP,True,V2
F04185,mme_realworld_19508,Luna,mme_realworld,text,1,0,KEEP,True,V2
F04186,mme_realworld_20353,Astra,mme_realworld,natural,1,0,KEEP,True,V2
F04187,mme_realworld_17988,Luna,mme_realworld,text,1,0,KEEP,True,V2
F04188,mmmu_pro_std_test_Physics_292,Luna,mmmu_pro,academic,1,0,KEEP,True,V2
F04189,mmmu_pro_std_test_Art_Theory_208,Luna,mmmu_pro,academic,1,0,KEEP,True,V2
F04190,mme_realworld_09297,Luna,mme_realworld,chart_table,1,0,KEEP,True,V2
F04191,mme_realworld_10478,Gemini,mme_realworld,chart_table,1,0,KEEP,True,V2
F04192,mme_realworld_06635,Luna,mme_realworld,chart_table,1,0,KEEP,True,V2
F04193,mme_realworld_07503,Luna,mme_realworld,chart_table,1,0,KEEP,True,V2
F04194,mme_realworld_12466,Luna,mme_realworld,natural,1,0,KEEP,True,V2
F04195,mmmu_pro_std_validation_Public_Health_1,Luna,mmmu_pro,academic,1,0,WEAK,False,V2
F04196,mme_realworld_17290,Sol 5.6,mme_realworld,text,1,0,KEEP,True,V2
F04197,mme_realworld_13791,Luna,mme_realworld,text,1,0,KEEP,True,V2
F04198,mme_realworld_14090,Luna,mme_realworld,text,1,0,KEEP,True,V2
F04199,mme_realworld_05367,Luna,mme_realworld,chart_table,1,0,KEEP,True,V2
F04200,mmmu_pro_std_test_Psychology_15,Luna,mmmu_pro,academic,1,0,KEEP,True,V2
F04201,mme_realworld_07412,Luna,mme_realworld,chart_table,1,0,KEEP,True,V2
F04202,mme_realworld_10091,Luna,mme_realworld,chart_table,1,0,KEEP,True,V2
F04203,mme_realworld_03315,Luna,mme_realworld,natural,1,0,WEAK,False,V2
F04204,mme_realworld_17181,Sol 5.6,mme_realworld,text,1,0,KEEP,True,V2
F04205,mmmu_pro_std_test_History_16,Sol 5.6,mmmu_pro,academic,1,0,KEEP,True,V2
F04206,mmmu_pro_std_test_Sociology_168,Sol 5.6,mmmu_pro,academic,1,0,KEEP,True,V2
F04207,mmmu_pro_std_validation_Economics_8,Luna,mmmu_pro,academic,1,0,KEEP,True,V2
F04208,mme_realworld_15717,Sol 5.6,mme_realworld,text,1,0,KEEP,True,V2
F04209,worldbench_0956,GLM,worldbench,natural,1,0,KEEP,True,V2
F04210,mme_realworld_06844,Luna,mme_realworld,chart_table,1,0,KEEP,True,V2
F04211,visreason_c6_6,Sol 5.6,visreason,visual_puzzle,1,0,KEEP,True,V2
F04212,mme_realworld_10746,Luna,mme_realworld,chart_table,1,0,KEEP,True,V2
F04213,worldbench_1567,GLM,worldbench,chart_table,1,0,KEEP,True,V2
F04214,mme_realworld_08859,Luna,mme_realworld,chart_table,1,0,KEEP,True,V2
F04215,mmmu_pro_std_validation_Architecture_and_Engineering_28,Sol 5.6,mmmu_pro,academic,1,0,KEEP,True,V2
F04216,worldbench_0366,Astra,worldbench,natural,1,0,KEEP,True,V2
F04217,mme_realworld_08722,Sol 5.6,mme_realworld,chart_table,1,0,KEEP,True,V2
F04218,mme_realworld_08570,Sol 5.6,mme_realworld,chart_table,1,0,KEEP,True,V2
F04219,mme_realworld_22431,Sol 5.6,mme_realworld,natural,1,0,KEEP,True,V2
F04220,mmmu_pro_std_validation_Mechanical_Engineering_20,Luna,mmmu_pro,academic,1,0,KEEP,True,V2
F04221,mme_realworld_05616,Luna,mme_realworld,chart_table,1,0,KEEP,True,V2
F04222,mme_realworld_06685,Luna,mme_realworld,chart_table,1,0,KEEP,True,V2
F04223,worldbench_0908,Luna,worldbench,natural,1,0,KEEP,True,V2
F04224,mme_realworld_09986,Luna,mme_realworld,chart_table,1,0,KEEP,True,V2
F04225,mmmu_pro_std_test_Clinical_Medicine_126,Astra,mmmu_pro,academic,1,0,KEEP,True,V2
F04226,vs_033,Sol 5.6,vstar,natural,1,0,KEEP,True,V2
F04227,mme_realworld_13243,Sol 5.6,mme_realworld,natural,1,0,UNRESOLVED,False,V2
F04228,mme_realworld_09289,Gemini,mme_realworld,chart_table,1,0,KEEP,True,V2
F04229,mme_realworld_08336,Gemini,mme_realworld,chart_table,1,0,KEEP,True,V2
F04230,worldbench_0542,Grok,worldbench,natural,1,0,KEEP,True,V2
F04231,mmmu_pro_std_test_Energy_and_Power_68,Luna,mmmu_pro,academic,1,0,KEEP,True,V2
F04232,mmmu_pro_std_test_Mechanical_Engineering_396,Sol 5.6,mmmu_pro,academic,1,0,KEEP,True,V2
F04233,mme_realworld_10925,Luna,mme_realworld,chart_table,1,0,KEEP,True,V2
F04234,visreason_c10_340,Sol 5.6,visreason,visual_puzzle,1,0,KEEP,True,V2
F04235,worldbench_1929,Sol 5.6,worldbench,natural,1,0,KEEP,True,V2
F04236,visreason_c10_426,Sol 5.6,visreason,visual_puzzle,1,0,KEEP,True,V2
F04237,mmmu_pro_std_test_Art_Theory_256,Luna,mmmu_pro,academic,1,0,KEEP,True,V2
F04238,mmmu_pro_std_test_Art_117,Astra,mmmu_pro,academic,1,0,UNRESOLVED,False,V2
F04239,mme_realworld_08852,Luna,mme_realworld,chart_table,1,0,KEEP,True,V2
F04240,mme_realworld_11604,Astra,mme_realworld,natural,1,0,KEEP,True,V2
F04241,mme_realworld_lite_23201,Luna,mme_realworld,natural,1,0,KEEP,True,V2
F04242,mmmu_pro_std_test_Literature_96,Luna,mmmu_pro,academic,1,0,KEEP,True,V2
F04243,worldbench_1515,GLM,worldbench,chart_table,1,0,KEEP,True,V2
F04244,mme_realworld_22675,Luna,mme_realworld,natural,1,0,KEEP,True,V2
F04245,worldbench_1095,Astra,worldbench,natural,1,0,KEEP,True,V2
F04246,mmmu_pro_std_test_Mechanical_Engineering_81,Sol 5.6,mmmu_pro,academic,1,0,KEEP,True,V2
F04247,mme_realworld_07364,Gemini,mme_realworld,chart_table,1,0,KEEP,True,V2
F04248,mme_realworld_23048,Luna,mme_realworld,natural,1,0,KEEP,True,V2
F04249,worldbench_1750,Sol 5.6,worldbench,count,1,0,KEEP,True,V2
F04250,mmmu_pro_std_test_Public_Health_388,GLM,mmmu_pro,academic,1,0,KEEP,True,V2
F04251,visreason_c3_29,Astra,visreason,visual_puzzle,1,0,KEEP,True,V2
F04252,mme_realworld_10621,Luna,mme_realworld,chart_table,1,0,KEEP,True,V2
F04253,mme_realworld_lite_17940,Luna,mme_realworld,text,1,0,KEEP,True,V2
F04254,mme_realworld_07342,Luna,mme_realworld,chart_table,1,0,KEEP,True,V2
F04255,mme_realworld_09327,Astra,mme_realworld,chart_table,1,0,KEEP,True,V2
F04256,worldbench_1012,Luna,worldbench,count,1,0,KEEP,True,V2
F04257,worldbench_0046,Sol 5.6,worldbench,natural,1,0,KEEP,True,V2
F04258,mmmu_pro_std_validation_Accounting_10,Sol 5.6,mmmu_pro,academic,1,0,KEEP,True,V2
F04259,mme_realworld_10495,Luna,mme_realworld,chart_table,1,0,KEEP,True,V2
F04260,mme_realworld_23377,Luna,mme_realworld,natural,1,0,KEEP,True,V2
F04261,mme_realworld_05377,Astra,mme_realworld,chart_table,1,0,KEEP,True,V2
F04262,mme_realworld_15188,Astra,mme_realworld,text,1,0,KEEP,True,V2
F04263,mmmu_pro_std_test_Public_Health_28,Sol 5.6,mmmu_pro,academic,1,0,UNRESOLVED,False,V2
F04264,mme_realworld_18765,Sol 5.6,mme_realworld,text,1,0,KEEP,True,V2
F04265,mme_realworld_07877,Sol 5.6,mme_realworld,chart_table,1,0,KEEP,True,V2
F04266,mme_realworld_18474,Astra,mme_realworld,text,1,0,KEEP,True,V2
F04267,mme_realworld_06223,Luna,mme_realworld,chart_table,1,0,KEEP,True,V2
F04268,mmmu_pro_std_test_Electronics_67,Luna,mmmu_pro,academic,1,0,KEEP,True,V2
F04269,visreason_c5_200,Astra,visreason,visual_puzzle,1,0,UNRESOLVED,False,V2
F04270,mme_realworld_10896,Sol 5.6,mme_realworld,chart_table,1,0,KEEP,True,V2
F04271,worldbench_0616,Astra,worldbench,natural,1,0,KEEP,True,V2
F04272,mme_realworld_09303,Luna,mme_realworld,chart_table,1,0,KEEP,True,V2
F04273,mmmu_pro_std_test_Economics_195,Sol 5.6,mmmu_pro,academic,1,0,KEEP,True,V2
F04274,mme_realworld_16189,Luna,mme_realworld,count,1,0,KEEP,True,V2
F04275,mme_realworld_07603,Sol 5.6,mme_realworld,chart_table,1,0,KEEP,True,V2
F04276,mme_realworld_09885,Luna,mme_realworld,chart_table,1,0,KEEP,True,V2
F04277,mme_realworld_10788,Luna,mme_realworld,chart_table,1,0,KEEP,True,V2
F04278,mme_realworld_16148,Sol 5.6,mme_realworld,text,1,0,KEEP,True,V2
F04279,worldbench_0200,Sol 5.6,worldbench,natural,1,0,KEEP,True,V2
F04280,mme_realworld_08046,Luna,mme_realworld,chart_table,1,0,KEEP,True,V2
F04281,visreason_c9_2_5,Luna,visreason,visual_puzzle,1,0,KEEP,True,V2
F04282,mme_realworld_13850,Sol 5.6,mme_realworld,text,1,0,KEEP,True,V2
F04283,mme_realworld_10242,Sol 5.6,mme_realworld,chart_table,1,0,KEEP,True,V2
F04284,mme_realworld_16554,Luna,mme_realworld,text,1,0,KEEP,True,V2
F04285,mme_realworld_13041,Luna,mme_realworld,natural,1,0,KEEP,True,V2
F04286,mme_realworld_11558,Luna,mme_realworld,natural,1,0,KEEP,True,V2
F04287,mme_realworld_08405,Luna,mme_realworld,chart_table,1,0,KEEP,True,V2
F04288,mmmu_pro_std_test_Public_Health_331,Luna,mmmu_pro,academic,1,0,KEEP,True,V2
F04289,mme_realworld_16098,Luna,mme_realworld,count,1,0,KEEP,True,V2
F04290,mmmu_pro_std_test_Marketing_112,Sol 5.6,mmmu_pro,academic,1,0,KEEP,True,V2
F04291,mme_realworld_00045,Astra,mme_realworld,natural,1,0,KEEP,True,V2
F04292,mme_realworld_15527,Sol 5.6,mme_realworld,text,1,0,KEEP,True,V2
F04293,mmmu_pro_std_validation_Music_30,Gemini,mmmu_pro,academic,1,0,KEEP,True,V2
F04294,mmmu_pro_std_validation_Accounting_11,Luna,mmmu_pro,academic,1,0,KEEP,True,V2
F04295,mme_realworld_04641,Astra,mme_realworld,natural,1,0,KEEP,True,V2
F04296,mmmu_pro_std_test_Public_Health_199,Sol 5.6,mmmu_pro,academic,1,0,KEEP,True,V2
F04297,mmmu_pro_std_test_Sociology_83,Grok,mmmu_pro,academic,1,0,KEEP,True,V2
F04298,mme_realworld_05778,Sol 5.6,mme_realworld,chart_table,1,0,KEEP,True,V2
F04299,mme_realworld_lite_19791,Sol 5.6,mme_realworld,text,1,0,KEEP,True,V2
F04300,mmmu_pro_std_validation_Sociology_4,Luna,mmmu_pro,academic,1,0,KEEP,True,V2
F04301,mme_realworld_09016,Astra,mme_realworld,chart_table,1,0,KEEP,True,V2
F04302,visreason_c9_249,Sol 5.6,visreason,visual_puzzle,1,0,KEEP,True,V2
F04303,mme_realworld_14670,Gemini,mme_realworld,count,1,0,KEEP,True,V2
F04304,mme_realworld_19128,Sol 5.6,mme_realworld,text,1,0,KEEP,True,V2
F04305,visreason_c5_46,Sol 5.6,visreason,visual_puzzle,1,0,UNRESOLVED,False,V2
F04306,mme_realworld_20981,Astra,mme_realworld,natural,1,0,KEEP,True,V2
F04307,worldbench_0793,Sol 5.6,worldbench,natural,1,0,KEEP,True,V2
F04308,mme_realworld_05534,Luna,mme_realworld,chart_table,1,0,KEEP,True,V2
F04309,mme_realworld_15111,Sol 5.6,mme_realworld,text,1,0,KEEP,True,V2
F04310,mme_realworld_06168,Luna,mme_realworld,chart_table,1,0,KEEP,True,V2
F04311,mme_realworld_14785,Sol 5.6,mme_realworld,text,1,0,KEEP,True,V2
F04312,mmmu_pro_std_test_Electronics_137,Sol 5.6,mmmu_pro,academic,1,0,KEEP,True,V2
F04313,worldbench_1106,Luna,worldbench,count,1,0,KEEP,True,V2
F04314,visreason_c9_271,Sol 5.6,visreason,visual_puzzle,1,0,KEEP,True,V2
F04315,mme_realworld_18117,Sol 5.6,mme_realworld,text,1,0,KEEP,True,V2
F04316,mme_realworld_03250,Astra,mme_realworld,natural,1,0,KEEP,True,V2
F04317,mme_realworld_05818,Luna,mme_realworld,chart_table,1,0,KEEP,True,V2
F04318,mmmu_pro_std_test_Biology_334,Astra,mmmu_pro,academic,1,0,KEEP,True,V2
F04319,visreason_c6_53,Sol 5.6,visreason,visual_puzzle,1,0,UNRESOLVED,False,V2
F04320,worldbench_0862,Sol 5.6,worldbench,natural,1,0,KEEP,True,V2
F04321,worldbench_0559,Sol 5.6,worldbench,natural,1,0,KEEP,True,V2
F04322,mmmu_pro_std_test_Biology_259,Sol 5.6,mmmu_pro,academic,1,0,KEEP,True,V2
F04323,mmmu_pro_std_test_Art_67,Astra,mmmu_pro,academic,1,0,UNRESOLVED,False,V2
F04324,mme_realworld_lite_17777,Luna,mme_realworld,text,1,0,KEEP,True,V2
F04325,worldbench_1944,Luna,worldbench,natural,1,0,KEEP,True,V2
F04326,mmmu_pro_std_test_Marketing_155,GLM,mmmu_pro,academic,1,0,KEEP,True,V2
F04327,mme_realworld_10913,Astra,mme_realworld,chart_table,1,0,UNRESOLVED,False,V2
F04328,worldbench_1624,Sol 5.6,worldbench,chart_table,1,0,UNRESOLVED,False,V2
F04329,mme_realworld_06769,Luna,mme_realworld,chart_table,1,0,KEEP,True,V2
F04330,mme_realworld_10674,Sol 5.6,mme_realworld,chart_table,1,0,KEEP,True,V2
F04331,mme_realworld_17306,Sol 5.6,mme_realworld,text,1,0,KEEP,True,V2
F04332,mme_realworld_10146,Luna,mme_realworld,chart_table,1,0,KEEP,True,V2
F04333,mmmu_pro_std_test_Architecture_and_Engineering_336,Luna,mmmu_pro,academic,1,0,KEEP,True,V2
F04334,mme_realworld_11044,Sol 5.6,mme_realworld,natural,1,0,KEEP,True,V2
F04335,mmmu_pro_std_test_Music_123,Sol 5.6,mmmu_pro,academic,1,0,KEEP,True,V2
F04336,mme_realworld_17955,Astra,mme_realworld,text,1,0,KEEP,True,V2
F04337,mme_realworld_07430,Luna,mme_realworld,chart_table,1,0,KEEP,True,V2
F04338,mme_realworld_09310,Luna,mme_realworld,chart_table,1,0,KEEP,True,V2
F04339,mme_realworld_07203,Sol 5.6,mme_realworld,chart_table,1,0,KEEP,True,V2
F04340,mme_realworld_08862,Sol 5.6,mme_realworld,chart_table,1,0,KEEP,True,V2
F04341,worldbench_0914,Sol 5.6,worldbench,natural,1,0,KEEP,True,V2
F04342,mmmu_pro_std_test_Electronics_22,Gemini,mmmu_pro,academic,1,0,UNRESOLVED,False,V2
F04343,mmmu_pro_std_validation_Energy_and_Power_14,Sol 5.6,mmmu_pro,academic,1,0,KEEP,True,V2
F04344,worldbench_1907,Luna,worldbench,count,1,0,KEEP,True,V2
F04345,worldbench_1448,Luna,worldbench,natural,1,0,KEEP,True,V2
F04346,mme_realworld_05950,Luna,mme_realworld,chart_table,1,0,KEEP,True,V2
F04347,visreason_c10_377,Sol 5.6,visreason,visual_puzzle,1,0,KEEP,True,V2
F04348,mmmu_pro_std_test_Geography_150,Gemini,mmmu_pro,academic,1,0,KEEP,True,V2
F04349,mmmu_pro_std_test_Basic_Medical_Science_218,Gemini,mmmu_pro,academic,1,0,KEEP,True,V2
F04350,mme_realworld_00021,Astra,mme_realworld,natural,1,0,KEEP,True,V2
F04351,mme_realworld_05346,Luna,mme_realworld,chart_table,1,0,KEEP,True,V2
F04352,mmmu_pro_std_validation_Art_Theory_30,Luna,mmmu_pro,academic,1,0,KEEP,True,V2
F04353,mme_realworld_19601,Sol 5.6,mme_realworld,text,1,0,KEEP,True,V2
F04354,mmmu_pro_std_validation_Design_1,Sol 5.6,mmmu_pro,academic,1,0,KEEP,True,V2
F04355,mmmu_pro_std_test_Design_39,Luna,mmmu_pro,academic,1,0,KEEP,True,V2
F04356,mme_realworld_17651,Gemini,mme_realworld,text,1,0,UNRESOLVED,False,V2
F04357,visreason_c4_91,Luna,visreason,visual_puzzle,1,0,KEEP,True,V2
F04358,visreason_c10_77,GLM,visreason,visual_puzzle,1,0,KEEP,True,V2
F04359,visreason_c9_274,Astra,visreason,visual_puzzle,1,0,KEEP,True,V2
F04360,mmmu_pro_std_validation_Economics_28,Sol 5.6,mmmu_pro,academic,1,0,UNRESOLVED,False,V2
F04361,worldbench_1832,Sol 5.6,worldbench,academic,1,0,KEEP,True,V2
F04362,mme_realworld_07751,Sol 5.6,mme_realworld,chart_table,1,0,KEEP,True,V2
F04363,mme_realworld_06354,Sol 5.6,mme_realworld,chart_table,1,0,KEEP,True,V2
F04364,mmmu_pro_std_validation_Geography_18,Luna,mmmu_pro,academic,1,0,KEEP,True,V2
F04365,mmmu_pro_std_validation_Math_30,GLM,mmmu_pro,academic,1,0,KEEP,True,V2
F04366,mme_realworld_09038,Sol 5.6,mme_realworld,chart_table,1,0,KEEP,True,V2
F04367,mme_realworld_05214,Luna,mme_realworld,chart_table,1,0,KEEP,True,V2
F04368,mme_realworld_10798,Sol 5.6,mme_realworld,chart_table,1,0,KEEP,True,V2
F04369,mme_realworld_10708,Sol 5.6,mme_realworld,chart_table,1,0,KEEP,True,V2
F04370,visreason_c5_23,Sol 5.6,visreason,visual_puzzle,1,0,KEEP,True,V2
F04371,mme_realworld_10853,Luna,mme_realworld,chart_table,1,0,KEEP,True,V2
F04372,mmmu_pro_std_test_Energy_and_Power_378,Sol 5.6,mmmu_pro,academic,1,0,KEEP,True,V2
F04373,mme_realworld_13647,Luna,mme_realworld,text,1,0,KEEP,True,V2
F04374,visreason_c8_64,Sol 5.6,visreason,visual_puzzle,1,0,KEEP,True,V2
F04375,visreason_c5_99,Sol 5.6,visreason,visual_puzzle,1,0,UNRESOLVED,False,V2
F04376,mme_realworld_10579,Luna,mme_realworld,chart_table,1,0,KEEP,True,V2
F04377,mme_realworld_07283,Gemini,mme_realworld,chart_table,1,0,KEEP,True,V2
F04378,worldbench_1453,Sol 5.6,worldbench,natural,1,0,KEEP,True,V2
F04379,mme_realworld_09048,Luna,mme_realworld,chart_table,1,0,KEEP,True,V2
F04380,mme_realworld_00190,Astra,mme_realworld,natural,1,0,KEEP,True,V2
F04381,worldbench_1286,Astra,worldbench,natural,1,0,KEEP,True,V2
F04382,mme_realworld_07776,Luna,mme_realworld,chart_table,1,0,KEEP,True,V2
F04383,mme_realworld_02088,Luna,mme_realworld,natural,1,0,KEEP,True,V2
F04384,mme_realworld_23121,Luna,mme_realworld,natural,1,0,KEEP,True,V2
F04385,visreason_c10_10_9,GLM,visreason,visual_puzzle,1,0,UNRESOLVED,False,V2
F04386,vs_179,Sol 5.6,vstar,natural,1,0,KEEP,True,V2
F04387,worldbench_1137,Astra,worldbench,natural,1,0,KEEP,True,V2
F04388,mmmu_pro_std_validation_Psychology_6,Gemini,mmmu_pro,academic,1,0,KEEP,True,V2
F04389,mme_realworld_07167,Luna,mme_realworld,chart_table,1,0,KEEP,True,V2
F04390,mme_realworld_09027,Luna,mme_realworld,chart_table,1,0,KEEP,True,V2
F04391,mmmu_pro_std_validation_Finance_22,Luna,mmmu_pro,academic,1,0,KEEP,True,V2
F04392,mme_realworld_15745,Luna,mme_realworld,text,1,0,KEEP,True,V2
F04393,visreason_c9_339,Astra,visreason,visual_puzzle,1,0,KEEP,True,V2
F04394,mmmu_pro_std_test_Agriculture_271,Astra,mmmu_pro,academic,1,0,KEEP,True,V2
F04395,worldbench_1502,Sol 5.6,worldbench,chart_table,1,0,KEEP,True,V2
F04396,mme_realworld_19654,Luna,mme_realworld,count,1,0,KEEP,True,V2
F04397,mme_realworld_08404,Gemini,mme_realworld,chart_table,1,0,KEEP,True,V2
F04398,mme_realworld_09478,Luna,mme_realworld,chart_table,1,0,KEEP,True,V2
F04399,mme_realworld_08275,Sol 5.6,mme_realworld,chart_table,1,0,KEEP,True,V2
F04400,mme_realworld_18018,Astra,mme_realworld,text,1,0,KEEP,True,V2
F04401,mmmu_pro_std_test_Accounting_345,Luna,mmmu_pro,academic,1,0,KEEP,True,V2
F04402,mmmu_pro_std_test_Economics_169,GLM,mmmu_pro,academic,1,0,KEEP,True,V2
F04403,mme_realworld_15630,Luna,mme_realworld,text,1,0,KEEP,True,V2
F04404,mme_realworld_10068,Astra,mme_realworld,chart_table,1,0,KEEP,True,V2
F04405,mme_realworld_04545,Astra,mme_realworld,natural,1,0,KEEP,True,V2
F04406,mme_realworld_08853,Sol 5.6,mme_realworld,chart_table,1,0,KEEP,True,V2
F04407,mme_realworld_11466,Luna,mme_realworld,natural,1,0,KEEP,True,V2
F04408,mme_realworld_23317,Luna,mme_realworld,natural,1,0,KEEP,True,V2
F04409,mmmu_pro_std_test_Physics_397,Gemini,mmmu_pro,academic,1,0,KEEP,True,V2
F04410,visreason_c9_2_6,Luna,visreason,visual_puzzle,1,0,KEEP,True,V2
F04411,worldbench_0689,Sol 5.6,worldbench,count,1,0,UNRESOLVED,False,V2
F04412,mme_realworld_07878,Luna,mme_realworld,chart_table,1,0,KEEP,True,V2
F04413,worldbench_1263,Astra,worldbench,natural,1,0,KEEP,True,V2
F04414,mme_realworld_15439,Luna,mme_realworld,text,1,0,KEEP,True,V2
F04415,mme_realworld_08343,Luna,mme_realworld,chart_table,1,0,KEEP,True,V2
F04416,mmmu_pro_std_test_Art_Theory_246,Grok,mmmu_pro,academic,1,0,KEEP,True,V2
F04417,mmmu_pro_std_validation_Design_10,Luna,mmmu_pro,academic,1,0,KEEP,True,V2
F04418,mme_realworld_08833,Sol 5.6,mme_realworld,chart_table,1,0,KEEP,True,V2
F04419,mme_realworld_08746,Sol 5.6,mme_realworld,chart_table,1,0,KEEP,True,V2
F04420,mme_realworld_10953,Sol 5.6,mme_realworld,natural,1,0,KEEP,True,V2
F04421,worldbench_1914,Luna,worldbench,natural,1,0,KEEP,True,V2
F04422,mmmu_pro_std_test_Electronics_72,Luna,mmmu_pro,academic,1,0,KEEP,True,V2
F04423,mme_realworld_19728,Sol 5.6,mme_realworld,text,1,0,KEEP,True,V2
F04424,mme_realworld_02900,Astra,mme_realworld,count,1,0,KEEP,True,V2
F04425,mme_realworld_15286,Luna,mme_realworld,text,1,0,KEEP,True,V2
F04426,mme_realworld_16199,Luna,mme_realworld,text,1,0,KEEP,True,V2
F04427,mme_realworld_08238,Sol 5.6,mme_realworld,chart_table,1,0,KEEP,True,V2
F04428,mmmu_pro_std_test_Agriculture_37,Luna,mmmu_pro,academic,1,0,KEEP,True,V2
F04429,mme_realworld_10467,Luna,mme_realworld,chart_table,1,0,KEEP,True,V2
F04430,mmmu_pro_std_test_Finance_96,Luna,mmmu_pro,academic,1,0,UNRESOLVED,False,V2
F04431,worldbench_1850,Grok,worldbench,academic,1,0,KEEP,True,V2
F04432,visreason_c5_160,Astra,visreason,visual_puzzle,1,0,UNRESOLVED,False,V2
F04433,mme_realworld_09039,Gemini,mme_realworld,chart_table,1,0,KEEP,True,V2
F04434,mme_realworld_10006,Sol 5.6,mme_realworld,chart_table,1,0,KEEP,True,V2
F04435,visreason_c4_117,Gemini,visreason,visual_puzzle,1,0,KEEP,True,V2
F04436,mme_realworld_16767,Luna,mme_realworld,text,1,0,KEEP,True,V2
F04437,mme_realworld_07701,Astra,mme_realworld,chart_table,1,0,KEEP,True,V2
F04438,mme_realworld_05875,Luna,mme_realworld,chart_table,1,0,KEEP,True,V2
F04439,mme_realworld_17910,Sol 5.6,mme_realworld,text,1,0,KEEP,True,V2
F04440,mmmu_pro_std_test_Chemistry_102,Luna,mmmu_pro,academic,1,0,KEEP,True,V2
F04441,visreason_c5_168,Sol 5.6,visreason,visual_puzzle,1,0,UNRESOLVED,False,V2
F04442,mmmu_pro_std_validation_History_16,Luna,mmmu_pro,academic,1,0,KEEP,True,V2
F04443,mmmu_pro_std_test_Accounting_252,Luna,mmmu_pro,academic,1,0,KEEP,True,V2
F04444,mme_realworld_06912,Luna,mme_realworld,chart_table,1,0,KEEP,True,V2
F04445,mmmu_pro_std_validation_Finance_9,Sol 5.6,mmmu_pro,academic,1,0,KEEP,True,V2
F04446,visreason_c5_26,Astra,visreason,visual_puzzle,1,0,UNRESOLVED,False,V2
F04447,mme_realworld_07874,Luna,mme_realworld,chart_table,1,0,KEEP,True,V2
F04448,mme_realworld_10918,Gemini,mme_realworld,chart_table,1,0,KEEP,True,V2
F04449,mmmu_pro_std_test_Public_Health_509,Luna,mmmu_pro,academic,1,0,KEEP,True,V2
F04450,mme_realworld_10409,Luna,mme_realworld,count,1,0,KEEP,True,V2
F04451,mmmu_pro_std_test_Art_130,GLM,mmmu_pro,academic,1,0,UNRESOLVED,False,V2
F04452,mme_realworld_15973,Sol 5.6,mme_realworld,text,1,0,KEEP,True,V2
F04453,mme_realworld_06263,Sol 5.6,mme_realworld,chart_table,1,0,KEEP,True,V2
F04454,mme_realworld_17350,Luna,mme_realworld,text,1,0,KEEP,True,V2
F04455,mme_realworld_06622,Luna,mme_realworld,chart_table,1,0,KEEP,True,V2
F04456,mme_realworld_14552,Sol 5.6,mme_realworld,text,1,0,KEEP,True,V2
F04457,mme_realworld_13541,Luna,mme_realworld,natural,1,0,KEEP,True,V2
F04458,mme_realworld_07223,Luna,mme_realworld,chart_table,1,0,KEEP,True,V2
F04459,mmmu_pro_std_validation_Architecture_and_Engineering_3,Sol 5.6,mmmu_pro,academic,1,0,WEAK,False,V2
F04460,worldbench_0822,Sol 5.6,worldbench,natural,1,0,KEEP,True,V2
F04461,mmmu_pro_std_validation_Architecture_and_Engineering_22,Luna,mmmu_pro,academic,1,0,UNRESOLVED,False,V2
F04462,worldbench_0601,Luna,worldbench,natural,1,0,KEEP,True,V2
F04463,mme_realworld_10262,Sol 5.6,mme_realworld,chart_table,1,0,KEEP,True,V2
F04464,mmmu_pro_std_validation_Art_Theory_20,Sol 5.6,mmmu_pro,academic,1,0,KEEP,True,V2
F04465,worldbench_0065,Sol 5.6,worldbench,natural,1,0,KEEP,True,V2
F04466,mme_realworld_07768,GLM,mme_realworld,chart_table,1,0,KEEP,True,V2
F04467,mme_realworld_19344,Sol 5.6,mme_realworld,text,1,0,KEEP,True,V2
F04468,mmmu_pro_std_validation_Chemistry_3,Luna,mmmu_pro,academic,1,0,KEEP,True,V2
F04469,mmmu_pro_std_test_Biology_267,Luna,mmmu_pro,academic,1,0,KEEP,True,V2
F04470,mmmu_pro_std_test_Math_270,GLM,mmmu_pro,academic,1,0,KEEP,True,V2
F04471,mme_realworld_07916,K3,mme_realworld,chart_table,1,0,KEEP,True,V2
F04472,mmmu_pro_std_validation_Art_16,Astra,mmmu_pro,academic,1,0,KEEP,True,V2
F04473,mmmu_pro_std_validation_Agriculture_4,Luna,mmmu_pro,academic,1,0,KEEP,True,V2
F04474,mme_realworld_21468,Astra,mme_realworld,count,1,0,KEEP,True,V2
F04475,mme_realworld_07879,Luna,mme_realworld,chart_table,1,0,KEEP,True,V2
F04476,mme_realworld_03553,Luna,mme_realworld,natural,1,0,KEEP,True,V2
F04477,visreason_c5_10,Astra,visreason,visual_puzzle,1,0,KEEP,True,V2
F04478,mmmu_pro_std_validation_Pharmacy_17,Luna,mmmu_pro,academic,1,0,KEEP,True,V2
F04479,mmmu_pro_std_test_Finance_298,Sol 5.6,mmmu_pro,academic,1,0,KEEP,True,V2
F04480,visreason_c4_13,Astra,visreason,visual_puzzle,1,0,UNRESOLVED,False,V2
F04481,visreason_c5_166,Sol 5.6,visreason,visual_puzzle,1,0,KEEP,True,V2
F04482,worldbench_0524,Luna,worldbench,natural,1,0,KEEP,True,V2
F04483,mme_realworld_05916,Luna,mme_realworld,chart_table,1,0,KEEP,True,V2
F04484,mme_realworld_06562,Luna,mme_realworld,chart_table,1,0,KEEP,True,V2
F04485,visreason_c10_36,Sol 5.6,visreason,visual_puzzle,1,0,KEEP,True,V2
F04486,mmmu_pro_std_validation_Art_Theory_21,Luna,mmmu_pro,academic,1,0,KEEP,True,V2
F04487,mme_realworld_14964,Astra,mme_realworld,text,1,0,KEEP,True,V2
F04488,mmmu_pro_std_test_Literature_93,Luna,mmmu_pro,academic,1,0,KEEP,True,V2
F04489,mmmu_pro_std_test_Geography_40,Astra,mmmu_pro,academic,1,0,KEEP,True,V2
F04490,mmmu_pro_std_validation_Accounting_13,Luna,mmmu_pro,academic,1,0,KEEP,True,V2
F04491,visreason_c9_148,Astra,visreason,visual_puzzle,1,0,KEEP,True,V2
F04492,worldbench_0145,Astra,worldbench,count,1,0,KEEP,True,V2
F04493,mme_realworld_14483,Sol 5.6,mme_realworld,text,1,0,KEEP,True,V2
F04494,mme_realworld_10335,Luna,mme_realworld,chart_table,1,0,KEEP,True,V2
F04495,mmmu_pro_std_validation_Energy_and_Power_1,Luna,mmmu_pro,academic,1,0,KEEP,True,V2
F04496,mmmu_pro_std_test_Sociology_39,Sol 5.6,mmmu_pro,academic,1,0,UNRESOLVED,False,V2
F04497,mme_realworld_10595,Luna,mme_realworld,chart_table,1,0,KEEP,True,V2
F04498,worldbench_0712,Astra,worldbench,count,1,0,KEEP,True,V2
F04499,visreason_c10_1_6,Luna,visreason,visual_puzzle,1,0,KEEP,True,V2
F04500,mmmu_pro_std_validation_Mechanical_Engineering_22,Luna,mmmu_pro,academic,1,0,KEEP,True,V2
F04501,mme_realworld_05623,Sol 5.6,mme_realworld,chart_table,1,0,KEEP,True,V2
F04502,visreason_c9_122,Sol 5.6,visreason,visual_puzzle,1,0,WEAK,False,V2
F04503,mmmu_pro_std_test_Literature_50,Sol 5.6,mmmu_pro,academic,1,0,KEEP,True,V2
F04504,visreason_c9_9_6,Astra,visreason,visual_puzzle,1,0,UNRESOLVED,False,V2
F04505,visreason_c10_1_8,Luna,visreason,visual_puzzle,1,0,KEEP,True,V2
F04506,mme_realworld_00648,Astra,mme_realworld,natural,1,0,KEEP,True,V2
F04507,mme_realworld_09939,Luna,mme_realworld,chart_table,1,0,KEEP,True,V2
F04508,visreason_c1_4_9,Astra,visreason,visual_puzzle,1,0,KEEP,True,V2
F04509,worldbench_1822,Luna,worldbench,count,1,0,KEEP,True,V2
F04510,mmmu_pro_std_validation_Pharmacy_27,Sol 5.6,mmmu_pro,academic,1,0,KEEP,True,V2
F04511,mme_realworld_10618,Sol 5.6,mme_realworld,chart_table,1,0,KEEP,True,V2
F04512,mme_realworld_15846,Luna,mme_realworld,text,1,0,KEEP,True,V2
F04513,mmmu_pro_std_validation_Pharmacy_14,Luna,mmmu_pro,academic,1,0,KEEP,True,V2
F04514,worldbench_0549,Sol 5.6,worldbench,natural,1,0,KEEP,True,V2
F04515,visreason_c10_378,GLM,visreason,visual_puzzle,1,0,KEEP,True,V2
F04516,mme_realworld_01573,Luna,mme_realworld,natural,1,0,KEEP,True,V2
F04517,mmmu_pro_std_test_Mechanical_Engineering_234,Sol 5.6,mmmu_pro,academic,1,0,KEEP,True,V2
F04518,mmmu_pro_std_validation_Basic_Medical_Science_18,Sol 5.6,mmmu_pro,academic,1,0,KEEP,True,V2
F04519,mme_realworld_05877,Luna,mme_realworld,chart_table,1,0,KEEP,True,V2
F04520,mme_realworld_11045,Astra,mme_realworld,natural,1,0,UNRESOLVED,False,V2
F04521,mme_realworld_05430,Luna,mme_realworld,chart_table,1,0,KEEP,True,V2
F04522,mme_realworld_06440,Luna,mme_realworld,chart_table,1,0,KEEP,True,V2
F04523,mme_realworld_lite_16391,Luna,mme_realworld,text,1,0,KEEP,True,V2
F04524,vs_010,Sol 5.6,vstar,natural,1,0,KEEP,True,V2
F04525,mme_realworld_lite_19688,Sol 5.6,mme_realworld,count,1,0,KEEP,True,V2
F04526,worldbench_1251,Luna,worldbench,natural,1,0,KEEP,True,V2
F04527,mme_realworld_06656,Luna,mme_realworld,chart_table,1,0,KEEP,True,V2
F04528,mme_realworld_09472,Astra,mme_realworld,chart_table,1,0,KEEP,True,V2
F04529,mme_realworld_19990,Sol 5.6,mme_realworld,natural,1,0,KEEP,True,V2
F04530,visreason_c10_83,Sol 5.6,visreason,visual_puzzle,1,0,KEEP,True,V2
F04531,mme_realworld_11444,Luna,mme_realworld,natural,1,0,KEEP,True,V2
F04532,mme_realworld_18509,Sol 5.6,mme_realworld,text,1,0,KEEP,True,V2
F04533,visreason_c10_1_20,Sol 5.6,visreason,visual_puzzle,1,0,KEEP,True,V2
F04534,mme_realworld_16894,Luna,mme_realworld,text,1,0,KEEP,True,V2
F04535,mme_realworld_18287,Sol 5.6,mme_realworld,text,1,0,KEEP,True,V2
F04536,mme_realworld_08988,Luna,mme_realworld,chart_table,1,0,KEEP,True,V2
F04537,mme_realworld_13552,Luna,mme_realworld,natural,1,0,KEEP,True,V2
F04538,mme_realworld_10331,Astra,mme_realworld,chart_table,1,0,KEEP,True,V2
F04539,mmmu_pro_std_test_Design_5,Luna,mmmu_pro,academic,1,0,KEEP,True,V2
F04540,mme_realworld_08351,Luna,mme_realworld,chart_table,1,0,KEEP,True,V2
F04541,mme_realworld_04390,Sol 5.6,mme_realworld,natural,1,0,KEEP,True,V2
F04542,mme_realworld_23033,Sol 5.6,mme_realworld,natural,1,0,KEEP,True,V2
F04543,mme_realworld_05721,Luna,mme_realworld,chart_table,1,0,KEEP,True,V2
F04544,mme_realworld_02988,Luna,mme_realworld,count,1,0,KEEP,True,V2
F04545,mme_realworld_22821,Sol 5.6,mme_realworld,natural,1,0,KEEP,True,V2
F04546,worldbench_0905,Sol 5.6,worldbench,natural,1,0,KEEP,True,V2
F04547,mme_realworld_16881,Luna,mme_realworld,text,1,0,KEEP,True,V2
F04548,visreason_c5_142,Astra,visreason,visual_puzzle,1,0,UNRESOLVED,False,V2
F04549,worldbench_0194,Sol 5.6,worldbench,natural,1,0,KEEP,True,V2
F04550,mme_realworld_00042,Sol 5.6,mme_realworld,natural,1,0,KEEP,True,V2
F04551,mme_realworld_16535,Luna,mme_realworld,text,1,0,KEEP,True,V2
F04552,mmmu_pro_std_test_Physics_34,Luna,mmmu_pro,academic,1,0,KEEP,True,V2
F04553,mmmu_pro_std_validation_Economics_3,Gemini,mmmu_pro,academic,1,0,KEEP,True,V2
F04554,mme_realworld_09221,Luna,mme_realworld,count,1,0,KEEP,True,V2
F04555,mme_realworld_19330,Astra,mme_realworld,text,1,0,UNRESOLVED,False,V2
F04556,mme_realworld_23354,Luna,mme_realworld,natural,1,0,KEEP,True,V2
F04557,mme_realworld_16570,Astra,mme_realworld,text,1,0,KEEP,True,V2
F04558,visreason_c5_42,Astra,visreason,visual_puzzle,1,0,UNRESOLVED,False,V2
F04559,mme_realworld_19769,Luna,mme_realworld,count,1,0,KEEP,True,V2
F04560,mmmu_pro_std_validation_Basic_Medical_Science_28,GLM,mmmu_pro,academic,1,0,KEEP,True,V2
F04561,mme_realworld_09592,Luna,mme_realworld,chart_table,1,0,KEEP,True,V2
F04562,worldbench_0972,Sol 5.6,worldbench,natural,1,0,KEEP,True,V2
F04563,mmmu_pro_std_test_Manage_68,Sol 5.6,mmmu_pro,academic,1,0,KEEP,True,V2
F04564,mmmu_pro_std_test_Geography_462,Gemini,mmmu_pro,academic,1,0,KEEP,True,V2
F04565,mme_realworld_22436,Luna,mme_realworld,natural,1,0,KEEP,True,V2
F04566,worldbench_1214,Sol 5.6,worldbench,natural,1,0,KEEP,True,V2
F04567,worldbench_0699,Astra,worldbench,natural,1,0,KEEP,True,V2
F04568,mmmu_pro_std_test_Materials_98,Astra,mmmu_pro,academic,1,0,KEEP,True,V2
F04569,mmmu_pro_std_test_Mechanical_Engineering_190,Grok,mmmu_pro,academic,1,0,KEEP,True,V2
F04570,mme_realworld_16764,Luna,mme_realworld,text,1,0,KEEP,True,V2
F04571,mme_realworld_16836,Luna,mme_realworld,text,1,0,KEEP,True,V2
F04572,mme_realworld_06951,Luna,mme_realworld,chart_table,1,0,KEEP,True,V2
F04573,mme_realworld_10878,Astra,mme_realworld,chart_table,1,0,KEEP,True,V2
F04574,mmmu_pro_std_test_Clinical_Medicine_235,Luna,mmmu_pro,academic,1,0,KEEP,True,V2
F04575,mmmu_pro_std_test_History_208,Astra,mmmu_pro,academic,1,0,KEEP,True,V2
F04576,mme_realworld_14786,Astra,mme_realworld,text,1,0,KEEP,True,V2
F04577,worldbench_1059,Astra,worldbench,natural,1,0,KEEP,True,V2
F04578,mme_realworld_05048,Luna,mme_realworld,chart_table,1,0,KEEP,True,V2
F04579,mmmu_pro_std_validation_Electronics_20,Sol 5.6,mmmu_pro,academic,1,0,KEEP,True,V2
F04580,mmmu_pro_std_test_Art_2,Luna,mmmu_pro,academic,1,0,KEEP,True,V2
F04581,mme_realworld_07782,Sol 5.6,mme_realworld,chart_table,1,0,KEEP,True,V2
F04582,mme_realworld_14728,Sol 5.6,mme_realworld,text,1,0,KEEP,True,V2
F04583,visreason_c4_106,Astra,visreason,visual_puzzle,1,0,KEEP,True,V2
F04584,mme_realworld_11063,Astra,mme_realworld,natural,1,0,KEEP,True,V2
F04585,mmmu_pro_std_test_Materials_150,Luna,mmmu_pro,academic,1,0,UNRESOLVED,False,V2
F04586,mme_realworld_09197,Astra,mme_realworld,chart_table,1,0,KEEP,True,V2
F04587,mme_realworld_22730,Sol 5.6,mme_realworld,natural,1,0,KEEP,True,V2
F04588,mme_realworld_16064,Sol 5.6,mme_realworld,text,1,0,KEEP,True,V2
F04589,mme_realworld_23582,Astra,mme_realworld,natural,1,0,KEEP,True,V2
F04590,worldbench_1861,Gemini,worldbench,academic,1,0,KEEP,True,V2
F04591,visreason_c5_175,Astra,visreason,visual_puzzle,1,0,UNRESOLVED,False,V2
F04592,mme_realworld_10829,Astra,mme_realworld,chart_table,1,0,KEEP,True,V2
F04593,mme_realworld_18832,Luna,mme_realworld,text,1,0,KEEP,True,V2
F04594,mme_realworld_19976,Sol 5.6,mme_realworld,natural,1,0,KEEP,True,V2
F04595,mme_realworld_16501,Sol 5.6,mme_realworld,text,1,0,KEEP,True,V2
F04596,mmmu_pro_std_test_Public_Health_353,Luna,mmmu_pro,academic,1,0,KEEP,True,V2
F04597,mmmu_pro_std_validation_Energy_and_Power_26,Sol 5.6,mmmu_pro,academic,1,0,KEEP,True,V2
F04598,mmmu_pro_std_validation_Art_13,Luna,mmmu_pro,academic,1,0,KEEP,True,V2
F04599,mme_realworld_06990,Gemini,mme_realworld,chart_table,1,0,KEEP,True,V2
F04600,worldbench_0027,Luna,worldbench,count,1,0,KEEP,True,V2
F04601,mmmu_pro_std_validation_Energy_and_Power_3,Sol 5.6,mmmu_pro,academic,1,0,KEEP,True,V2
F04602,mme_realworld_23272,Luna,mme_realworld,natural,1,0,KEEP,True,V2
F04603,visreason_c9_118,GLM,visreason,visual_puzzle,1,0,KEEP,True,V2
F04604,mmmu_pro_std_test_Economics_262,Luna,mmmu_pro,academic,1,0,KEEP,True,V2
F04605,mme_realworld_16225,Sol 5.6,mme_realworld,text,1,0,KEEP,True,V2
F04606,mme_realworld_lite_16561,Luna,mme_realworld,count,1,0,KEEP,True,V2
F04607,mme_realworld_16735,Sol 5.6,mme_realworld,text,1,0,KEEP,True,V2
F04608,mmmu_pro_std_test_Physics_386,Sol 5.6,mmmu_pro,academic,1,0,KEEP,True,V2
F04609,mme_realworld_05327,Sol 5.6,mme_realworld,chart_table,1,0,KEEP,True,V2
F04610,mme_realworld_20261,Sol 5.6,mme_realworld,natural,1,0,KEEP,True,V2
F04611,worldbench_1558,Luna,worldbench,chart_table,1,0,KEEP,True,V2
F04612,mme_realworld_06219,Sol 5.6,mme_realworld,chart_table,1,0,KEEP,True,V2
F04613,mmmu_pro_std_validation_Accounting_27,Luna,mmmu_pro,academic,1,0,KEEP,True,V2
F04614,mme_realworld_11498,Luna,mme_realworld,natural,1,0,KEEP,True,V2
F04615,worldbench_1120,Luna,worldbench,natural,1,0,KEEP,True,V2
F04616,mmmu_pro_std_test_Computer_Science_164,Sol 5.6,mmmu_pro,academic,1,0,KEEP,True,V2
F04617,mme_realworld_19709,Sol 5.6,mme_realworld,text,1,0,UNRESOLVED,False,V2
F04618,worldbench_0906,Astra,worldbench,natural,1,0,KEEP,True,V2
F04619,visreason_c10_7_6,Sol 5.6,visreason,visual_puzzle,1,0,KEEP,True,V2
F04620,mme_realworld_06371,Astra,mme_realworld,chart_table,1,0,KEEP,True,V2
F04621,worldbench_1652,Luna,worldbench,chart_table,1,0,KEEP,True,V2
F04622,mme_realworld_07882,Sol 5.6,mme_realworld,chart_table,1,0,KEEP,True,V2
F04623,visreason_c10_10_12,Sol 5.6,visreason,visual_puzzle,1,0,UNRESOLVED,False,V2
F04624,mmmu_pro_std_test_Pharmacy_45,Astra,mmmu_pro,academic,1,0,KEEP,True,V2
F04625,mme_realworld_06445,Luna,mme_realworld,chart_table,1,0,KEEP,True,V2
F04626,mme_realworld_23242,Sol 5.6,mme_realworld,natural,1,0,KEEP,True,V2
F04627,mme_realworld_10121,Luna,mme_realworld,chart_table,1,0,KEEP,True,V2
F04628,mme_realworld_08656,Gemini,mme_realworld,chart_table,1,0,KEEP,True,V2
F04629,mmmu_pro_std_test_Architecture_and_Engineering_403,Grok,mmmu_pro,academic,1,0,KEEP,True,V2
F04630,visreason_c9_438,Gemini,visreason,visual_puzzle,1,0,KEEP,True,V2
F04631,mme_realworld_15570,Sol 5.6,mme_realworld,text,1,0,KEEP,True,V2
F04632,mmmu_pro_std_test_Computer_Science_313,Sol 5.6,mmmu_pro,academic,1,0,KEEP,True,V2
F04633,worldbench_0857,Astra,worldbench,natural,1,0,KEEP,True,V2
F04634,mme_realworld_08300,Luna,mme_realworld,chart_table,1,0,KEEP,True,V2
F04635,mme_realworld_10239,Sol 5.6,mme_realworld,chart_table,1,0,KEEP,True,V2
F04636,mme_realworld_02728,Luna,mme_realworld,count,1,0,KEEP,True,V2
F04637,mme_realworld_14949,Luna,mme_realworld,text,1,0,KEEP,True,V2
F04638,visreason_c10_124,Astra,visreason,visual_puzzle,1,0,KEEP,True,V2
F04639,mmmu_pro_std_test_Pharmacy_230,Luna,mmmu_pro,academic,1,0,KEEP,True,V2
F04640,mme_realworld_23049,Sol 5.6,mme_realworld,natural,1,0,KEEP,True,V2
F04641,mme_realworld_02869,Astra,mme_realworld,count,1,0,KEEP,True,V2
F04642,mmmu_pro_std_test_Economics_22,Sol 5.6,mmmu_pro,academic,1,0,KEEP,True,V2
F04643,mmmu_pro_std_validation_Mechanical_Engineering_16,Luna,mmmu_pro,academic,1,0,KEEP,True,V2
F04644,mmmu_pro_std_test_Art_107,Astra,mmmu_pro,academic,1,0,KEEP,True,V2
F04645,mme_realworld_08426,Luna,mme_realworld,chart_table,1,0,KEEP,True,V2
F04646,mmmu_pro_std_test_Design_48,Sol 5.6,mmmu_pro,academic,1,0,KEEP,True,V2
F04647,mme_realworld_06237,Astra,mme_realworld,chart_table,1,0,KEEP,True,V2
F04648,mmmu_pro_std_test_Basic_Medical_Science_106,Sol 5.6,mmmu_pro,academic,1,0,KEEP,True,V2
F04649,visreason_c4_422,Astra,visreason,visual_puzzle,1,0,KEEP,True,V2
F04650,mme_realworld_22966,Astra,mme_realworld,natural,1,0,KEEP,True,V2
F04651,mme_realworld_08846,Luna,mme_realworld,chart_table,1,0,KEEP,True,V2
F04652,worldbench_1909,Astra,worldbench,natural,1,0,KEEP,True,V2
F04653,mmmu_pro_std_validation_Physics_19,Sol 5.6,mmmu_pro,academic,1,0,KEEP,True,V2
F04654,visreason_c4_113,Gemini,visreason,visual_puzzle,1,0,KEEP,True,V2
F04655,mmmu_pro_std_test_Design_45,Sol 5.6,mmmu_pro,academic,1,0,KEEP,True,V2
F04656,mmmu_pro_std_test_Agriculture_8,GLM,mmmu_pro,academic,1,0,UNRESOLVED,False,V2
F04657,mmmu_pro_std_validation_Accounting_2,Sol 5.6,mmmu_pro,academic,1,0,KEEP,True,V2
F04658,mme_realworld_19138,Sol 5.6,mme_realworld,text,1,0,KEEP,True,V2
F04659,mmmu_pro_std_test_Psychology_155,Sol 5.6,mmmu_pro,academic,1,0,KEEP,True,V2
F04660,mme_realworld_07240,Astra,mme_realworld,chart_table,1,0,KEEP,True,V2
F04661,mme_realworld_09204,Luna,mme_realworld,chart_table,1,0,KEEP,True,V2
F04662,mmmu_pro_std_test_Computer_Science_156,GLM,mmmu_pro,academic,1,0,KEEP,True,V2
F04663,mme_realworld_20103,Astra,mme_realworld,natural,1,0,KEEP,True,V2
F04664,worldbench_1785,Luna,worldbench,academic,1,0,KEEP,True,V2
F04665,mmmu_pro_std_test_Economics_94,Grok,mmmu_pro,academic,1,0,KEEP,True,V2
F04666,mmmu_pro_std_test_Manage_239,Sol 5.6,mmmu_pro,academic,1,0,KEEP,True,V2
F04667,mme_realworld_06412,Sol 5.6,mme_realworld,chart_table,1,0,KEEP,True,V2
F04668,worldbench_0118,Sol 5.6,worldbench,natural,1,0,KEEP,True,V2
F04669,mmmu_pro_std_validation_Physics_23,Luna,mmmu_pro,academic,1,0,KEEP,True,V2
F04670,mmmu_pro_std_test_Agriculture_165,Gemini,mmmu_pro,academic,1,0,KEEP,True,V2
F04671,mme_realworld_05602,Sol 5.6,mme_realworld,chart_table,1,0,KEEP,True,V2
F04672,mme_realworld_07574,Luna,mme_realworld,chart_table,1,0,KEEP,True,V2
F04673,mmmu_pro_std_test_Pharmacy_308,Luna,mmmu_pro,academic,1,0,KEEP,True,V2
F04674,mme_realworld_08686,Luna,mme_realworld,chart_table,1,0,KEEP,True,V2
F04675,mmmu_pro_std_test_Design_162,Luna,mmmu_pro,academic,1,0,KEEP,True,V2
F04676,mme_realworld_08714,Luna,mme_realworld,chart_table,1,0,KEEP,True,V2
F04677,mme_realworld_13929,Sol 5.6,mme_realworld,text,1,0,KEEP,True,V2
F04678,mme_realworld_07638,Luna,mme_realworld,chart_table,1,0,KEEP,True,V2
F04679,worldbench_0909,Sol 5.6,worldbench,natural,1,0,KEEP,True,V2
F04680,visreason_c10_7_5,Sol 5.6,visreason,visual_puzzle,1,0,UNRESOLVED,False,V2
F04681,mme_realworld_18193,Luna,mme_realworld,text,1,0,KEEP,True,V2
F04682,mme_realworld_08210,Luna,mme_realworld,chart_table,1,0,KEEP,True,V2
F04683,mmmu_pro_std_test_Energy_and_Power_352,Sol 5.6,mmmu_pro,academic,1,0,KEEP,True,V2
F04684,mme_realworld_lite_14998,Luna,mme_realworld,text,1,0,KEEP,True,V2
F04685,visreason_c9_144,Astra,visreason,visual_puzzle,1,0,KEEP,True,V2
F04686,worldbench_0753,Sol 5.6,worldbench,natural,1,0,KEEP,True,V2
F04687,mme_realworld_14279,Gemini,mme_realworld,text,1,0,KEEP,True,V2
F04688,mme_realworld_16190,Luna,mme_realworld,text,1,0,KEEP,True,V2
F04689,mme_realworld_00673,Astra,mme_realworld,natural,1,0,KEEP,True,V2
F04690,mmmu_pro_std_validation_Chemistry_28,Astra,mmmu_pro,academic,1,0,UNRESOLVED,False,V2
F04691,mmmu_pro_std_validation_Materials_13,Sol 5.6,mmmu_pro,academic,1,0,KEEP,True,V2
F04692,visreason_c9_2_2,Sol 5.6,visreason,visual_puzzle,1,0,KEEP,True,V2
F04693,mme_realworld_06027,Luna,mme_realworld,chart_table,1,0,KEEP,True,V2
F04694,mmmu_pro_std_test_Clinical_Medicine_73,Sol 5.6,mmmu_pro,academic,1,0,KEEP,True,V2
F04695,mme_realworld_01710,Sol 5.6,mme_realworld,natural,1,0,UNRESOLVED,False,V2
F04696,mme_realworld_04582,Luna,mme_realworld,natural,1,0,KEEP,True,V2
F04697,mmmu_pro_std_test_Basic_Medical_Science_247,Luna,mmmu_pro,academic,1,0,KEEP,True,V2
F04698,mme_realworld_13883,Sol 5.6,mme_realworld,text,1,0,KEEP,True,V2
F04699,mme_realworld_16514,Sol 5.6,mme_realworld,text,1,0,KEEP,True,V2
F04700,mme_realworld_05219,Luna,mme_realworld,chart_table,1,0,KEEP,True,V2
F04701,mme_realworld_17169,Luna,mme_realworld,text,1,0,KEEP,True,V2
F04702,mmmu_pro_std_test_Psychology_176,Sol 5.6,mmmu_pro,academic,1,0,KEEP,True,V2
F04703,mme_realworld_05218,Luna,mme_realworld,chart_table,1,0,KEEP,True,V2
F04704,mme_realworld_05335,GLM,mme_realworld,chart_table,1,0,KEEP,True,V2
F04705,mme_realworld_06739,Luna,mme_realworld,chart_table,1,0,KEEP,True,V2
F04706,mme_realworld_20201,Sol 5.6,mme_realworld,natural,1,0,KEEP,True,V2
F04707,mmmu_pro_std_test_History_74,Grok,mmmu_pro,academic,1,0,KEEP,True,V2
F04708,mme_realworld_05838,Sol 5.6,mme_realworld,chart_table,1,0,KEEP,True,V2
F04709,worldbench_0336,Sol 5.6,worldbench,count,1,0,KEEP,True,V2
F04710,mmmu_pro_std_test_Design_119,Luna,mmmu_pro,academic,1,0,KEEP,True,V2
F04711,mme_realworld_09400,Sol 5.6,mme_realworld,chart_table,1,0,KEEP,True,V2
F04712,mme_realworld_15807,Sol 5.6,mme_realworld,text,1,0,KEEP,True,V2
F04713,visreason_c6_17,Sol 5.6,visreason,visual_puzzle,1,0,KEEP,True,V2
F04714,mme_realworld_07345,Sol 5.6,mme_realworld,chart_table,1,0,KEEP,True,V2
F04715,mmmu_pro_std_validation_Physics_14,Sol 5.6,mmmu_pro,academic,1,0,KEEP,True,V2
F04716,mme_realworld_06355,Luna,mme_realworld,chart_table,1,0,KEEP,True,V2
F04717,mmmu_pro_std_validation_Physics_1,Sol 5.6,mmmu_pro,academic,1,0,KEEP,True,V2
F04718,mme_realworld_lite_19768,Sol 5.6,mme_realworld,count,1,0,KEEP,True,V2
F04719,mme_realworld_lite_23441,Luna,mme_realworld,natural,1,0,KEEP,True,V2
F04720,mme_realworld_19598,Luna,mme_realworld,text,1,0,KEEP,True,V2
F04721,mme_realworld_06649,Luna,mme_realworld,chart_table,1,0,KEEP,True,V2
F04722,mme_realworld_06127,Luna,mme_realworld,chart_table,1,0,KEEP,True,V2
F04723,mmmu_pro_std_test_Public_Health_127,Luna,mmmu_pro,academic,1,0,KEEP,True,V2
F04724,mmmu_pro_std_test_Geography_42,Sol 5.6,mmmu_pro,academic,1,0,KEEP,True,V2
F04725,visreason_c4_23,Astra,visreason,visual_puzzle,1,0,KEEP,True,V2
F04726,mme_realworld_10955,Sol 5.6,mme_realworld,natural,1,0,KEEP,True,V2
F04727,mmmu_pro_std_validation_Design_11,Sol 5.6,mmmu_pro,academic,1,0,KEEP,True,V2
F04728,mme_realworld_08612,Gemini,mme_realworld,chart_table,1,0,KEEP,True,V2
F04729,mmmu_pro_std_test_Literature_38,Luna,mmmu_pro,academic,1,0,KEEP,True,V2
F04730,mme_realworld_10406,Astra,mme_realworld,chart_table,1,0,KEEP,True,V2
F04731,mme_realworld_23290,Sol 5.6,mme_realworld,natural,1,0,KEEP,True,V2
F04732,visreason_c10_7_8,Sol 5.6,visreason,visual_puzzle,1,0,UNRESOLVED,False,V2
F04733,mme_realworld_07010,Luna,mme_realworld,chart_table,1,0,KEEP,True,V2
F04734,mme_realworld_10358,Luna,mme_realworld,chart_table,1,0,KEEP,True,V2
F04735,mmmu_pro_std_validation_Architecture_and_Engineering_21,Sol 5.6,mmmu_pro,academic,1,0,KEEP,True,V2
F04736,mme_realworld_16574,Luna,mme_realworld,text,1,0,KEEP,True,V2
F04737,mme_realworld_lite_18118,Luna,mme_realworld,text,1,0,KEEP,True,V2
F04738,visreason_c9_172,Astra,visreason,visual_puzzle,1,0,KEEP,True,V2
F04739,worldbench_0075,Luna,worldbench,count,1,0,KEEP,True,V2
F04740,visreason_c10_1_13,Luna,visreason,visual_puzzle,1,0,KEEP,True,V2
F04741,mme_realworld_08062,Luna,mme_realworld,chart_table,1,0,KEEP,True,V2
F04742,mme_realworld_16437,Sol 5.6,mme_realworld,text,1,0,KEEP,True,V2
F04743,mmmu_pro_std_validation_Public_Health_23,Luna,mmmu_pro,academic,1,0,KEEP,True,V2
F04744,mmmu_pro_std_test_Mechanical_Engineering_420,Luna,mmmu_pro,academic,1,0,KEEP,True,V2
F04745,mme_realworld_16397,Sol 5.6,mme_realworld,text,1,0,KEEP,True,V2
F04746,mme_realworld_19560,Sol 5.6,mme_realworld,text,1,0,KEEP,True,V2
F04747,mme_realworld_08707,Gemini,mme_realworld,chart_table,1,0,KEEP,True,V2
F04748,mme_realworld_05977,Sol 5.6,mme_realworld,chart_table,1,0,KEEP,True,V2
F04749,mme_realworld_10802,Luna,mme_realworld,chart_table,1,0,KEEP,True,V2
F04750,mmmu_pro_std_test_Literature_69,Sol 5.6,mmmu_pro,academic,1,0,KEEP,True,V2
F04751,mme_realworld_09719,Luna,mme_realworld,chart_table,1,0,KEEP,True,V2
F04752,mmmu_pro_std_test_Art_94,Luna,mmmu_pro,academic,1,0,KEEP,True,V2
F04753,mmmu_pro_std_validation_Literature_18,Luna,mmmu_pro,academic,1,0,KEEP,True,V2
F04754,mmmu_pro_std_test_Art_35,Astra,mmmu_pro,academic,1,0,UNRESOLVED,False,V2
F04755,mme_realworld_07819,Sol 5.6,mme_realworld,chart_table,1,0,KEEP,True,V2
F04756,mme_realworld_15568,Sol 5.6,mme_realworld,count,1,0,KEEP,True,V2
F04757,mme_realworld_17551,Luna,mme_realworld,text,1,0,UNRESOLVED,False,V2
F04758,visreason_c1_4_5,Gemini,visreason,visual_puzzle,1,0,KEEP,True,V2
F04759,mmmu_pro_std_validation_Design_19,Sol 5.6,mmmu_pro,academic,1,0,KEEP,True,V2
F04760,mmmu_pro_std_validation_Art_3,Sol 5.6,mmmu_pro,academic,1,0,KEEP,True,V2
F04761,mme_realworld_09729,Astra,mme_realworld,chart_table,1,0,KEEP,True,V2
F04762,mme_realworld_08215,Astra,mme_realworld,chart_table,1,0,KEEP,True,V2
F04763,worldbench_0536,Sol 5.6,worldbench,natural,1,0,KEEP,True,V2
F04764,worldbench_1763,Sol 5.6,worldbench,count,1,0,KEEP,True,V2
F04765,mme_realworld_05806,Luna,mme_realworld,chart_table,1,0,KEEP,True,V2
F04766,mmmu_pro_std_test_Geography_267,Luna,mmmu_pro,academic,1,0,KEEP,True,V2
F04767,mmmu_pro_std_test_Sociology_9,Luna,mmmu_pro,academic,1,0,KEEP,True,V2
F04768,mmmu_pro_std_validation_Art_18,Luna,mmmu_pro,academic,1,0,KEEP,True,V2
F04769,mme_realworld_16521,Luna,mme_realworld,text,1,0,UNRESOLVED,False,V2
F04770,mme_realworld_08935,Luna,mme_realworld,chart_table,1,0,KEEP,True,V2
F04771,mmmu_pro_std_test_Design_130,Luna,mmmu_pro,academic,1,0,KEEP,True,V2
F04772,worldbench_1093,Sol 5.6,worldbench,natural,1,0,KEEP,True,V2
F04773,mme_realworld_10684,Luna,mme_realworld,chart_table,1,0,KEEP,True,V2
F04774,mme_realworld_11425,Luna,mme_realworld,natural,1,0,KEEP,True,V2
F04775,mme_realworld_17317,Sol 5.6,mme_realworld,text,1,0,KEEP,True,V2
F04776,mme_realworld_20852,Astra,mme_realworld,natural,1,0,KEEP,True,V2
F04777,mmmu_pro_std_validation_Psychology_15,Sol 5.6,mmmu_pro,academic,1,0,KEEP,True,V2
F04778,mmmu_pro_std_test_Design_72,Luna,mmmu_pro,academic,1,0,KEEP,True,V2
F04779,mmmu_pro_std_test_Electronics_123,Sol 5.6,mmmu_pro,academic,1,0,KEEP,True,V2
F04780,mme_realworld_02276,Luna,mme_realworld,natural,1,0,WEAK,False,V2
F04781,mme_realworld_02140,Astra,mme_realworld,natural,1,0,KEEP,True,V2
F04782,visreason_c9_387,Sol 5.6,visreason,visual_puzzle,1,0,KEEP,True,V2
F04783,mmmu_pro_std_test_Finance_27,Luna,mmmu_pro,academic,1,0,KEEP,True,V2
F04784,mme_realworld_07581,Gemini,mme_realworld,chart_table,1,0,KEEP,True,V2
F04785,mme_realworld_18261,Sol 5.6,mme_realworld,text,1,0,KEEP,True,V2
F04786,mmmu_pro_std_test_Sociology_96,GLM,mmmu_pro,academic,1,0,KEEP,True,V2
F04787,mmmu_pro_std_validation_Math_7,Gemini,mmmu_pro,academic,1,0,KEEP,True,V2
F04788,mmmu_pro_std_validation_Art_Theory_14,Sol 5.6,mmmu_pro,academic,1,0,KEEP,True,V2
F04789,vs_112,Sol 5.6,vstar,natural,1,0,KEEP,True,V2
F04790,mmmu_pro_std_test_Psychology_33,Sol 5.6,mmmu_pro,academic,1,0,KEEP,True,V2
F04791,mme_realworld_07451,Luna,mme_realworld,chart_table,1,0,KEEP,True,V2
F04792,mme_realworld_06317,Sol 5.6,mme_realworld,chart_table,1,0,KEEP,True,V2
F04793,mmmu_pro_std_validation_Finance_3,Luna,mmmu_pro,academic,1,0,KEEP,True,V2
F04794,mmmu_pro_std_test_Economics_105,Gemini,mmmu_pro,academic,1,0,KEEP,True,V2
F04795,mme_realworld_06718,Gemini,mme_realworld,chart_table,1,0,KEEP,True,V2
F04796,mme_realworld_06621,Luna,mme_realworld,chart_table,1,0,KEEP,True,V2
F04797,visreason_c9_184,Gemini,visreason,visual_puzzle,1,0,KEEP,True,V2
F04798,worldbench_0127,Sol 5.6,worldbench,natural,1,0,KEEP,True,V2
F04799,worldbench_1545,Sol 5.6,worldbench,chart_table,1,0,KEEP,True,V2
F04800,mme_realworld_17542,Sol 5.6,mme_realworld,text,1,0,KEEP,True,V2
F04801,visreason_c9_2_1,Luna,visreason,visual_puzzle,1,0,KEEP,True,V2
F04802,mme_realworld_07019,Luna,mme_realworld,chart_table,1,0,KEEP,True,V2
F04803,mmmu_pro_std_test_Physics_118,Luna,mmmu_pro,academic,1,0,KEEP,True,V2
F04804,mme_realworld_16954,Luna,mme_realworld,text,1,0,KEEP,True,V2
F04805,mme_realworld_14544,Luna,mme_realworld,text,1,0,KEEP,True,V2
F04806,mme_realworld_15267,Sol 5.6,mme_realworld,text,1,0,KEEP,True,V2
F04807,worldbench_0338,Sol 5.6,worldbench,natural,1,0,KEEP,True,V2
F04808,visreason_c9_11,Sol 5.6,visreason,visual_puzzle,1,0,KEEP,True,V2
F04809,mme_realworld_16586,Sol 5.6,mme_realworld,text,1,0,KEEP,True,V2
F04810,mme_realworld_06124,Sol 5.6,mme_realworld,chart_table,1,0,KEEP,True,V2
F04811,mme_realworld_11503,Luna,mme_realworld,natural,1,0,KEEP,True,V2
F04812,mmmu_pro_std_test_Basic_Medical_Science_261,Luna,mmmu_pro,academic,1,0,KEEP,True,V2
F04813,mmmu_pro_std_test_Music_222,Astra,mmmu_pro,academic,1,0,KEEP,True,V2
F04814,mme_realworld_15668,Luna,mme_realworld,text,1,0,KEEP,True,V2
F04815,visreason_c9_374,Astra,visreason,visual_puzzle,1,0,KEEP,True,V2
F04816,mme_realworld_16722,Sol 5.6,mme_realworld,text,1,0,KEEP,True,V2
F04817,mme_realworld_12471,Astra,mme_realworld,natural,1,0,KEEP,True,V2
F04818,mme_realworld_17256,Sol 5.6,mme_realworld,text,1,0,KEEP,True,V2
F04819,mmmu_pro_std_test_Mechanical_Engineering_230,Sol 5.6,mmmu_pro,academic,1,0,KEEP,True,V2
F04820,mmmu_pro_std_test_Geography_55,Sol 5.6,mmmu_pro,academic,1,0,KEEP,True,V2
F04821,mme_realworld_16915,Luna,mme_realworld,text,1,0,KEEP,True,V2
F04822,mme_realworld_08699,Luna,mme_realworld,chart_table,1,0,UNRESOLVED,False,V2
F04823,mme_realworld_01479,Astra,mme_realworld,natural,1,0,KEEP,True,V2
F04824,mme_realworld_22443,Luna,mme_realworld,natural,1,0,KEEP,True,V2
F04825,mme_realworld_16258,Luna,mme_realworld,text,1,0,KEEP,True,V2
F04826,mme_realworld_06255,Luna,mme_realworld,chart_table,1,0,KEEP,True,V2
F04827,mme_realworld_22810,Luna,mme_realworld,natural,1,0,KEEP,True,V2
F04828,mme_realworld_13992,Sol 5.6,mme_realworld,text,1,0,KEEP,True,V2
F04829,mme_realworld_09724,Luna,mme_realworld,chart_table,1,0,KEEP,True,V2
F04830,mme_realworld_10132,Gemini,mme_realworld,chart_table,1,0,KEEP,True,V2
F04831,mmmu_pro_std_validation_Accounting_23,GLM,mmmu_pro,academic,1,0,KEEP,True,V2
F04832,mme_realworld_08452,Luna,mme_realworld,chart_table,1,0,KEEP,True,V2
F04833,mmmu_pro_std_validation_Agriculture_6,Luna,mmmu_pro,academic,1,0,KEEP,True,V2
F04834,mmmu_pro_std_test_Electronics_147,Luna,mmmu_pro,academic,1,0,KEEP,True,V2
F04835,visreason_c10_360,Astra,visreason,visual_puzzle,1,0,KEEP,True,V2
F04836,visreason_c9_182,Sol 5.6,visreason,visual_puzzle,1,0,WEAK,False,V2
F04837,mmmu_pro_std_validation_Math_4,Luna,mmmu_pro,academic,1,0,KEEP,True,V2
F04838,mmmu_pro_std_validation_Basic_Medical_Science_23,Gemini,mmmu_pro,academic,1,0,KEEP,True,V2
F04839,mme_realworld_06189,Luna,mme_realworld,chart_table,1,0,KEEP,True,V2
F04840,mme_realworld_19840,Sol 5.6,mme_realworld,text,1,0,KEEP,True,V2
F04841,mme_realworld_18601,Sol 5.6,mme_realworld,text,1,0,KEEP,True,V2
F04842,worldbench_0319,Astra,worldbench,natural,1,0,KEEP,True,V2
F04843,visreason_c1_4_4,Gemini,visreason,visual_puzzle,1,0,KEEP,True,V2
F04844,worldbench_0222,Sol 5.6,worldbench,natural,1,0,KEEP,True,V2
F04845,mmmu_pro_std_test_Biology_310,Luna,mmmu_pro,academic,1,0,KEEP,True,V2
F04846,visreason_c10_1_18,Sol 5.6,visreason,visual_puzzle,1,0,KEEP,True,V2
F04847,mme_realworld_08159,Astra,mme_realworld,chart_table,1,0,KEEP,True,V2
F04848,mme_realworld_09594,Gemini,mme_realworld,chart_table,1,0,KEEP,True,V2
F04849,mme_realworld_05315,Gemini,mme_realworld,chart_table,1,0,KEEP,True,V2
F04850,visreason_c5_45,Astra,visreason,visual_puzzle,1,0,KEEP,True,V2
F04851,mme_realworld_19461,Sol 5.6,mme_realworld,text,1,0,KEEP,True,V2
F04852,mme_realworld_07694,Luna,mme_realworld,chart_table,1,0,KEEP,True,V2
F04853,mme_realworld_08295,Sol 5.6,mme_realworld,chart_table,1,0,KEEP,True,V2
F04854,visreason_c9_191,Gemini,visreason,visual_puzzle,1,0,KEEP,True,V2
F04855,mme_realworld_16141,Sol 5.6,mme_realworld,text,1,0,KEEP,True,V2
F04856,mme_realworld_19607,Sol 5.6,mme_realworld,text,1,0,KEEP,True,V2
F04857,mmmu_pro_std_test_Math_19,Sol 5.6,mmmu_pro,academic,1,0,KEEP,True,V2
F04858,mmmu_pro_std_test_Math_475,Sol 5.6,mmmu_pro,academic,1,0,KEEP,True,V2
F04859,mme_realworld_19952,Astra,mme_realworld,natural,1,0,KEEP,True,V2
F04860,mmmu_pro_std_validation_Physics_9,Sol 5.6,mmmu_pro,academic,1,0,KEEP,True,V2
F04861,mme_realworld_09045,Luna,mme_realworld,chart_table,1,0,KEEP,True,V2
F04862,mme_realworld_09302,Luna,mme_realworld,chart_table,1,0,KEEP,True,V2
F04863,mmmu_pro_std_validation_Public_Health_10,Luna,mmmu_pro,academic,1,0,KEEP,True,V2
F04864,mmmu_pro_std_validation_Psychology_3,Luna,mmmu_pro,academic,1,0,KEEP,True,V2
F04865,worldbench_0099,Sol 5.6,worldbench,natural,1,0,KEEP,True,V2
F04866,visreason_c10_7_17,Astra,visreason,visual_puzzle,1,0,UNRESOLVED,False,V2
F04867,mme_realworld_11910,Sol 5.6,mme_realworld,natural,1,0,BAD,False,V2
F04868,mmmu_pro_std_test_Geography_205,Luna,mmmu_pro,academic,1,0,KEEP,True,V2
F04869,visreason_c9_8_18,Sol 5.6,visreason,visual_puzzle,1,0,KEEP,True,V2
F04870,mme_realworld_09507,Luna,mme_realworld,chart_table,1,0,KEEP,True,V2
F04871,mmmu_pro_std_validation_Marketing_25,Sol 5.6,mmmu_pro,academic,1,0,KEEP,True,V2
F04872,mme_realworld_06628,Sol 5.6,mme_realworld,chart_table,1,0,KEEP,True,V2
F04873,mme_realworld_09772,Astra,mme_realworld,chart_table,1,0,KEEP,True,V2
F04874,mme_realworld_09488,Luna,mme_realworld,chart_table,1,0,KEEP,True,V2
F04875,mme_realworld_04623,Sol 5.6,mme_realworld,natural,1,0,KEEP,True,V2
F04876,worldbench_1203,Gemini,worldbench,natural,1,0,KEEP,True,V2
F04877,mme_realworld_06260,Astra,mme_realworld,chart_table,1,0,KEEP,True,V2
F04878,mme_realworld_06003,Luna,mme_realworld,chart_table,1,0,KEEP,True,V2
F04879,visreason_c9_381,Sol 5.6,visreason,visual_puzzle,1,0,KEEP,True,V2
F04880,mme_realworld_07394,Luna,mme_realworld,chart_table,1,0,KEEP,True,V2
F04881,mme_realworld_08599,Gemini,mme_realworld,chart_table,1,0,KEEP,True,V2
F04882,mme_realworld_08751,Luna,mme_realworld,chart_table,1,0,KEEP,True,V2
F04883,mmmu_pro_std_test_Biology_307,Sol 5.6,mmmu_pro,academic,1,0,KEEP,True,V2
F04884,mme_realworld_07390,K3,mme_realworld,chart_table,1,0,KEEP,True,V2
F04885,mme_realworld_07737,Astra,mme_realworld,chart_table,1,0,KEEP,True,V2
F04886,worldbench_0165,Sol 5.6,worldbench,natural,1,0,KEEP,True,V2
F04887,mmmu_pro_std_test_Clinical_Medicine_232,Luna,mmmu_pro,academic,1,0,KEEP,True,V2
F04888,mme_realworld_17689,Sol 5.6,mme_realworld,text,1,0,KEEP,True,V2
F04889,mme_realworld_14695,Sol 5.6,mme_realworld,text,1,0,KEEP,True,V2
F04890,mme_realworld_14482,Sol 5.6,mme_realworld,text,1,0,KEEP,True,V2
F04891,mme_realworld_08335,Luna,mme_realworld,chart_table,1,0,KEEP,True,V2
F04892,mmmu_pro_std_test_Geography_14,Sol 5.6,mmmu_pro,academic,1,0,KEEP,True,V2
F04893,mmmu_pro_std_validation_Chemistry_2,Sol 5.6,mmmu_pro,academic,1,0,KEEP,True,V2
F04894,mmmu_pro_std_test_Computer_Science_69,Luna,mmmu_pro,academic,1,0,KEEP,True,V2
F04895,mme_realworld_15488,Sol 5.6,mme_realworld,text,1,0,KEEP,True,V2
F04896,mme_realworld_12467,Astra,mme_realworld,natural,1,0,KEEP,True,V2
F04897,mme_realworld_14485,Sol 5.6,mme_realworld,text,1,0,KEEP,True,V2
F04898,mme_realworld_06222,K3,mme_realworld,chart_table,1,0,KEEP,True,V2
F04899,worldbench_1627,Luna,worldbench,chart_table,1,0,KEEP,True,V2
F04900,mme_realworld_10277,Luna,mme_realworld,chart_table,1,0,WEAK,False,V2
F04901,worldbench_1870,Astra,worldbench,academic,1,0,KEEP,True,V2
F04902,mme_realworld_20938,Astra,mme_realworld,natural,1,0,KEEP,True,V2
F04903,mme_realworld_08755,Astra,mme_realworld,chart_table,1,0,KEEP,True,V2
F04904,mmmu_pro_std_test_Materials_314,Luna,mmmu_pro,academic,1,0,KEEP,True,V2
F04905,mme_realworld_06625,Luna,mme_realworld,chart_table,1,0,KEEP,True,V2
F04906,mme_realworld_07413,Luna,mme_realworld,chart_table,1,0,KEEP,True,V2
F04907,worldbench_0113,Sol 5.6,worldbench,natural,1,0,KEEP,True,V2
F04908,mme_realworld_12528,Sol 5.6,mme_realworld,natural,1,0,KEEP,True,V2
F04909,mmmu_pro_std_test_Accounting_248,Luna,mmmu_pro,academic,1,0,KEEP,True,V2
F04910,worldbench_0828,Gemini,worldbench,natural,1,0,KEEP,True,V2
F04911,mmmu_pro_std_validation_Diagnostics_and_Laboratory_Medicine_17,Astra,mmmu_pro,academic,1,0,KEEP,True,V2
F04912,mmmu_pro_std_test_Design_95,Gemini,mmmu_pro,academic,1,0,KEEP,True,V2
F04913,worldbench_1329,Grok,worldbench,natural,1,0,UNRESOLVED,False,V2
F04914,mme_realworld_17402,Luna,mme_realworld,text,1,0,KEEP,True,V2
F04915,visreason_c4_101,Gemini,visreason,visual_puzzle,1,0,KEEP,True,V2
F04916,mmmu_pro_std_test_Math_11,Luna,mmmu_pro,academic,1,0,KEEP,True,V2
F04917,mme_realworld_lite_19515,Luna,mme_realworld,text,1,0,KEEP,True,V2
F04918,mmmu_pro_std_test_Clinical_Medicine_173,Gemini,mmmu_pro,academic,1,0,KEEP,True,V2
F04919,mme_realworld_10909,K3,mme_realworld,chart_table,1,0,KEEP,True,V2
F04920,mmmu_pro_std_test_Math_80,Luna,mmmu_pro,academic,1,0,KEEP,True,V2
F04921,mmmu_pro_std_validation_Math_17,Astra,mmmu_pro,academic,1,0,UNRESOLVED,False,V2
F04922,mmmu_pro_std_test_Energy_and_Power_220,Sol 5.6,mmmu_pro,academic,1,0,KEEP,True,V2
F04923,mme_realworld_04581,Luna,mme_realworld,natural,1,0,KEEP,True,V2
F04924,worldbench_1493,Astra,worldbench,natural,1,0,KEEP,True,V2
F04925,worldbench_1147,Astra,worldbench,natural,1,0,KEEP,True,V2
F04926,mme_realworld_05775,Astra,mme_realworld,chart_table,1,0,KEEP,True,V2
F04927,mme_realworld_09202,Sol 5.6,mme_realworld,chart_table,1,0,KEEP,True,V2
F04928,mme_realworld_07318,Astra,mme_realworld,chart_table,1,0,KEEP,True,V2
F04929,mmmu_pro_std_test_Energy_and_Power_86,Luna,mmmu_pro,academic,1,0,KEEP,True,V2
F04930,mmmu_pro_std_test_History_72,Gemini,mmmu_pro,academic,1,0,UNRESOLVED,False,V2
F04931,mme_realworld_11321,Luna,mme_realworld,natural,1,0,KEEP,True,V2
F04932,mmmu_pro_std_validation_Basic_Medical_Science_5,Sol 5.6,mmmu_pro,academic,1,0,KEEP,True,V2
F04933,mmmu_pro_std_validation_Materials_21,Sol 5.6,mmmu_pro,academic,1,0,KEEP,True,V2
F04934,mme_realworld_09092,Luna,mme_realworld,chart_table,1,0,KEEP,True,V2
F04935,mme_realworld_lite_15564,Luna,mme_realworld,text,1,0,KEEP,True,V2
F04936,mme_realworld_15849,Luna,mme_realworld,text,1,0,KEEP,True,V2
F04937,mmmu_pro_std_test_Mechanical_Engineering_372,Sol 5.6,mmmu_pro,academic,1,0,KEEP,True,V2
F04938,mme_realworld_23188,Astra,mme_realworld,natural,1,0,KEEP,True,V2
F04939,mme_realworld_03442,Luna,mme_realworld,natural,1,0,KEEP,True,V2
F04940,mme_realworld_11327,Sol 5.6,mme_realworld,natural,1,0,KEEP,True,V2
F04941,worldbench_0614,Astra,worldbench,natural,1,0,KEEP,True,V2
F04942,visreason_c9_8_8,Gemini,visreason,visual_puzzle,1,0,UNRESOLVED,False,V2
F04943,visreason_c10_192,Astra,visreason,visual_puzzle,1,0,KEEP,True,V2
F04944,visreason_c10_10_7,Sol 5.6,visreason,visual_puzzle,1,0,KEEP,True,V2
F04945,mme_realworld_05546,Luna,mme_realworld,chart_table,1,0,KEEP,True,V2
F04946,mme_realworld_01772,Luna,mme_realworld,natural,1,0,UNRESOLVED,False,V2
F04947,visreason_c3_5_14,GLM,visreason,visual_puzzle,1,0,KEEP,True,V2
F04948,worldbench_1821,Grok,worldbench,academic,1,0,KEEP,True,V2
F04949,mme_realworld_05231,Gemini,mme_realworld,chart_table,1,0,KEEP,True,V2
F04950,mme_realworld_09690,Luna,mme_realworld,chart_table,1,0,KEEP,True,V2
F04951,mmmu_pro_std_test_Psychology_83,Luna,mmmu_pro,academic,1,0,KEEP,True,V2
F04952,mme_realworld_08283,Sol 5.6,mme_realworld,chart_table,1,0,KEEP,True,V2
F04953,vs_029,Astra,vstar,natural,1,0,KEEP,True,V2
F04954,mme_realworld_07990,Gemini,mme_realworld,chart_table,1,0,KEEP,True,V2
F04955,mme_realworld_16584,Sol 5.6,mme_realworld,text,1,0,KEEP,True,V2
F04956,mme_realworld_15805,Gemini,mme_realworld,text,1,0,KEEP,True,V2
F04957,mmmu_pro_std_validation_Literature_9,Sol 5.6,mmmu_pro,academic,1,0,KEEP,True,V2
F04958,mme_realworld_08624,Astra,mme_realworld,chart_table,1,0,KEEP,True,V2
F04959,mme_realworld_07783,Luna,mme_realworld,chart_table,1,0,KEEP,True,V2
F04960,mme_realworld_16051,Sol 5.6,mme_realworld,text,1,0,KEEP,True,V2
F04961,mmmu_pro_std_test_Psychology_106,Luna,mmmu_pro,academic,1,0,KEEP,True,V2
F04962,mmmu_pro_std_test_Sociology_125,Sol 5.6,mmmu_pro,academic,1,0,KEEP,True,V2
F04963,worldbench_0780,Luna,worldbench,count,1,0,KEEP,True,V2
F04964,mmmu_pro_std_validation_Architecture_and_Engineering_11,Luna,mmmu_pro,academic,1,0,KEEP,True,V2
F04965,mme_realworld_14788,Astra,mme_realworld,text,1,0,KEEP,True,V2
F04966,visreason_c1_3_3,Astra,visreason,visual_puzzle,1,0,KEEP,True,V2
F04967,mmmu_pro_std_test_Design_100,Sol 5.6,mmmu_pro,academic,1,0,KEEP,True,V2
F04968,mmmu_pro_std_test_Math_164,Sol 5.6,mmmu_pro,academic,1,0,KEEP,True,V2
F04969,worldbench_1848,Luna,worldbench,academic,1,0,KEEP,True,V2
F04970,worldbench_1157,Astra,worldbench,natural,1,0,KEEP,True,V2
F04971,mme_realworld_09063,Luna,mme_realworld,chart_table,1,0,KEEP,True,V2
F04972,mme_realworld_06657,Luna,mme_realworld,chart_table,1,0,KEEP,True,V2
F04973,mme_realworld_11419,Luna,mme_realworld,natural,1,0,KEEP,True,V2
F04974,mme_realworld_06655,Luna,mme_realworld,chart_table,1,0,KEEP,True,V2
F04975,mme_realworld_09455,Luna,mme_realworld,chart_table,1,0,KEEP,True,V2
F04976,mme_realworld_07922,Luna,mme_realworld,chart_table,1,0,KEEP,True,V2
F04977,mmmu_pro_std_test_Chemistry_481,Luna,mmmu_pro,academic,1,0,KEEP,True,V2
F04978,mmmu_pro_std_validation_Accounting_29,Luna,mmmu_pro,academic,1,0,KEEP,True,V2
F04979,mmmu_pro_std_validation_Biology_20,Luna,mmmu_pro,academic,1,0,BAD,False,V2
F04980,mme_realworld_07118,Luna,mme_realworld,chart_table,1,0,KEEP,True,V2
F04981,mmmu_pro_std_test_Art_25,Luna,mmmu_pro,academic,1,0,KEEP,True,V2
F04982,mme_realworld_23523,Sol 5.6,mme_realworld,natural,1,0,KEEP,True,V2
F04983,worldbench_0735,Sol 5.6,worldbench,natural,1,0,KEEP,True,V2
F04984,visreason_c4_80,Astra,visreason,visual_puzzle,1,0,KEEP,True,V2
F04985,mme_realworld_07846,Gemini,mme_realworld,chart_table,1,0,KEEP,True,V2
F04986,visreason_c1_3_6,Astra,visreason,visual_puzzle,1,0,KEEP,True,V2
F04987,mme_realworld_17816,Sol 5.6,mme_realworld,text,1,0,KEEP,True,V2
F04988,mme_realworld_12589,Sol 5.6,mme_realworld,natural,1,0,KEEP,True,V2
F04989,mme_realworld_15985,Sol 5.6,mme_realworld,text,1,0,KEEP,True,V2
F04990,mme_realworld_17571,Luna,mme_realworld,text,1,0,UNRESOLVED,False,V2
F04991,mme_realworld_07416,Luna,mme_realworld,chart_table,1,0,KEEP,True,V2
F04992,mme_realworld_06563,Luna,mme_realworld,chart_table,1,0,KEEP,True,V2
F04993,mme_realworld_20140,Sol 5.6,mme_realworld,natural,1,0,KEEP,True,V2
F04994,mme_realworld_16713,Luna,mme_realworld,count,1,0,KEEP,True,V2
F04995,mme_realworld_13539,Astra,mme_realworld,natural,1,0,KEEP,True,V2
F04996,mme_realworld_08235,Luna,mme_realworld,chart_table,1,0,KEEP,True,V2
F04997,mme_realworld_05339,Sol 5.6,mme_realworld,chart_table,1,0,KEEP,True,V2
F04998,mmmu_pro_std_test_Physics_253,Luna,mmmu_pro,academic,1,0,KEEP,True,V2
F04999,mme_realworld_06645,Luna,mme_realworld,chart_table,1,0,KEEP,True,V2
F05000,worldbench_0230,Sol 5.6,worldbench,natural,1,0,KEEP,True,V2
F05001,mme_realworld_16757,Astra,mme_realworld,text,1,0,KEEP,True,V2
F05002,mmmu_pro_std_validation_Music_5,Gemini,mmmu_pro,academic,1,0,KEEP,True,V2
F05003,mme_realworld_18921,Sol 5.6,mme_realworld,text,1,0,KEEP,True,V2
F05004,mmmu_pro_std_validation_Computer_Science_7,Sol 5.6,mmmu_pro,academic,1,0,KEEP,True,V2
F05005,mme_realworld_00151,Luna,mme_realworld,natural,1,0,WEAK,False,V2
F05006,mme_realworld_05426,K3,mme_realworld,chart_table,1,0,KEEP,True,V2
F05007,worldbench_0489,Sol 5.6,worldbench,natural,1,0,KEEP,True,V2
F05008,worldbench_1508,Sol 5.6,worldbench,chart_table,1,0,UNRESOLVED,False,V2
F05009,mme_realworld_07576,Gemini,mme_realworld,chart_table,1,0,KEEP,True,V2
F05010,mme_realworld_22815,Luna,mme_realworld,natural,1,0,KEEP,True,V2
F05011,mme_realworld_07196,Luna,mme_realworld,chart_table,1,0,KEEP,True,V2
F05012,mme_realworld_08200,Luna,mme_realworld,chart_table,1,0,KEEP,True,V2
F05013,mme_realworld_22634,Luna,mme_realworld,natural,1,0,KEEP,True,V2
F05014,mme_realworld_08838,Luna,mme_realworld,chart_table,1,0,KEEP,True,V2
F05015,visreason_c1_4_19,Gemini,visreason,visual_puzzle,1,0,KEEP,True,V2
F05016,mme_realworld_05841,Luna,mme_realworld,chart_table,1,0,KEEP,True,V2
F05017,mme_realworld_15952,Luna,mme_realworld,text,1,0,KEEP,True,V2
F05018,mmmu_pro_std_test_Psychology_258,Luna,mmmu_pro,academic,1,0,KEEP,True,V2
F05019,mme_realworld_09299,Sol 5.6,mme_realworld,chart_table,1,0,KEEP,True,V2
F05020,mmmu_pro_std_validation_Economics_7,Luna,mmmu_pro,academic,1,0,KEEP,True,V2
F05021,worldbench_1677,Luna,worldbench,academic,1,0,KEEP,True,V2
F05022,mme_realworld_lite_19391,Luna,mme_realworld,text,1,0,UNRESOLVED,False,V2
F05023,mme_realworld_15741,Sol 5.6,mme_realworld,text,1,0,KEEP,True,V2
F05024,mmmu_pro_std_test_Geography_61,Sol 5.6,mmmu_pro,academic,1,0,KEEP,True,V2
F05025,mme_realworld_22750,Sol 5.6,mme_realworld,natural,1,0,KEEP,True,V2
F05026,visreason_c10_121,Gemini,visreason,visual_puzzle,1,0,KEEP,True,V2
F05027,worldbench_1159,Sol 5.6,worldbench,count,1,0,KEEP,True,V2
F05028,mme_realworld_07491,Astra,mme_realworld,chart_table,1,0,KEEP,True,V2
F05029,mme_realworld_09665,Luna,mme_realworld,chart_table,1,0,KEEP,True,V2
F05030,mmmu_pro_std_test_Sociology_18,Luna,mmmu_pro,academic,1,0,UNRESOLVED,False,V2
F05031,mmmu_pro_std_test_Accounting_292,Luna,mmmu_pro,academic,1,0,KEEP,True,V2
F05032,mme_realworld_00407,Luna,mme_realworld,natural,1,0,WEAK,False,V2
F05033,mme_realworld_lite_19644,Sol 5.6,mme_realworld,text,1,0,KEEP,True,V2
F05034,mme_realworld_05835,Luna,mme_realworld,chart_table,1,0,KEEP,True,V2
F05035,mme_realworld_16052,Luna,mme_realworld,text,1,0,KEEP,True,V2
F05036,mmmu_pro_std_test_Public_Health_266,Grok,mmmu_pro,academic,1,0,KEEP,True,V2
F05037,mme_realworld_08359,Astra,mme_realworld,chart_table,1,0,KEEP,True,V2
F05038,worldbench_0478,Sol 5.6,worldbench,natural,1,0,UNRESOLVED,False,V2
F05039,mme_realworld_08696,Luna,mme_realworld,chart_table,1,0,KEEP,True,V2
F05040,mme_realworld_05483,Luna,mme_realworld,chart_table,1,0,KEEP,True,V2
F05041,visreason_c4_14,Astra,visreason,visual_puzzle,1,0,KEEP,True,V2
F05042,mme_realworld_00484,Astra,mme_realworld,natural,1,0,UNRESOLVED,False,V2
F05043,worldbench_1085,Astra,worldbench,natural,1,0,KEEP,True,V2
F05044,worldbench_1503,Luna,worldbench,chart_table,1,0,KEEP,True,V2
F05045,visreason_c10_328,Astra,visreason,visual_puzzle,1,0,KEEP,True,V2
F05046,mme_realworld_07633,Sol 5.6,mme_realworld,chart_table,1,0,KEEP,True,V2
F05047,mme_realworld_14051,Sol 5.6,mme_realworld,text,1,0,KEEP,True,V2
F05048,mme_realworld_07582,Sol 5.6,mme_realworld,chart_table,1,0,KEEP,True,V2
F05049,mme_realworld_09844,Sol 5.6,mme_realworld,chart_table,1,0,KEEP,True,V2
F05050,worldbench_0677,Astra,worldbench,count,1,0,KEEP,True,V2
F05051,mme_realworld_07699,Gemini,mme_realworld,chart_table,1,0,KEEP,True,V2
F05052,mme_realworld_10071,Luna,mme_realworld,chart_table,1,0,KEEP,True,V2
F05053,mme_realworld_17477,Sol 5.6,mme_realworld,text,1,0,KEEP,True,V2
F05054,mmmu_pro_std_validation_Public_Health_2,Luna,mmmu_pro,academic,1,0,KEEP,True,V2
F05055,mme_realworld_19909,Astra,mme_realworld,natural,1,0,KEEP,True,V2
F05056,mme_realworld_01461,Astra,mme_realworld,natural,1,0,KEEP,True,V2
F05057,worldbench_1355,Sol 5.6,worldbench,natural,1,0,KEEP,True,V2
F05058,mme_realworld_10162,Luna,mme_realworld,chart_table,1,0,KEEP,True,V2
F05059,mme_realworld_05524,Gemini,mme_realworld,chart_table,1,0,KEEP,True,V2
F05060,mme_realworld_07387,Luna,mme_realworld,chart_table,1,0,KEEP,True,V2
F05061,mme_realworld_05914,Luna,mme_realworld,chart_table,1,0,KEEP,True,V2
F05062,visreason_c3_5_2,Luna,visreason,visual_puzzle,1,0,KEEP,True,V2
F05063,mme_realworld_11638,Luna,mme_realworld,natural,1,0,KEEP,True,V2
F05064,mme_realworld_09588,Luna,mme_realworld,chart_table,1,0,KEEP,True,V2
F05065,mmmu_pro_std_test_Geography_19,Sol 5.6,mmmu_pro,academic,1,0,KEEP,True,V2
F05066,visreason_c5_104,Gemini,visreason,visual_puzzle,1,0,KEEP,True,V2
F05067,visreason_c10_10_2,Sol 5.6,visreason,visual_puzzle,1,0,KEEP,True,V2
F05068,mme_realworld_08066,Luna,mme_realworld,chart_table,1,0,KEEP,True,V2
F05069,mme_realworld_06548,Luna,mme_realworld,chart_table,1,0,KEEP,True,V2
F05070,mme_realworld_06457,Luna,mme_realworld,chart_table,1,0,KEEP,True,V2
F05071,mmmu_pro_std_validation_Design_24,Sol 5.6,mmmu_pro,academic,1,0,KEEP,True,V2
F05072,mme_realworld_17303,Luna,mme_realworld,text,1,0,KEEP,True,V2
F05073,mmmu_pro_std_test_Computer_Science_227,Luna,mmmu_pro,academic,1,0,UNRESOLVED,False,V2
F05074,mme_realworld_10105,Luna,mme_realworld,chart_table,1,0,KEEP,True,V2
F05075,mmmu_pro_std_test_Math_436,Luna,mmmu_pro,academic,1,0,KEEP,True,V2
F05076,mme_realworld_04599,Astra,mme_realworld,natural,1,0,KEEP,True,V2
F05077,visreason_c10_62,Sol 5.6,visreason,visual_puzzle,1,0,KEEP,True,V2
F05078,mme_realworld_10774,Luna,mme_realworld,chart_table,1,0,KEEP,True,V2
F05079,mme_realworld_05491,Luna,mme_realworld,chart_table,1,0,KEEP,True,V2
F05080,worldbench_0948,Astra,worldbench,natural,1,0,UNRESOLVED,False,V2
F05081,mmmu_pro_std_validation_Clinical_Medicine_1,Luna,mmmu_pro,academic,1,0,KEEP,True,V2
F05082,mme_realworld_10261,Luna,mme_realworld,chart_table,1,0,KEEP,True,V2
F05083,worldbench_1336,Luna,worldbench,natural,1,0,KEEP,True,V2
F05084,mme_realworld_01492,Luna,mme_realworld,natural,1,0,KEEP,True,V2
F05085,mmmu_pro_std_validation_Finance_13,Luna,mmmu_pro,academic,1,0,KEEP,True,V2
F05086,mme_realworld_06286,Gemini,mme_realworld,chart_table,1,0,KEEP,True,V2
F05087,mme_realworld_08895,Luna,mme_realworld,chart_table,1,0,KEEP,True,V2
F05088,mmmu_pro_std_test_Accounting_365,Luna,mmmu_pro,academic,1,0,KEEP,True,V2
F05089,mmmu_pro_std_test_Physics_30,Sol 5.6,mmmu_pro,academic,1,0,KEEP,True,V2
F05090,mme_realworld_18162,Sol 5.6,mme_realworld,text,1,0,KEEP,True,V2
F05091,mme_realworld_05733,Luna,mme_realworld,chart_table,1,0,KEEP,True,V2
F05092,mme_realworld_10996,Astra,mme_realworld,natural,1,0,KEEP,True,V2
F05093,mmmu_pro_std_test_Pharmacy_426,Astra,mmmu_pro,academic,1,0,KEEP,True,V2
F05094,worldbench_0897,Sol 5.6,worldbench,natural,1,0,KEEP,True,V2
F05095,mme_realworld_05825,Sol 5.6,mme_realworld,chart_table,1,0,KEEP,True,V2
F05096,mme_realworld_10051,Sol 5.6,mme_realworld,chart_table,1,0,KEEP,True,V2
F05097,mme_realworld_05347,Astra,mme_realworld,chart_table,1,0,KEEP,True,V2
F05098,mme_realworld_17355,Luna,mme_realworld,text,1,0,KEEP,True,V2
F05099,mmmu_pro_std_validation_Art_Theory_9,Sol 5.6,mmmu_pro,academic,1,0,KEEP,True,V2
F05100,mme_realworld_23130,Sol 5.6,mme_realworld,natural,1,0,KEEP,True,V2
F05101,mme_realworld_05918,Sol 5.6,mme_realworld,chart_table,1,0,KEEP,True,V2
F05102,mmmu_pro_std_test_Geography_329,Astra,mmmu_pro,academic,1,0,KEEP,True,V2
F05103,worldbench_1321,Sol 5.6,worldbench,natural,1,0,KEEP,True,V2
F05104,mmmu_pro_std_test_Agriculture_207,GLM,mmmu_pro,academic,1,0,KEEP,True,V2
F05105,mme_realworld_17059,Sol 5.6,mme_realworld,text,1,0,KEEP,True,V2
F05106,worldbench_1735,Luna,worldbench,academic,1,0,KEEP,True,V2
F05107,worldbench_0927,Luna,worldbench,natural,1,0,KEEP,True,V2
F05108,mmmu_pro_std_test_Mechanical_Engineering_333,Gemini,mmmu_pro,academic,1,0,KEEP,True,V2
F05109,mme_realworld_09517,Astra,mme_realworld,chart_table,1,0,KEEP,True,V2
F05110,mme_realworld_17518,Sol 5.6,mme_realworld,text,1,0,KEEP,True,V2
F05111,mmmu_pro_std_test_Design_4,Luna,mmmu_pro,academic,1,0,KEEP,True,V2
F05112,worldbench_1377,Sol 5.6,worldbench,natural,1,0,KEEP,True,V2
F05113,mme_realworld_08569,Sol 5.6,mme_realworld,chart_table,1,0,KEEP,True,V2
F05114,mme_realworld_05318,Luna,mme_realworld,chart_table,1,0,KEEP,True,V2
F05115,mmmu_pro_std_validation_Physics_12,Sol 5.6,mmmu_pro,academic,1,0,KEEP,True,V2
F05116,mme_realworld_15137,Sol 5.6,mme_realworld,text,1,0,KEEP,True,V2
F05117,mme_realworld_23318,Luna,mme_realworld,natural,1,0,KEEP,True,V2
F05118,mme_realworld_06149,Sol 5.6,mme_realworld,chart_table,1,0,KEEP,True,V2
F05119,mmmu_pro_std_test_Math_18,Luna,mmmu_pro,academic,1,0,KEEP,True,V2
F05120,worldbench_0658,Sol 5.6,worldbench,natural,1,0,KEEP,True,V2
F05121,mmmu_pro_std_test_Diagnostics_and_Laboratory_Medicine_101,Luna,mmmu_pro,academic,1,0,KEEP,True,V2
F05122,worldbench_0739,Sol 5.6,worldbench,natural,1,0,KEEP,True,V2
F05123,mme_realworld_05116,Luna,mme_realworld,chart_table,1,0,KEEP,True,V2
F05124,visreason_c5_127,Astra,visreason,visual_puzzle,1,0,KEEP,True,V2
F05125,mmmu_pro_std_test_Economics_97,Sol 5.6,mmmu_pro,academic,1,0,UNRESOLVED,False,V2
F05126,worldbench_1924,Gemini,worldbench,natural,1,0,KEEP,True,V2
F05127,mmmu_pro_std_test_Pharmacy_141,Luna,mmmu_pro,academic,1,0,KEEP,True,V2
F05128,visreason_c3_48,Gemini,visreason,visual_puzzle,1,0,KEEP,True,V2
F05129,mme_realworld_15882,Luna,mme_realworld,text,1,0,KEEP,True,V2
F05130,mmmu_pro_std_test_Architecture_and_Engineering_413,Grok,mmmu_pro,academic,1,0,KEEP,True,V2
F05131,mme_realworld_14167,Sol 5.6,mme_realworld,text,1,0,KEEP,True,V2
F05132,worldbench_0838,Luna,worldbench,natural,1,0,UNRESOLVED,False,V2
F05133,mmmu_pro_std_test_Physics_275,Sol 5.6,mmmu_pro,academic,1,0,KEEP,True,V2
F05134,mme_realworld_10487,Luna,mme_realworld,chart_table,1,0,KEEP,True,V2
F05135,mmmu_pro_std_test_Electronics_248,Astra,mmmu_pro,academic,1,0,KEEP,True,V2
F05136,visreason_c9_1_16,Sol 5.6,visreason,visual_puzzle,1,0,KEEP,True,V2
F05137,mmmu_pro_std_test_Energy_and_Power_312,Luna,mmmu_pro,academic,1,0,KEEP,True,V2
F05138,mme_realworld_05898,Sol 5.6,mme_realworld,chart_table,1,0,KEEP,True,V2
F05139,mme_realworld_08741,Sol 5.6,mme_realworld,chart_table,1,0,KEEP,True,V2
F05140,mme_realworld_07049,Gemini,mme_realworld,chart_table,1,0,KEEP,True,V2
F05141,mme_realworld_13633,Luna,mme_realworld,text,1,0,KEEP,True,V2
F05142,mme_realworld_10831,Sol 5.6,mme_realworld,chart_table,1,0,KEEP,True,V2
F05143,worldbench_1863,Luna,worldbench,academic,1,0,KEEP,True,V2
F05144,mme_realworld_06943,Gemini,mme_realworld,chart_table,1,0,KEEP,True,V2
F05145,mmmu_pro_std_validation_Finance_12,Luna,mmmu_pro,academic,1,0,KEEP,True,V2
F05146,visreason_c10_71,Sol 5.6,visreason,visual_puzzle,1,0,KEEP,True,V2
F05147,visreason_c6_39,Grok,visreason,visual_puzzle,1,0,UNRESOLVED,False,V2
F05148,mme_realworld_15271,Sol 5.6,mme_realworld,text,1,0,KEEP,True,V2
F05149,mmmu_pro_std_test_Sociology_245,Luna,mmmu_pro,academic,1,0,KEEP,True,V2
F05150,mme_realworld_23345,Luna,mme_realworld,natural,1,0,KEEP,True,V2
F05151,mme_realworld_00284,Astra,mme_realworld,natural,1,0,KEEP,True,V2
F05152,mme_realworld_03030,Astra,mme_realworld,count,1,0,KEEP,True,V2
F05153,mme_realworld_06654,Luna,mme_realworld,chart_table,1,0,KEEP,True,V2
F05154,worldbench_1665,Sol 5.6,worldbench,chart_table,1,0,KEEP,True,V2
F05155,worldbench_1656,Gemini,worldbench,chart_table,1,0,KEEP,True,V2
F05156,mmmu_pro_std_validation_Psychology_26,Gemini,mmmu_pro,academic,1,0,KEEP,True,V2
F05157,vs_100,Astra,vstar,natural,1,0,KEEP,True,V2
F05158,mme_realworld_17537,Luna,mme_realworld,text,1,0,KEEP,True,V2
F05159,mmmu_pro_std_test_Biology_76,Luna,mmmu_pro,academic,1,0,KEEP,True,V2
F05160,mme_realworld_14477,Sol 5.6,mme_realworld,text,1,0,KEEP,True,V2
F05161,mmmu_pro_std_test_Architecture_and_Engineering_214,Gemini,mmmu_pro,academic,1,0,KEEP,True,V2
F05162,mme_realworld_08811,Luna,mme_realworld,chart_table,1,0,KEEP,True,V2
F05163,mme_realworld_10583,Sol 5.6,mme_realworld,chart_table,1,0,KEEP,True,V2
F05164,visreason_c5_151,Sol 5.6,visreason,visual_puzzle,1,0,UNRESOLVED,False,V2
F05165,mme_realworld_16138,Luna,mme_realworld,text,1,0,KEEP,True,V2
F05166,mme_realworld_19511,Sol 5.6,mme_realworld,text,1,0,KEEP,True,V2
F05167,visreason_c10_316,Astra,visreason,visual_puzzle,1,0,KEEP,True,V2
F05168,mme_realworld_02973,Luna,mme_realworld,count,1,0,KEEP,True,V2
F05169,visreason_c10_28,Gemini,visreason,visual_puzzle,1,0,KEEP,True,V2
F05170,mmmu_pro_std_test_Materials_417,Luna,mmmu_pro,academic,1,0,KEEP,True,V2
F05171,mme_realworld_23498,Sol 5.6,mme_realworld,natural,1,0,KEEP,True,V2
F05172,mme_realworld_11196,Sol 5.6,mme_realworld,natural,1,0,WEAK,False,V2
F05173,visreason_c6_107,Astra,visreason,visual_puzzle,1,0,KEEP,True,V2
F05174,mme_realworld_17459,Sol 5.6,mme_realworld,text,1,0,KEEP,True,V2
F05175,mme_realworld_06841,Luna,mme_realworld,chart_table,1,0,KEEP,True,V2
F05176,mme_realworld_05804,Sol 5.6,mme_realworld,chart_table,1,0,KEEP,True,V2
F05177,mmmu_pro_std_test_Biology_33,Luna,mmmu_pro,academic,1,0,KEEP,True,V2
F05178,mme_realworld_08725,Sol 5.6,mme_realworld,chart_table,1,0,KEEP,True,V2
F05179,mme_realworld_10151,Sol 5.6,mme_realworld,chart_table,1,0,KEEP,True,V2
F05180,mme_realworld_lite_16007,Luna,mme_realworld,text,1,0,KEEP,True,V2
F05181,mmmu_pro_std_validation_Economics_4,Luna,mmmu_pro,academic,1,0,KEEP,True,V2
F05182,visreason_c9_311,Astra,visreason,visual_puzzle,1,0,KEEP,True,V2
F05183,mmmu_pro_std_test_Computer_Science_317,Sol 5.6,mmmu_pro,academic,1,0,KEEP,True,V2
F05184,mmmu_pro_std_validation_Public_Health_25,Luna,mmmu_pro,academic,1,0,KEEP,True,V2
F05185,mme_realworld_10392,Luna,mme_realworld,chart_table,1,0,KEEP,True,V2
F05186,visreason_c6_49,Sol 5.6,visreason,visual_puzzle,1,0,KEEP,True,V2
F05187,mmmu_pro_std_validation_Pharmacy_1,Luna,mmmu_pro,academic,1,0,KEEP,True,V2
F05188,mmmu_pro_std_validation_Architecture_and_Engineering_26,Sol 5.6,mmmu_pro,academic,1,0,WEAK,False,V2
F05189,mme_realworld_16598,Luna,mme_realworld,text,1,0,KEEP,True,V2
F05190,mme_realworld_08457,Sol 5.6,mme_realworld,chart_table,1,0,KEEP,True,V2
F05191,mme_realworld_06303,Sol 5.6,mme_realworld,chart_table,1,0,KEEP,True,V2
F05192,mme_realworld_20853,Luna,mme_realworld,natural,1,0,KEEP,True,V2
F05193,worldbench_1341,Astra,worldbench,natural,1,0,UNRESOLVED,False,V2
F05194,mmmu_pro_std_test_Geography_8,Luna,mmmu_pro,academic,1,0,KEEP,True,V2
F05195,mme_realworld_06395,Gemini,mme_realworld,chart_table,1,0,KEEP,True,V2
F05196,visreason_c10_81,Sol 5.6,visreason,visual_puzzle,1,0,WEAK,False,V2
F05197,mme_realworld_14217,Luna,mme_realworld,text,1,0,KEEP,True,V2
F05198,mmmu_pro_std_test_Literature_56,Luna,mmmu_pro,academic,1,0,KEEP,True,V2
F05199,mme_realworld_17218,Luna,mme_realworld,text,1,0,UNRESOLVED,False,V2
F05200,mme_realworld_16343,Luna,mme_realworld,text,1,0,KEEP,True,V2
F05201,mme_realworld_19517,Luna,mme_realworld,text,1,0,KEEP,True,V2
F05202,worldbench_0124,Luna,worldbench,natural,1,0,KEEP,True,V2
F05203,mmmu_pro_std_validation_Energy_and_Power_16,Sol 5.6,mmmu_pro,academic,1,0,KEEP,True,V2
F05204,mme_realworld_10171,Luna,mme_realworld,count,1,0,KEEP,True,V2
F05205,mme_realworld_07115,Sol 5.6,mme_realworld,chart_table,1,0,KEEP,True,V2
F05206,mme_realworld_14700,Sol 5.6,mme_realworld,text,1,0,KEEP,True,V2
F05207,mme_realworld_19352,Sol 5.6,mme_realworld,text,1,0,KEEP,True,V2
F05208,mmmu_pro_std_validation_Art_6,Luna,mmmu_pro,academic,1,0,KEEP,True,V2
F05209,mme_realworld_15451,Sol 5.6,mme_realworld,text,1,0,KEEP,True,V2
F05210,mme_realworld_06988,Sol 5.6,mme_realworld,chart_table,1,0,KEEP,True,V2
F05211,mmmu_pro_std_test_Economics_85,Luna,mmmu_pro,academic,1,0,KEEP,True,V2
F05212,mme_realworld_08022,Sol 5.6,mme_realworld,chart_table,1,0,KEEP,True,V2
F05213,mme_realworld_22800,Luna,mme_realworld,natural,1,0,KEEP,True,V2
F05214,visreason_c10_10_5,Sol 5.6,visreason,visual_puzzle,1,0,KEEP,True,V2
F05215,worldbench_1189,Sol 5.6,worldbench,natural,1,0,KEEP,True,V2
F05216,mme_realworld_06678,Luna,mme_realworld,chart_table,1,0,KEEP,True,V2
F05217,mmmu_pro_std_validation_Physics_5,Astra,mmmu_pro,academic,1,0,KEEP,True,V2
F05218,mme_realworld_08868,Luna,mme_realworld,chart_table,1,0,KEEP,True,V2
F05219,mme_realworld_09792,Astra,mme_realworld,chart_table,1,0,KEEP,True,V2
F05220,mme_realworld_08374,Luna,mme_realworld,chart_table,1,0,KEEP,True,V2
F05221,mme_realworld_09348,Astra,mme_realworld,chart_table,1,0,KEEP,True,V2
F05222,worldbench_0853,Sol 5.6,worldbench,natural,1,0,KEEP,True,V2
F05223,mmmu_pro_std_validation_Economics_12,Luna,mmmu_pro,academic,1,0,KEEP,True,V2
F05224,worldbench_0044,Astra,worldbench,count,1,0,KEEP,True,V2
F05225,mme_realworld_06778,Luna,mme_realworld,chart_table,1,0,KEEP,True,V2
F05226,visreason_c1_4_13,Astra,visreason,visual_puzzle,1,0,KEEP,True,V2
F05227,mme_realworld_17446,Luna,mme_realworld,text,1,0,KEEP,True,V2
F05228,mme_realworld_lite_16089,Astra,mme_realworld,text,1,0,KEEP,True,V2
F05229,visreason_c10_53,Sol 5.6,visreason,visual_puzzle,1,0,KEEP,True,V2
F05230,mme_realworld_17558,Luna,mme_realworld,text,1,0,KEEP,True,V2
F05231,mme_realworld_21320,Luna,mme_realworld,count,1,0,KEEP,True,V2
F05232,mme_realworld_08575,Sol 5.6,mme_realworld,chart_table,1,0,KEEP,True,V2
F05233,mme_realworld_10665,Luna,mme_realworld,chart_table,1,0,KEEP,True,V2
F05234,worldbench_0039,Astra,worldbench,natural,1,0,KEEP,True,V2
F05235,mmmu_pro_std_test_Art_87,Sol 5.6,mmmu_pro,academic,1,0,KEEP,True,V2
F05236,mme_realworld_17428,Luna,mme_realworld,text,1,0,KEEP,True,V2
F05237,visreason_c10_14,Sol 5.6,visreason,visual_puzzle,1,0,KEEP,True,V2
F05238,worldbench_0229,Gemini,worldbench,natural,1,0,UNRESOLVED,False,V2
F05239,visreason_c7_1_29,Astra,visreason,visual_puzzle,1,0,KEEP,True,V2
F05240,mme_realworld_11443,Sol 5.6,mme_realworld,natural,1,0,KEEP,True,V2
F05241,mmmu_pro_std_test_Chemistry_193,Luna,mmmu_pro,academic,1,0,WEAK,False,V2
F05242,mme_realworld_05422,Luna,mme_realworld,chart_table,1,0,KEEP,True,V2
F05243,mme_realworld_16239,Luna,mme_realworld,text,1,0,UNRESOLVED,False,V2
F05244,mme_realworld_05856,Sol 5.6,mme_realworld,chart_table,1,0,KEEP,True,V2
F05245,visreason_c4_1,Astra,visreason,visual_puzzle,1,0,KEEP,True,V2
F05246,mme_realworld_06629,Luna,mme_realworld,chart_table,1,0,KEEP,True,V2
F05247,visreason_c4_97,Astra,visreason,visual_puzzle,1,0,KEEP,True,V2
F05248,mme_realworld_20428,Astra,mme_realworld,natural,1,0,KEEP,True,V2
F05249,mme_realworld_19439,Luna,mme_realworld,text,1,0,KEEP,True,V2
F05250,mme_realworld_09160,Luna,mme_realworld,chart_table,1,0,KEEP,True,V2
F05251,mme_realworld_05596,Astra,mme_realworld,chart_table,1,0,KEEP,True,V2
F05252,visreason_c6_33,Sol 5.6,visreason,visual_puzzle,1,0,KEEP,True,V2
F05253,mmmu_pro_std_test_Chemistry_287,Luna,mmmu_pro,academic,1,0,KEEP,True,V2
F05254,mmmu_pro_std_validation_Math_27,Luna,mmmu_pro,academic,1,0,KEEP,True,V2
F05255,mmmu_pro_std_test_Sociology_99,Luna,mmmu_pro,academic,1,0,KEEP,True,V2
F05256,mme_realworld_15678,Luna,mme_realworld,text,1,0,KEEP,True,V2
F05257,mme_realworld_10582,Luna,mme_realworld,chart_table,1,0,KEEP,True,V2
F05258,mmmu_pro_std_test_Math_282,Sol 5.6,mmmu_pro,academic,1,0,KEEP,True,V2
F05259,mmmu_pro_std_test_History_189,Luna,mmmu_pro,academic,1,0,KEEP,True,V2
F05260,visreason_c10_331,Sol 5.6,visreason,visual_puzzle,1,0,KEEP,True,V2
F05261,mme_realworld_10184,Luna,mme_realworld,chart_table,1,0,KEEP,True,V2
F05262,worldbench_0483,Sol 5.6,worldbench,natural,1,0,KEEP,True,V2
F05263,worldbench_0517,Sol 5.6,worldbench,natural,1,0,UNRESOLVED,False,V2
F05264,worldbench_1871,Luna,worldbench,academic,1,0,KEEP,True,V2
F05265,mme_realworld_lite_19689,Luna,mme_realworld,count,1,0,UNRESOLVED,False,V2
F05266,mme_realworld_03337,Astra,mme_realworld,natural,1,0,KEEP,True,V2
F05267,mme_realworld_17253,Sol 5.6,mme_realworld,text,1,0,KEEP,True,V2
F05268,visreason_c7_1_100,Astra,visreason,visual_puzzle,1,0,KEEP,True,V2
F05269,mme_realworld_lite_16698,Luna,mme_realworld,text,1,0,KEEP,True,V2
F05270,worldbench_0504,Astra,worldbench,natural,1,0,KEEP,True,V2
F05271,mme_realworld_08067,Luna,mme_realworld,chart_table,1,0,KEEP,True,V2
F05272,mme_realworld_14510,Sol 5.6,mme_realworld,text,1,0,KEEP,True,V2
F05273,mmmu_pro_std_test_Materials_327,Sol 5.6,mmmu_pro,academic,1,0,KEEP,True,V2
F05274,mmmu_pro_std_test_Art_Theory_156,Sol 5.6,mmmu_pro,academic,1,0,KEEP,True,V2
F05275,visreason_c9_428,GLM,visreason,visual_puzzle,1,0,KEEP,True,V2
F05276,visreason_c5_9,Sol 5.6,visreason,visual_puzzle,1,0,UNRESOLVED,False,V2
F05277,mme_realworld_lite_15775,Luna,mme_realworld,text,1,0,KEEP,True,V2
I00001,mme_realworld_22304,Grok,mme_realworld,count,5,4,WEAK,False,V2
I00002,mme_realworld_22100,Sol 5.6,mme_realworld,count,5,4,WEAK,False,V2
I00003,mme_realworld_20070,GLM,mme_realworld,natural,4,3,WEAK,False,V2
I00004,mme_realworld_20803,GLM,mme_realworld,natural,4,3,KEEP,True,V2
I00005,mme_realworld_22496,Grok,mme_realworld,natural,4,3,KEEP,True,V2
I00006,mme_realworld_21413,Sol 5.6,mme_realworld,count,5,4,KEEP,True,V2
I00007,mme_realworld_22065,Grok,mme_realworld,count,4,3,WEAK,False,V2
I00008,mme_realworld_20722,GLM,mme_realworld,natural,4,3,KEEP,True,V2
I00009,mme_realworld_21167,Sol 5.6,mme_realworld,count,4,3,KEEP,True,V2
I00010,mme_realworld_19770,Grok,mme_realworld,count,4,3,KEEP,True,V2
I00011,mme_realworld_21640,Grok,mme_realworld,count,5,4,WEAK,False,V2
I00012,mme_realworld_23085,GLM,mme_realworld,natural,4,3,KEEP,False,V2
I00013,mme_realworld_21830,Sol 5.6,mme_realworld,count,5,4,KEEP,True,V2
I00014,mme_realworld_23198,Grok,mme_realworld,natural,5,4,KEEP,True,V2
I00015,mme_realworld_18864,GLM,mme_realworld,text,4,3,WEAK,False,V2
I00016,mme_realworld_20624,GLM,mme_realworld,natural,4,3,KEEP,False,V2
I00017,mme_realworld_21755,Sol 5.6,mme_realworld,count,4,3,KEEP,True,V2
I00018,mme_realworld_22535,Grok,mme_realworld,natural,4,3,WEAK,False,V2
I00019,mme_realworld_21279,Sol 5.6,mme_realworld,count,5,4,BAD,False,V2
I00020,mme_realworld_11938,Grok,mme_realworld,natural,5,4,KEEP,True,V2
I00021,mme_realworld_22405,Grok,mme_realworld,natural,4,3,KEEP,True,V2
I00022,mme_realworld_22233,Sol 5.6,mme_realworld,count,5,4,KEEP,True,V2
I00023,mme_realworld_11278,Grok,mme_realworld,natural,4,3,KEEP,True,V2
I00024,mme_realworld_09660,Grok,mme_realworld,chart_table,4,3,KEEP,True,V2
I00025,mme_realworld_11418,Grok,mme_realworld,natural,4,3,KEEP,True,V2
I00026,mme_realworld_21422,Sol 5.6,mme_realworld,count,5,4,KEEP,True,V2
I00027,mme_realworld_21710,Sol 5.6,mme_realworld,count,5,4,WEAK,False,V2
I00028,mme_realworld_19987,Grok,mme_realworld,natural,4,3,KEEP,True,V2
I00029,mme_realworld_21745,Sol 5.6,mme_realworld,count,4,3,KEEP,True,V2
I00030,mme_realworld_21809,Sol 5.6,mme_realworld,count,4,3,WEAK,False,V2
I00031,mme_realworld_21248,GLM,mme_realworld,count,5,4,KEEP,False,V2
I00032,mme_realworld_21914,GLM,mme_realworld,count,6,5,WEAK,False,V2
I00033,mme_realworld_21934,Sol 5.6,mme_realworld,count,4,3,KEEP,True,V2
I00034,mme_realworld_13211,Sol 5.6,mme_realworld,natural,4,3,UNRESOLVED,False,V2
I00035,mme_realworld_20606,Luna,mme_realworld,natural,4,3,WEAK,False,V2
I00036,mme_realworld_10993,Grok,mme_realworld,natural,4,3,KEEP,True,V2
I00037,mme_realworld_21832,Grok,mme_realworld,count,5,4,KEEP,True,V2
I00038,mme_realworld_23145,GLM,mme_realworld,natural,5,4,KEEP,False,V2
I00039,mme_realworld_21168,Grok,mme_realworld,count,4,3,WEAK,False,V2
I00040,mme_realworld_00431,GLM,mme_realworld,natural,4,3,KEEP,False,V2
I00041,mme_realworld_14135,GLM,mme_realworld,text,4,3,WEAK,False,V2
I00042,mme_realworld_20490,GLM,mme_realworld,natural,5,4,WEAK,False,V2
I00043,mme_realworld_22315,Grok,mme_realworld,count,5,4,WEAK,False,V2
I00044,mme_realworld_21162,Grok,mme_realworld,count,7,6,KEEP,True,V2
I00045,mme_realworld_19965,Grok,mme_realworld,natural,6,5,WEAK,False,V2
I00046,mme_realworld_00711,Grok,mme_realworld,natural,5,4,KEEP,True,V2
I00047,mme_realworld_19902,GLM,mme_realworld,natural,4,3,KEEP,False,V2
I00048,mme_realworld_22114,Grok,mme_realworld,count,4,3,WEAK,False,V2
I00049,mme_realworld_21867,GLM,mme_realworld,count,7,6,KEEP,True,V2
I00050,mme_realworld_04315,Grok,mme_realworld,natural,4,3,KEEP,True,V2
I00051,mme_realworld_22973,Grok,mme_realworld,natural,4,3,WEAK,False,V2
I00052,mme_realworld_23288,GLM,mme_realworld,natural,4,3,WEAK,False,V2
I00053,mme_realworld_11152,Grok,mme_realworld,natural,4,3,WEAK,False,V2
I00054,mme_realworld_00746,Grok,mme_realworld,natural,5,4,KEEP,True,V2
I00055,mme_realworld_16270,GLM,mme_realworld,text,4,3,BAD,False,V2
I00056,mme_realworld_22291,GLM,mme_realworld,count,4,3,WEAK,False,V2
I00057,mme_realworld_13361,Grok,mme_realworld,natural,5,4,BAD,False,V2
I00058,mme_realworld_22151,Sol 5.6,mme_realworld,count,5,4,KEEP,True,V2
I00059,mme_realworld_21817,Grok,mme_realworld,count,8,7,WEAK,False,V2
I00060,mme_realworld_22066,Grok,mme_realworld,count,5,4,KEEP,True,V2
I00061,mme_realworld_21432,Grok,mme_realworld,count,5,4,KEEP,True,V2
I00062,mme_realworld_03258,Grok,mme_realworld,natural,4,3,KEEP,True,V2
I00063,mme_realworld_03467,Grok,mme_realworld,natural,4,3,KEEP,True,V2
I00064,mme_realworld_13389,Sol 5.6,mme_realworld,natural,4,3,KEEP,True,V2
I00065,mme_realworld_21956,Grok,mme_realworld,count,6,5,KEEP,True,V2
I00066,mme_realworld_23222,Grok,mme_realworld,natural,6,5,KEEP,True,V2
I00067,mme_realworld_21394,Grok,mme_realworld,count,4,3,WEAK,False,V2
I00068,mme_realworld_20947,GLM,mme_realworld,natural,4,3,WEAK,False,V2
I00069,mme_realworld_20554,GLM,mme_realworld,natural,4,3,KEEP,True,V2
I00070,mme_realworld_21818,Grok,mme_realworld,count,4,3,KEEP,True,V2
I00071,mme_realworld_20640,GLM,mme_realworld,natural,4,3,KEEP,True,V2
I00072,mme_realworld_13299,Grok,mme_realworld,natural,5,4,KEEP,True,V2
I00073,mme_realworld_23035,GLM,mme_realworld,natural,4,3,KEEP,False,V2
I00074,mme_realworld_21334,Sol 5.6,mme_realworld,count,4,3,KEEP,True,V2
I00075,mme_realworld_21717,Grok,mme_realworld,count,5,4,WEAK,False,V2
I00076,mme_realworld_22125,Grok,mme_realworld,count,4,3,KEEP,True,V2
I00077,mme_realworld_23203,Grok,mme_realworld,natural,4,3,KEEP,True,V2
I00078,mme_realworld_21845,GLM,mme_realworld,count,6,5,WEAK,False,V2
I00079,mme_realworld_20984,Grok,mme_realworld,natural,4,3,KEEP,True,V2
I00080,mme_realworld_21628,Sol 5.6,mme_realworld,count,4,3,KEEP,True,V2
I00081,mme_realworld_22305,Grok,mme_realworld,count,5,4,WEAK,False,V2
I00082,mme_realworld_04443,Grok,mme_realworld,natural,4,3,KEEP,True,V2
I00083,mme_realworld_00875,GLM,mme_realworld,natural,5,4,KEEP,True,V2
I00084,mme_realworld_00243,GLM,mme_realworld,natural,4,3,UNRESOLVED,False,V2
I00085,mme_realworld_23554,Grok,mme_realworld,natural,5,4,UNRESOLVED,False,V2
I00086,mme_realworld_13325,Grok,mme_realworld,natural,4,3,KEEP,True,V2
I00087,mme_realworld_22040,Grok,mme_realworld,count,5,4,WEAK,False,V2
I00088,mme_realworld_19919,GLM,mme_realworld,natural,4,3,WEAK,False,V2
I00089,mme_realworld_20808,GLM,mme_realworld,natural,4,3,KEEP,True,V2
I00090,mme_realworld_13384,Grok,mme_realworld,natural,7,6,UNRESOLVED,False,V2
I00091,mme_realworld_21096,GLM,mme_realworld,natural,4,3,WEAK,False,V2
I00092,mme_realworld_22934,Sol 5.6,mme_realworld,natural,4,3,KEEP,True,V2
I00093,mme_realworld_21657,Sol 5.6,mme_realworld,count,4,3,UNRESOLVED,False,V2
I00094,mme_realworld_00480,Grok,mme_realworld,natural,4,3,KEEP,True,V2
I00095,mme_realworld_21637,Sol 5.6,mme_realworld,count,4,3,KEEP,True,V2
I00096,mme_realworld_12088,Grok,mme_realworld,natural,4,3,WEAK,False,V2
I00097,mme_realworld_22251,Grok,mme_realworld,count,4,3,UNRESOLVED,False,V2
I00098,mme_realworld_22292,GLM,mme_realworld,count,4,3,KEEP,True,V2
I00099,mme_realworld_21626,Grok,mme_realworld,count,4,3,KEEP,True,V2
I00100,mme_realworld_20891,Grok,mme_realworld,natural,4,3,KEEP,True,V2
I00101,mme_realworld_13876,Luna,mme_realworld,text,4,3,KEEP,True,V2
T0001,worldbench_1100,K3,worldbench,natural,1,0,KEEP,True,V2.1
T0002,mme_realworld_14476,K3,mme_realworld,text,1,0,KEEP,True,V2.1
T0003,mme_realworld_15133,K3,mme_realworld,text,2,1,KEEP,True,V2.1
T0004,vs_064,K3,vstar,natural,2,1,WEAK,False,V2.1
T0005,mmmu_pro_std_validation_Music_25,K3,mmmu_pro,academic,6,5,BAD,False,V2.1
T0006,mme_realworld_15768,K3,mme_realworld,text,2,1,KEEP,True,V2.1
T0007,mme_realworld_04556,K3,mme_realworld,natural,1,0,KEEP,True,V2.1
T0008,mme_realworld_21337,K3,mme_realworld,count,6,5,WEAK,False,V2.1
T0009,mme_realworld_17728,K3,mme_realworld,text,1,0,KEEP,True,V2.1
T0010,mme_realworld_18806,K3,mme_realworld,text,2,1,KEEP,True,V2.1
T0011,vs_173,K3,vstar,natural,1,0,KEEP,True,V2.1
T0012,mme_realworld_12935,K3,mme_realworld,natural,2,1,KEEP,True,V2.1
T0013,mme_realworld_21284,K3,mme_realworld,count,5,4,WEAK,False,V2.1
T0014,vs_034,K3,vstar,natural,3,2,KEEP,True,V2.1
T0015,mme_realworld_05880,K3,mme_realworld,chart_table,1,0,KEEP,True,V2.1
T0016,mme_realworld_01064,K3,mme_realworld,natural,3,2,KEEP,True,V2.1
T0017,worldbench_0846,K3,worldbench,natural,3,2,WEAK,False,V2.1
T0018,mmmu_pro_std_test_Agriculture_15,K3,mmmu_pro,academic,1,0,KEEP,True,V2.1
T0019,worldbench_0691,K3,worldbench,natural,1,0,WEAK,False,V2.1
T0020,mme_realworld_19477,K3,mme_realworld,text,2,1,UNRESOLVED,False,V2.1
T0021,worldbench_1880,K3,worldbench,academic,1,0,KEEP,True,V2.1
T0022,mme_realworld_18712,K3,mme_realworld,text,2,1,KEEP,True,V2.1
T0023,mmmu_pro_std_test_History_124,K3,mmmu_pro,academic,1,0,KEEP,True,V2.1
T0024,mme_realworld_16791,K3,mme_realworld,text,2,1,KEEP,True,V2.1
T0025,mme_realworld_19749,K3,mme_realworld,count,1,0,KEEP,True,V2.1
T0026,visreason_c4_9,K3,visreason,visual_puzzle,5,4,BAD,False,V2.1
T0027,mmmu_pro_std_test_Basic_Medical_Science_76,K3,mmmu_pro,academic,1,0,KEEP,True,V2.1
T0028,mme_realworld_18438,K3,mme_realworld,text,1,0,KEEP,True,V2.1
T0029,mme_realworld_22678,K3,mme_realworld,natural,1,0,KEEP,True,V2.1
T0030,mme_realworld_15068,K3,mme_realworld,text,1,0,KEEP,True,V2.1
T0031,mmmu_pro_std_test_History_37,K3,mmmu_pro,academic,2,1,KEEP,True,V2.1
T0032,worldbench_0251,K3,worldbench,natural,5,4,BAD,False,V2.1
T0033,worldbench_1175,K3,worldbench,natural,1,0,KEEP,True,V2.1
T0034,visreason_c9_277,K3,visreason,visual_puzzle,1,0,KEEP,True,V2.1
T0035,mmmu_pro_std_validation_Biology_21,K3,mmmu_pro,academic,1,0,KEEP,True,V2.1
T0036,mme_realworld_14246,K3,mme_realworld,text,3,2,WEAK,False,V2.1
T0037,mme_realworld_16927,K3,mme_realworld,text,4,3,WEAK,False,V2.1
R0001,worldbench_1173,K3,worldbench,natural,3,2,BAD,False,V2.2
R0002,mmmu_pro_std_test_Basic_Medical_Science_216,K3,mmmu_pro,academic,1,0,KEEP,True,V2.2
R0003,vs_119,K3,vstar,natural,1,0,KEEP,True,V2.2
R0004,mme_realworld_14576,K3,mme_realworld,text,3,2,WEAK,False,V2.2
R0005,mme_realworld_08054,K3,mme_realworld,chart_table,2,1,KEEP,True,V2.2
R0006,worldbench_1353,K3,worldbench,natural,3,2,WEAK,False,V2.2
R0007,mme_realworld_05042,K3,mme_realworld,chart_table,1,0,KEEP,True,V2.2
R0008,worldbench_0608,K3,worldbench,natural,4,3,WEAK,False,V2.2
R0009,worldbench_1290,K3,worldbench,natural,1,0,KEEP,True,V2.2
R0010,worldbench_1293,K3,worldbench,natural,2,1,KEEP,True,V2.2
R0011,mme_realworld_09246,K3,mme_realworld,chart_table,1,0,KEEP,True,V2.2
R0012,mme_realworld_03047,K3,mme_realworld,count,4,3,KEEP,True,V2.2
R0013,mme_realworld_15246,K3,mme_realworld,text,1,0,KEEP,True,V2.2
R0014,mmmu_pro_std_validation_Mechanical_Engineering_17,K3,mmmu_pro,academic,5,4,WEAK,False,V2.2
R0015,visreason_c10_61,K3,visreason,visual_puzzle,2,1,KEEP,True,V2.2
R0016,mme_realworld_18511,K3,mme_realworld,text,5,4,WEAK,False,V2.2
R0017,mme_realworld_16959,K3,mme_realworld,text,1,0,WEAK,False,V2.2
R0018,vs_061,K3,vstar,natural,2,1,KEEP,True,V2.2
R0019,worldbench_0026,K3,worldbench,count,2,1,KEEP,True,V2.2
R0020,mme_realworld_15144,K3,mme_realworld,text,1,0,KEEP,True,V2.2
R0021,vs_093,K3,vstar,natural,2,1,KEEP,True,V2.2
R0022,visreason_c8_160,K3,visreason,visual_puzzle,7,6,BAD,False,V2.2
R0023,mme_realworld_16083,K3,mme_realworld,text,1,0,KEEP,True,V2.2
R0024,mmmu_pro_std_validation_Clinical_Medicine_3,K3,mmmu_pro,academic,1,0,KEEP,True,V2.2
R0025,mme_realworld_07884,K3,mme_realworld,chart_table,1,0,KEEP,True,V2.2
R0026,visreason_c9_423,K3,visreason,visual_puzzle,1,0,KEEP,True,V2.2
R0027,mme_realworld_16270,K3,mme_realworld,text,8,7,WEAK,False,V2.2
R0028,worldbench_1961,K3,worldbench,natural,1,0,BAD,False,V2.2
R0029,mme_realworld_23605,K3,mme_realworld,natural,1,0,KEEP,True,V2.2
R0030,mmmu_pro_std_test_Energy_and_Power_276,K3,mmmu_pro,academic,1,0,KEEP,True,V2.2
R0031,worldbench_1418,K3,worldbench,count,1,0,KEEP,True,V2.2
R0032,vs_060,K3,vstar,natural,2,1,KEEP,True,V2.2
R0033,mme_realworld_14375,K3,mme_realworld,text,2,1,KEEP,True,V2.2
R0034,visreason_c9_291,K3,visreason,visual_puzzle,6,5,WEAK,False,V2.2
R0035,vs_176,K3,vstar,natural,1,0,KEEP,True,V2.2
R0036,mmmu_pro_std_test_Chemistry_326,K3,mmmu_pro,academic,1,0,WEAK,False,V2.2
R0037,mme_realworld_18961,K3,mme_realworld,text,2,1,KEEP,True,V2.2
R0038,worldbench_0752,K3,worldbench,natural,1,0,KEEP,True,V2.2
R0039,mme_realworld_21995,K3,mme_realworld,count,3,2,WEAK,False,V2.2
R0040,mme_realworld_15152,K3,mme_realworld,text,2,1,BAD,False,V2.2
R0041,worldbench_0583,K3,worldbench,natural,1,0,KEEP,True,V2.2
R0042,worldbench_0671,K3,worldbench,count,2,1,KEEP,True,V2.2
R0043,worldbench_1117,K3,worldbench,natural,3,2,KEEP,True,V2.2
R0044,mme_realworld_12964,K3,mme_realworld,natural,3,2,KEEP,True,V2.2
R0045,vs_084,K3,vstar,natural,3,2,KEEP,True,V2.2
R0046,mmmu_pro_std_test_Public_Health_463,K3,mmmu_pro,academic,1,0,KEEP,True,V2.2
R0047,mme_realworld_15623,K3,mme_realworld,text,2,1,KEEP,True,V2.2
R0048,vs_115,K3,vstar,natural,1,0,KEEP,True,V2.2
R0049,worldbench_1539,K3,worldbench,count,3,2,WEAK,False,V2.2
R0050,mme_realworld_12088,K3,mme_realworld,natural,3,2,KEEP,True,V2.2
R0051,mme_realworld_04015,K3,mme_realworld,natural,2,1,WEAK,False,V2.2
R0052,mme_realworld_06381,K3,mme_realworld,chart_table,1,0,KEEP,True,V2.2
R0053,worldbench_1007,K3,worldbench,natural,1,0,KEEP,True,V2.2
R0054,worldbench_1761,K3,worldbench,count,3,2,KEEP,True,V2.2
R0055,mme_realworld_02697,K3,mme_realworld,count,6,5,UNRESOLVED,False,V2.2
R0056,vs_070,K3,vstar,natural,2,1,KEEP,True,V2.2
R0057,mme_realworld_21382,K3,mme_realworld,count,3,2,KEEP,True,V2.2
R0058,mmmu_pro_std_validation_Chemistry_16,K3,mmmu_pro,academic,1,0,KEEP,True,V2.2
R0059,worldbench_1788,K3,worldbench,count,1,0,KEEP,True,V2.2
R0060,mme_realworld_19458,K3,mme_realworld,text,1,0,KEEP,True,V2.2
R0061,worldbench_0058,K3,worldbench,count,2,1,KEEP,True,V2.2
R0062,mmmu_pro_std_test_Pharmacy_211,K3,mmmu_pro,academic,1,0,KEEP,True,V2.2
R0063,mmmu_pro_std_validation_Physics_4,K3,mmmu_pro,academic,1,0,KEEP,True,V2.2
R0064,visreason_c9_308,K3,visreason,visual_puzzle,4,3,WEAK,False,V2.2
R0065,worldbench_1358,K3,worldbench,natural,2,1,WEAK,False,V2.2
R0066,mme_realworld_22973,K3,mme_realworld,natural,2,1,KEEP,True,V2.2
R0067,mme_realworld_19406,K3,mme_realworld,text,2,1,KEEP,True,V2.2
R0068,worldbench_1188,K3,worldbench,natural,4,3,KEEP,True,V2.2
R0069,mme_realworld_21692,K3,mme_realworld,count,4,3,BAD,False,V2.2
R0070,mmmu_pro_std_validation_Electronics_14,K3,mmmu_pro,academic,1,0,KEEP,True,V2.2
R0071,mmmu_pro_std_test_Diagnostics_and_Laboratory_Medicine_5,K3,mmmu_pro,academic,3,2,UNRESOLVED,False,V2.2
R0072,mmmu_pro_std_test_Music_11,K3,mmmu_pro,academic,5,4,WEAK,False,V2.2
R0073,mme_realworld_18456,K3,mme_realworld,text,2,1,KEEP,True,V2.2
R0074,mme_realworld_15259,K3,mme_realworld,text,1,0,KEEP,True,V2.2
R0075,mme_realworld_20825,K3,mme_realworld,natural,3,2,KEEP,True,V2.2
R0076,mme_realworld_02666,K3,mme_realworld,count,4,3,BAD,False,V2.2
R0077,worldbench_1469,K3,worldbench,natural,1,0,KEEP,True,V2.2
R0078,mme_realworld_02444,K3,mme_realworld,natural,5,4,WEAK,False,V2.2
R0079,mme_realworld_17889,K3,mme_realworld,text,2,1,KEEP,True,V2.2
R0080,mme_realworld_14633,K3,mme_realworld,text,1,0,KEEP,True,V2.2
R0081,mmmu_pro_std_validation_Music_14,K3,mmmu_pro,academic,3,2,WEAK,False,V2.2
R0082,mme_realworld_17952,K3,mme_realworld,text,2,1,KEEP,True,V2.2
R0083,worldbench_1044,K3,worldbench,natural,1,0,KEEP,True,V2.2
R0084,mme_realworld_19965,K3,mme_realworld,natural,2,1,KEEP,True,V2.2
R0085,mme_realworld_15380,K3,mme_realworld,text,2,1,KEEP,True,V2.2
R0086,mmmu_pro_std_test_Agriculture_169,K3,mmmu_pro,academic,1,0,UNRESOLVED,False,V2.2
R0087,mme_realworld_11642,K3,mme_realworld,natural,3,2,KEEP,True,V2.2
R0088,worldbench_1559,K3,worldbench,chart_table,3,2,WEAK,False,V2.2
